TransactionID,TargetValue
1139307,41521.87404705085
1139419,41521.87404705085
1139482,41521.87404705085
1139522,41521.87404705085
1139684,41521.87404705085
1139773,41521.87404705085
1139779,41521.87404705085
1139793,41521.87404705085
1139814,41521.87404705085
1139839,41521.87404705085
1139874,41521.87404705085
1139879,41521.87404705085
1139887,41521.87404705085
1139928,41521.87404705085
1139984,41521.87404705085
1140043,41521.87404705085
1140103,41521.87404705085
1140145,41521.87404705085
1140152,41521.87404705085
1140227,41521.87404705085
1140238,41521.87404705085
1140278,41521.87404705085
1140400,41521.87404705085
1140405,41521.87404705085
1140465,41521.87404705085
1140510,41521.87404705085
1140564,41521.87404705085
1140572,41521.87404705085
1140580,41521.87404705085
1140597,41521.87404705085
1140626,41521.87404705085
1140675,41521.87404705085
1140683,41521.87404705085
1140702,41521.87404705085
1140814,41521.87404705085
1140908,41521.87404705085
1140964,41521.87404705085
1141030,41521.87404705085
1141082,41521.87404705085
1141177,41521.87404705085
1141229,41521.87404705085
1141237,41521.87404705085
1141246,41521.87404705085
1141265,41521.87404705085
1141269,41521.87404705085
1141358,41521.87404705085
1141462,41521.87404705085
1141502,41521.87404705085
1141541,41521.87404705085
1141542,41521.87404705085
1141570,41521.87404705085
1141577,41521.87404705085
1141582,41521.87404705085
1141691,41521.87404705085
1141738,41521.87404705085
1141739,41521.87404705085
1141801,41521.87404705085
1141820,41521.87404705085
1141845,41521.87404705085
1141867,41521.87404705085
1141877,41521.87404705085
1142052,41521.87404705085
1142227,41521.87404705085
1142242,41521.87404705085
1142254,41521.87404705085
1142292,41521.87404705085
1142301,41521.87404705085
1142305,41521.87404705085
1142314,41521.87404705085
1142337,41521.87404705085
1142354,41521.87404705085
1142370,41521.87404705085
1142408,41521.87404705085
1142429,41521.87404705085
1142437,41521.87404705085
1142484,41521.87404705085
1142526,41521.87404705085
1142893,41521.87404705085
1142908,41521.87404705085
1142990,41521.87404705085
1143053,41521.87404705085
1143058,41521.87404705085
1143084,41521.87404705085
1143089,41521.87404705085
1143117,41521.87404705085
1143196,41521.87404705085
1143323,41521.87404705085
1143363,41521.87404705085
1143420,41521.87404705085
1143434,41521.87404705085
1143444,41521.87404705085
1143478,41521.87404705085
1143590,41521.87404705085
1143704,41521.87404705085
1143719,41521.87404705085
1143729,41521.87404705085
1143731,41521.87404705085
1143751,41521.87404705085
1143784,41521.87404705085
1143867,41521.87404705085
1143887,41521.87404705085
1143891,41521.87404705085
1144003,41521.87404705085
1144083,41521.87404705085
1144105,41521.87404705085
1144110,41521.87404705085
1144114,41521.87404705085
1144133,41521.87404705085
1144176,41521.87404705085
1144181,41521.87404705085
1144227,41521.87404705085
1144265,41521.87404705085
1144269,41521.87404705085
1144305,41521.87404705085
1144365,41521.87404705085
1144366,41521.87404705085
1144427,41521.87404705085
1144494,41521.87404705085
1144518,41521.87404705085
1144551,41521.87404705085
1144584,41521.87404705085
1144642,41521.87404705085
1144666,41521.87404705085
1144787,41521.87404705085
1144798,41521.87404705085
1144868,41521.87404705085
1144896,41521.87404705085
1145021,41521.87404705085
1145126,41521.87404705085
1145163,41521.87404705085
1145189,41521.87404705085
1145227,41521.87404705085
1145282,41521.87404705085
1145381,41521.87404705085
1145386,41521.87404705085
1145436,41521.87404705085
1145527,41521.87404705085
1145530,41521.87404705085
1145615,41521.87404705085
1145638,41521.87404705085
1145682,41521.87404705085
1145736,41521.87404705085
1145763,41521.87404705085
1145792,41521.87404705085
1145881,41521.87404705085
1145952,41521.87404705085
1146003,41521.87404705085
1146031,41521.87404705085
1146039,41521.87404705085
1146138,41521.87404705085
1146171,41521.87404705085
1146315,41521.87404705085
1146383,41521.87404705085
1146411,41521.87404705085
1146436,41521.87404705085
1146524,41521.87404705085
1146530,41521.87404705085
1146533,41521.87404705085
1146586,41521.87404705085
1146591,41521.87404705085
1146637,41521.87404705085
1146656,41521.87404705085
1146697,41521.87404705085
1146751,41521.87404705085
1146764,41521.87404705085
1146797,41521.87404705085
1146843,41521.87404705085
1146882,41521.87404705085
1146955,41521.87404705085
1147006,41521.87404705085
1147155,41521.87404705085
1147168,41521.87404705085
1147235,41521.87404705085
1147308,41521.87404705085
1147421,41521.87404705085
1147525,41521.87404705085
1147543,41521.87404705085
1147550,41521.87404705085
1147561,41521.87404705085
1147586,41521.87404705085
1147650,41521.87404705085
1147694,41521.87404705085
1147703,41521.87404705085
1147726,41521.87404705085
1147763,41521.87404705085
1147775,41521.87404705085
1147786,41521.87404705085
1147841,41521.87404705085
1147877,41521.87404705085
1147923,41521.87404705085
1147951,41521.87404705085
1147979,41521.87404705085
1148014,41521.87404705085
1148031,41521.87404705085
1148087,41521.87404705085
1148094,41521.87404705085
1148115,41521.87404705085
1148363,41521.87404705085
1148371,41521.87404705085
1148379,41521.87404705085
1148418,41521.87404705085
1148442,41521.87404705085
1148461,41521.87404705085
1148499,41521.87404705085
1148521,41521.87404705085
1148612,41521.87404705085
1148637,41521.87404705085
1148647,41521.87404705085
1148705,41521.87404705085
1148776,41521.87404705085
1148795,41521.87404705085
1148854,41521.87404705085
1148894,41521.87404705085
1148908,41521.87404705085
1148958,41521.87404705085
1149002,41521.87404705085
1149080,41521.87404705085
1149081,41521.87404705085
1149132,41521.87404705085
1149142,41521.87404705085
1149149,41521.87404705085
1149173,41521.87404705085
1149186,41521.87404705085
1149189,41521.87404705085
1149201,41521.87404705085
1149231,41521.87404705085
1149253,41521.87404705085
1149304,41521.87404705085
1149313,41521.87404705085
1149317,41521.87404705085
1149341,41521.87404705085
1149391,41521.87404705085
1149408,41521.87404705085
1149502,41521.87404705085
1149516,41521.87404705085
1149559,41521.87404705085
1149633,41521.87404705085
1149663,41521.87404705085
1149688,41521.87404705085
1149776,41521.87404705085
1149902,41521.87404705085
1149973,41521.87404705085
1150027,41521.87404705085
1150061,41521.87404705085
1150123,41521.87404705085
1150141,41521.87404705085
1150145,41521.87404705085
1150244,41521.87404705085
1150368,41521.87404705085
1150424,41521.87404705085
1150463,41521.87404705085
1150488,41521.87404705085
1150506,41521.87404705085
1150571,41521.87404705085
1150594,41521.87404705085
1150687,41521.87404705085
1150760,41521.87404705085
1150768,41521.87404705085
1150772,41521.87404705085
1150925,41521.87404705085
1150953,41521.87404705085
1150960,41521.87404705085
1150997,41521.87404705085
1151044,41521.87404705085
1151050,41521.87404705085
1151094,41521.87404705085
1151116,41521.87404705085
1151168,41521.87404705085
1151172,41521.87404705085
1151183,41521.87404705085
1151211,41521.87404705085
1151414,41521.87404705085
1151435,41521.87404705085
1151450,41521.87404705085
1151537,41521.87404705085
1151572,41521.87404705085
1151727,41521.87404705085
1151854,41521.87404705085
1152100,41521.87404705085
1152162,41521.87404705085
1152262,41521.87404705085
1152339,41521.87404705085
1152379,41521.87404705085
1152398,41521.87404705085
1152431,41521.87404705085
1152439,41521.87404705085
1152441,41521.87404705085
1152566,41521.87404705085
1152619,41521.87404705085
1152651,41521.87404705085
1152673,41521.87404705085
1152755,41521.87404705085
1152762,41521.87404705085
1152831,41521.87404705085
1152837,41521.87404705085
1152843,41521.87404705085
1153065,41521.87404705085
1153074,41521.87404705085
1153097,41521.87404705085
1153162,41521.87404705085
1153172,41521.87404705085
1153193,41521.87404705085
1153237,41521.87404705085
1153354,41521.87404705085
1153361,41521.87404705085
1153375,41521.87404705085
1153631,41521.87404705085
1153635,41521.87404705085
1153734,41521.87404705085
1153777,41521.87404705085
1153778,41521.87404705085
1153850,41521.87404705085
1154008,41521.87404705085
1154029,41521.87404705085
1154071,41521.87404705085
1154160,41521.87404705085
1154237,41521.87404705085
1154249,41521.87404705085
1154404,41521.87404705085
1154419,41521.87404705085
1154446,41521.87404705085
1154486,41521.87404705085
1154487,41521.87404705085
1154513,41521.87404705085
1154537,41521.87404705085
1154605,41521.87404705085
1154606,41521.87404705085
1154619,41521.87404705085
1154647,41521.87404705085
1154796,41521.87404705085
1154797,41521.87404705085
1154830,41521.87404705085
1154850,41521.87404705085
1154888,41521.87404705085
1154924,41521.87404705085
1155033,41521.87404705085
1155104,41521.87404705085
1155134,41521.87404705085
1155155,41521.87404705085
1155207,41521.87404705085
1155366,41521.87404705085
1155398,41521.87404705085
1155407,41521.87404705085
1155423,41521.87404705085
1155457,41521.87404705085
1155476,41521.87404705085
1155478,41521.87404705085
1155614,41521.87404705085
1155663,41521.87404705085
1155686,41521.87404705085
1155758,41521.87404705085
1155859,41521.87404705085
1155871,41521.87404705085
1156036,41521.87404705085
1156112,41521.87404705085
1156304,41521.87404705085
1156341,41521.87404705085
1156348,41521.87404705085
1156384,41521.87404705085
1156697,41521.87404705085
1156728,41521.87404705085
1156753,41521.87404705085
1156789,41521.87404705085
1156813,41521.87404705085
1156887,41521.87404705085
1156951,41521.87404705085
1157031,41521.87404705085
1157057,41521.87404705085
1157082,41521.87404705085
1157118,41521.87404705085
1157134,41521.87404705085
1157165,41521.87404705085
1157185,41521.87404705085
1157193,41521.87404705085
1157208,41521.87404705085
1157344,41521.87404705085
1157621,41521.87404705085
1157625,41521.87404705085
1157684,41521.87404705085
1157703,41521.87404705085
1157788,41521.87404705085
1157807,41521.87404705085
1157893,41521.87404705085
1157908,41521.87404705085
1157948,41521.87404705085
1157969,41521.87404705085
1158007,41521.87404705085
1158030,41521.87404705085
1158103,41521.87404705085
1158166,41521.87404705085
1158177,41521.87404705085
1158221,41521.87404705085
1158267,41521.87404705085
1158304,41521.87404705085
1158375,41521.87404705085
1158406,41521.87404705085
1158434,41521.87404705085
1158474,41521.87404705085
1158520,41521.87404705085
1158563,41521.87404705085
1158577,41521.87404705085
1158578,41521.87404705085
1158623,41521.87404705085
1158700,41521.87404705085
1158702,41521.87404705085
1158711,41521.87404705085
1158722,41521.87404705085
1158773,41521.87404705085
1158880,41521.87404705085
1158884,41521.87404705085
1158914,41521.87404705085
1158915,41521.87404705085
1158927,41521.87404705085
1158931,41521.87404705085
1159062,41521.87404705085
1159089,41521.87404705085
1159101,41521.87404705085
1159118,41521.87404705085
1159134,41521.87404705085
1159146,41521.87404705085
1159181,41521.87404705085
1159189,41521.87404705085
1159195,41521.87404705085
1159254,41521.87404705085
1159341,41521.87404705085
1159420,41521.87404705085
1159433,41521.87404705085
1159473,41521.87404705085
1159693,41521.87404705085
1159723,41521.87404705085
1159729,41521.87404705085
1160077,41521.87404705085
1160089,41521.87404705085
1160111,41521.87404705085
1160178,41521.87404705085
1160289,41521.87404705085
1160312,41521.87404705085
1160458,41521.87404705085
1160564,41521.87404705085
1160622,41521.87404705085
1160627,41521.87404705085
1160700,41521.87404705085
1160705,41521.87404705085
1160736,41521.87404705085
1160883,41521.87404705085
1160907,41521.87404705085
1160964,41521.87404705085
1161064,41521.87404705085
1161163,41521.87404705085
1161189,41521.87404705085
1161239,41521.87404705085
1161264,41521.87404705085
1161274,41521.87404705085
1161280,41521.87404705085
1161404,41521.87404705085
1161468,41521.87404705085
1161471,41521.87404705085
1161486,41521.87404705085
1161516,41521.87404705085
1161550,41521.87404705085
1161561,41521.87404705085
1161718,41521.87404705085
1161726,41521.87404705085
1161739,41521.87404705085
1161744,41521.87404705085
1161981,41521.87404705085
1162002,41521.87404705085
1162115,41521.87404705085
1162125,41521.87404705085
1162152,41521.87404705085
1162220,41521.87404705085
1162250,41521.87404705085
1162276,41521.87404705085
1162418,41521.87404705085
1162427,41521.87404705085
1162611,41521.87404705085
1162658,41521.87404705085
1162689,41521.87404705085
1162769,41521.87404705085
1162929,41521.87404705085
1162952,41521.87404705085
1162965,41521.87404705085
1162972,41521.87404705085
1162991,41521.87404705085
1162998,41521.87404705085
1163038,41521.87404705085
1163074,41521.87404705085
1163084,41521.87404705085
1163098,41521.87404705085
1163123,41521.87404705085
1163174,41521.87404705085
1163218,41521.87404705085
1163303,41521.87404705085
1163318,41521.87404705085
1163375,41521.87404705085
1163378,41521.87404705085
1163457,41521.87404705085
1163470,41521.87404705085
1163481,41521.87404705085
1163502,41521.87404705085
1163697,41521.87404705085
1163700,41521.87404705085
1163740,41521.87404705085
1163774,41521.87404705085
1163811,41521.87404705085
1163813,41521.87404705085
1163864,41521.87404705085
1163905,41521.87404705085
1163918,41521.87404705085
1164006,41521.87404705085
1164088,41521.87404705085
1164162,41521.87404705085
1164201,41521.87404705085
1164260,41521.87404705085
1164296,41521.87404705085
1164306,41521.87404705085
1164397,41521.87404705085
1164515,41521.87404705085
1164520,41521.87404705085
1164675,41521.87404705085
1164687,41521.87404705085
1164725,41521.87404705085
1164844,41521.87404705085
1164999,41521.87404705085
1165092,41521.87404705085
1165145,41521.87404705085
1165227,41521.87404705085
1165305,41521.87404705085
1165382,41521.87404705085
1165461,41521.87404705085
1165546,41521.87404705085
1165585,41521.87404705085
1165586,41521.87404705085
1165607,41521.87404705085
1165656,41521.87404705085
1165725,41521.87404705085
1165728,41521.87404705085
1165771,41521.87404705085
1165788,41521.87404705085
1165819,41521.87404705085
1165890,41521.87404705085
1166010,41521.87404705085
1166011,41521.87404705085
1166126,41521.87404705085
1166138,41521.87404705085
1166141,41521.87404705085
1166162,41521.87404705085
1166263,41521.87404705085
1166314,41521.87404705085
1166478,41521.87404705085
1166538,41521.87404705085
1166576,41521.87404705085
1166585,41521.87404705085
1166621,41521.87404705085
1166728,41521.87404705085
1166739,41521.87404705085
1166802,41521.87404705085
1166822,41521.87404705085
1166829,41521.87404705085
1166851,41521.87404705085
1166939,41521.87404705085
1167140,41521.87404705085
1167156,41521.87404705085
1167176,41521.87404705085
1167178,41521.87404705085
1167204,41521.87404705085
1167266,41521.87404705085
1167271,41521.87404705085
1167287,41521.87404705085
1167355,41521.87404705085
1167503,41521.87404705085
1167526,41521.87404705085
1167615,41521.87404705085
1167636,41521.87404705085
1167715,41521.87404705085
1167723,41521.87404705085
1167770,41521.87404705085
1167803,41521.87404705085
1167816,41521.87404705085
1167825,41521.87404705085
1167839,41521.87404705085
1167863,41521.87404705085
1167897,41521.87404705085
1167923,41521.87404705085
1167937,41521.87404705085
1167942,41521.87404705085
1168117,41521.87404705085
1168121,41521.87404705085
1168199,41521.87404705085
1168214,41521.87404705085
1168230,41521.87404705085
1168242,41521.87404705085
1168353,41521.87404705085
1168359,41521.87404705085
1168391,41521.87404705085
1168401,41521.87404705085
1168438,41521.87404705085
1168440,41521.87404705085
1168483,41521.87404705085
1168516,41521.87404705085
1168559,41521.87404705085
1168587,41521.87404705085
1168649,41521.87404705085
1168766,41521.87404705085
1168812,41521.87404705085
1168823,41521.87404705085
1168899,41521.87404705085
1168932,41521.87404705085
1168947,41521.87404705085
1168969,41521.87404705085
1168977,41521.87404705085
1169007,41521.87404705085
1169029,41521.87404705085
1169153,41521.87404705085
1169202,41521.87404705085
1169228,41521.87404705085
1169273,41521.87404705085
1169289,41521.87404705085
1169326,41521.87404705085
1169344,41521.87404705085
1169478,41521.87404705085
1169482,41521.87404705085
1169510,41521.87404705085
1169712,41521.87404705085
1169721,41521.87404705085
1169738,41521.87404705085
1169851,41521.87404705085
1169964,41521.87404705085
1170038,41521.87404705085
1170081,41521.87404705085
1170177,41521.87404705085
1170293,41521.87404705085
1170331,41521.87404705085
1170348,41521.87404705085
1170435,41521.87404705085
1170677,41521.87404705085
1170777,41521.87404705085
1170814,41521.87404705085
1170815,41521.87404705085
1170838,41521.87404705085
1170892,41521.87404705085
1170981,41521.87404705085
1170990,41521.87404705085
1171021,41521.87404705085
1171102,41521.87404705085
1171104,41521.87404705085
1171107,41521.87404705085
1171220,41521.87404705085
1171274,41521.87404705085
1171390,41521.87404705085
1171443,41521.87404705085
1171588,41521.87404705085
1171758,41521.87404705085
1171803,41521.87404705085
1171823,41521.87404705085
1171868,41521.87404705085
1171887,41521.87404705085
1171889,41521.87404705085
1172102,41521.87404705085
1172108,41521.87404705085
1172134,41521.87404705085
1172148,41521.87404705085
1172358,41521.87404705085
1172433,41521.87404705085
1172474,41521.87404705085
1172571,41521.87404705085
1172586,41521.87404705085
1172605,41521.87404705085
1172654,41521.87404705085
1172716,41521.87404705085
1172727,41521.87404705085
1172787,41521.87404705085
1172900,41521.87404705085
1172964,41521.87404705085
1172982,41521.87404705085
1173189,41521.87404705085
1173346,41521.87404705085
1173453,41521.87404705085
1173462,41521.87404705085
1173589,41521.87404705085
1173599,41521.87404705085
1173627,41521.87404705085
1173634,41521.87404705085
1173672,41521.87404705085
1173704,41521.87404705085
1173758,41521.87404705085
1173765,41521.87404705085
1173791,41521.87404705085
1173792,41521.87404705085
1173794,41521.87404705085
1173798,41521.87404705085
1173803,41521.87404705085
1173824,41521.87404705085
1173878,41521.87404705085
1173895,41521.87404705085
1173946,41521.87404705085
1173948,41521.87404705085
1173949,41521.87404705085
1173989,41521.87404705085
1174017,41521.87404705085
1174108,41521.87404705085
1174114,41521.87404705085
1174185,41521.87404705085
1174207,41521.87404705085
1174226,41521.87404705085
1174264,41521.87404705085
1174267,41521.87404705085
1174278,41521.87404705085
1174284,41521.87404705085
1174309,41521.87404705085
1174318,41521.87404705085
1174382,41521.87404705085
1174386,41521.87404705085
1174392,41521.87404705085
1174415,41521.87404705085
1174489,41521.87404705085
1174592,41521.87404705085
1174600,41521.87404705085
1174616,41521.87404705085
1174639,41521.87404705085
1174694,41521.87404705085
1174705,41521.87404705085
1174747,41521.87404705085
1174792,41521.87404705085
1174830,41521.87404705085
1174871,41521.87404705085
1174874,41521.87404705085
1174928,41521.87404705085
1174941,41521.87404705085
1174959,41521.87404705085
1174961,41521.87404705085
1174976,41521.87404705085
1174978,41521.87404705085
1174986,41521.87404705085
1174999,41521.87404705085
1175061,41521.87404705085
1175069,41521.87404705085
1175074,41521.87404705085
1175233,41521.87404705085
1175236,41521.87404705085
1175281,41521.87404705085
1175335,41521.87404705085
1175339,41521.87404705085
1175430,41521.87404705085
1175436,41521.87404705085
1175438,41521.87404705085
1175588,41521.87404705085
1175623,41521.87404705085
1175682,41521.87404705085
1175723,41521.87404705085
1175725,41521.87404705085
1175729,41521.87404705085
1175736,41521.87404705085
1175739,41521.87404705085
1175761,41521.87404705085
1175799,41521.87404705085
1175827,41521.87404705085
1175830,41521.87404705085
1175873,41521.87404705085
1175886,41521.87404705085
1175889,41521.87404705085
1175917,41521.87404705085
1176028,41521.87404705085
1176104,41521.87404705085
1176131,41521.87404705085
1176132,41521.87404705085
1176134,41521.87404705085
1176135,41521.87404705085
1176150,41521.87404705085
1176159,41521.87404705085
1176194,41521.87404705085
1176218,41521.87404705085
1176241,41521.87404705085
1176253,41521.87404705085
1176296,41521.87404705085
1176301,41521.87404705085
1176366,41521.87404705085
1176373,41521.87404705085
1176615,41521.87404705085
1176644,41521.87404705085
1176657,41521.87404705085
1176660,41521.87404705085
1176665,41521.87404705085
1176717,41521.87404705085
1176797,41521.87404705085
1176875,41521.87404705085
1176913,41521.87404705085
1176920,41521.87404705085
1176927,41521.87404705085
1176961,41521.87404705085
1176967,41521.87404705085
1176977,41521.87404705085
1176986,41521.87404705085
1177054,41521.87404705085
1177153,41521.87404705085
1177197,41521.87404705085
1177267,41521.87404705085
1177330,41521.87404705085
1177335,41521.87404705085
1177402,41521.87404705085
1177415,41521.87404705085
1177426,41521.87404705085
1177448,41521.87404705085
1177607,41521.87404705085
1177608,41521.87404705085
1177621,41521.87404705085
1177623,41521.87404705085
1177723,41521.87404705085
1177816,41521.87404705085
1177829,41521.87404705085
1177884,41521.87404705085
1178012,41521.87404705085
1178063,41521.87404705085
1178064,41521.87404705085
1178069,41521.87404705085
1178124,41521.87404705085
1178143,41521.87404705085
1178170,41521.87404705085
1178189,41521.87404705085
1178356,41521.87404705085
1178383,41521.87404705085
1178491,41521.87404705085
1178715,41521.87404705085
1178858,41521.87404705085
1178916,41521.87404705085
1178994,41521.87404705085
1179009,41521.87404705085
1179085,41521.87404705085
1179086,41521.87404705085
1179097,41521.87404705085
1179114,41521.87404705085
1179115,41521.87404705085
1179117,41521.87404705085
1179156,41521.87404705085
1179158,41521.87404705085
1179166,41521.87404705085
1179200,41521.87404705085
1179337,41521.87404705085
1179443,41521.87404705085
1179451,41521.87404705085
1179528,41521.87404705085
1179529,41521.87404705085
1179545,41521.87404705085
1179565,41521.87404705085
1179618,41521.87404705085
1179654,41521.87404705085
1179682,41521.87404705085
1179732,41521.87404705085
1179779,41521.87404705085
1179809,41521.87404705085
1179820,41521.87404705085
1179865,41521.87404705085
1179945,41521.87404705085
1179953,41521.87404705085
1179960,41521.87404705085
1179969,41521.87404705085
1179981,41521.87404705085
1180005,41521.87404705085
1180006,41521.87404705085
1180075,41521.87404705085
1180142,41521.87404705085
1180148,41521.87404705085
1180352,41521.87404705085
1180489,41521.87404705085
1180499,41521.87404705085
1180540,41521.87404705085
1180629,41521.87404705085
1180685,41521.87404705085
1180819,41521.87404705085
1180857,41521.87404705085
1180867,41521.87404705085
1180927,41521.87404705085
1181065,41521.87404705085
1181076,41521.87404705085
1181086,41521.87404705085
1181163,41521.87404705085
1181170,41521.87404705085
1181295,41521.87404705085
1181328,41521.87404705085
1181362,41521.87404705085
1181390,41521.87404705085
1181419,41521.87404705085
1181734,41521.87404705085
1181749,41521.87404705085
1181779,41521.87404705085
1181805,41521.87404705085
1181823,41521.87404705085
1181858,41521.87404705085
1181907,41521.87404705085
1181973,41521.87404705085
1182088,41521.87404705085
1182092,41521.87404705085
1182096,41521.87404705085
1182123,41521.87404705085
1182185,41521.87404705085
1182347,41521.87404705085
1182349,41521.87404705085
1182482,41521.87404705085
1182500,41521.87404705085
1182514,41521.87404705085
1182518,41521.87404705085
1182620,41521.87404705085
1182621,41521.87404705085
1182672,41521.87404705085
1182674,41521.87404705085
1182714,41521.87404705085
1182800,41521.87404705085
1182831,41521.87404705085
1182899,41521.87404705085
1183057,41521.87404705085
1183074,41521.87404705085
1183095,41521.87404705085
1183124,41521.87404705085
1183150,41521.87404705085
1183172,41521.87404705085
1183177,41521.87404705085
1183248,41521.87404705085
1183256,41521.87404705085
1183333,41521.87404705085
1183344,41521.87404705085
1183348,41521.87404705085
1183386,41521.87404705085
1183435,41521.87404705085
1183438,41521.87404705085
1183447,41521.87404705085
1183650,41521.87404705085
1183654,41521.87404705085
1183656,41521.87404705085
1183679,41521.87404705085
1183766,41521.87404705085
1183779,41521.87404705085
1183810,41521.87404705085
1183857,41521.87404705085
1183884,41521.87404705085
1183888,41521.87404705085
1183940,41521.87404705085
1183950,41521.87404705085
1183953,41521.87404705085
1184040,41521.87404705085
1184060,41521.87404705085
1184100,41521.87404705085
1184110,41521.87404705085
1184113,41521.87404705085
1184136,41521.87404705085
1184166,41521.87404705085
1184230,41521.87404705085
1184515,41521.87404705085
1184536,41521.87404705085
1184604,41521.87404705085
1184608,41521.87404705085
1184616,41521.87404705085
1184637,41521.87404705085
1184638,41521.87404705085
1184640,41521.87404705085
1184666,41521.87404705085
1184686,41521.87404705085
1184694,41521.87404705085
1184696,41521.87404705085
1184713,41521.87404705085
1184714,41521.87404705085
1184717,41521.87404705085
1184729,41521.87404705085
1184735,41521.87404705085
1184740,41521.87404705085
1184750,41521.87404705085
1184752,41521.87404705085
1184775,41521.87404705085
1184866,41521.87404705085
1184879,41521.87404705085
1184885,41521.87404705085
1184931,41521.87404705085
1184972,41521.87404705085
1184990,41521.87404705085
1184994,41521.87404705085
1185051,41521.87404705085
1185290,41521.87404705085
1185307,41521.87404705085
1185351,41521.87404705085
1185399,41521.87404705085
1185405,41521.87404705085
1185415,41521.87404705085
1185497,41521.87404705085
1185503,41521.87404705085
1185568,41521.87404705085
1185598,41521.87404705085
1185618,41521.87404705085
1185633,41521.87404705085
1185665,41521.87404705085
1185717,41521.87404705085
1185845,41521.87404705085
1185856,41521.87404705085
1185953,41521.87404705085
1185959,41521.87404705085
1186185,41521.87404705085
1186191,41521.87404705085
1186291,41521.87404705085
1186306,41521.87404705085
1186318,41521.87404705085
1186321,41521.87404705085
1186342,41521.87404705085
1186430,41521.87404705085
1186442,41521.87404705085
1186483,41521.87404705085
1186499,41521.87404705085
1186516,41521.87404705085
1186543,41521.87404705085
1186629,41521.87404705085
1186700,41521.87404705085
1186771,41521.87404705085
1186783,41521.87404705085
1186827,41521.87404705085
1186866,41521.87404705085
1186882,41521.87404705085
1186908,41521.87404705085
1186967,41521.87404705085
1187114,41521.87404705085
1187129,41521.87404705085
1187134,41521.87404705085
1187156,41521.87404705085
1187169,41521.87404705085
1187186,41521.87404705085
1187209,41521.87404705085
1187238,41521.87404705085
1187253,41521.87404705085
1187331,41521.87404705085
1187407,41521.87404705085
1187411,41521.87404705085
1187415,41521.87404705085
1187511,41521.87404705085
1187612,41521.87404705085
1187619,41521.87404705085
1187620,41521.87404705085
1187621,41521.87404705085
1187622,41521.87404705085
1187639,41521.87404705085
1187643,41521.87404705085
1187742,41521.87404705085
1187819,41521.87404705085
1187904,41521.87404705085
1187962,41521.87404705085
1187985,41521.87404705085
1188055,41521.87404705085
1188061,41521.87404705085
1188075,41521.87404705085
1188076,41521.87404705085
1188077,41521.87404705085
1188185,41521.87404705085
1188264,41521.87404705085
1188302,41521.87404705085
1188323,41521.87404705085
1188331,41521.87404705085
1188536,41521.87404705085
1188631,41521.87404705085
1188640,41521.87404705085
1188646,41521.87404705085
1188716,41521.87404705085
1188742,41521.87404705085
1188777,41521.87404705085
1188936,41521.87404705085
1189022,41521.87404705085
1189058,41521.87404705085
1189127,41521.87404705085
1189211,41521.87404705085
1189275,41521.87404705085
1189292,41521.87404705085
1189488,41521.87404705085
1189505,41521.87404705085
1189535,41521.87404705085
1189578,41521.87404705085
1189617,41521.87404705085
1189632,41521.87404705085
1189714,41521.87404705085
1189720,41521.87404705085
1189758,41521.87404705085
1189760,41521.87404705085
1189787,41521.87404705085
1189799,41521.87404705085
1189806,41521.87404705085
1189885,41521.87404705085
1189992,41521.87404705085
1190188,41521.87404705085
1190279,41521.87404705085
1190386,41521.87404705085
1190451,41521.87404705085
1190498,41521.87404705085
1190567,41521.87404705085
1190588,41521.87404705085
1190687,41521.87404705085
1190709,41521.87404705085
1190822,41521.87404705085
1190844,41521.87404705085
1190892,41521.87404705085
1190955,41521.87404705085
1191181,41521.87404705085
1191319,41521.87404705085
1191322,41521.87404705085
1191342,41521.87404705085
1191366,41521.87404705085
1191453,41521.87404705085
1191577,41521.87404705085
1192000,41521.87404705085
1192064,41521.87404705085
1192076,41521.87404705085
1192096,41521.87404705085
1192104,41521.87404705085
1192131,41521.87404705085
1192142,41521.87404705085
1192144,41521.87404705085
1192161,41521.87404705085
1192204,41521.87404705085
1192750,41521.87404705085
1192815,41521.87404705085
1192837,41521.87404705085
1193079,41521.87404705085
1193145,41521.87404705085
1193410,41521.87404705085
1193503,41521.87404705085
1193559,41521.87404705085
1193569,41521.87404705085
1193588,41521.87404705085
1193596,41521.87404705085
1193790,41521.87404705085
1193791,41521.87404705085
1193860,41521.87404705085
1193880,41521.87404705085
1193943,41521.87404705085
1193965,41521.87404705085
1193982,41521.87404705085
1193992,41521.87404705085
1193995,41521.87404705085
1194024,41521.87404705085
1194050,41521.87404705085
1194134,41521.87404705085
1194225,41521.87404705085
1194290,41521.87404705085
1194329,41521.87404705085
1194509,41521.87404705085
1194542,41521.87404705085
1194586,41521.87404705085
1194607,41521.87404705085
1194615,41521.87404705085
1194617,41521.87404705085
1194619,41521.87404705085
1194623,41521.87404705085
1194687,41521.87404705085
1194795,41521.87404705085
1194960,41521.87404705085
1194995,41521.87404705085
1195007,41521.87404705085
1195031,41521.87404705085
1195072,41521.87404705085
1195101,41521.87404705085
1195144,41521.87404705085
1195233,41521.87404705085
1195238,41521.87404705085
1195406,41521.87404705085
1195484,41521.87404705085
1195494,41521.87404705085
1195502,41521.87404705085
1195522,41521.87404705085
1195526,41521.87404705085
1195540,41521.87404705085
1195598,41521.87404705085
1195599,41521.87404705085
1195781,41521.87404705085
1195787,41521.87404705085
1195798,41521.87404705085
1195803,41521.87404705085
1195805,41521.87404705085
1195860,41521.87404705085
1196126,41521.87404705085
1196152,41521.87404705085
1196164,41521.87404705085
1196405,41521.87404705085
1196428,41521.87404705085
1196453,41521.87404705085
1196782,41521.87404705085
1196973,41521.87404705085
1197006,41521.87404705085
1197007,41521.87404705085
1197036,41521.87404705085
1197039,41521.87404705085
1197106,41521.87404705085
1197241,41521.87404705085
1197285,41521.87404705085
1197357,41521.87404705085
1197438,41521.87404705085
1197471,41521.87404705085
1197477,41521.87404705085
1197488,41521.87404705085
1197497,41521.87404705085
1197582,41521.87404705085
1197583,41521.87404705085
1197592,41521.87404705085
1197640,41521.87404705085
1197643,41521.87404705085
1197686,41521.87404705085
1197715,41521.87404705085
1197717,41521.87404705085
1198003,41521.87404705085
1198087,41521.87404705085
1198100,41521.87404705085
1198128,41521.87404705085
1198160,41521.87404705085
1198170,41521.87404705085
1198314,41521.87404705085
1198329,41521.87404705085
1198348,41521.87404705085
1198537,41521.87404705085
1198639,41521.87404705085
1198870,41521.87404705085
1198873,41521.87404705085
1198884,41521.87404705085
1198892,41521.87404705085
1198911,41521.87404705085
1199036,41521.87404705085
1199074,41521.87404705085
1199124,41521.87404705085
1199240,41521.87404705085
1199276,41521.87404705085
1199351,41521.87404705085
1199392,41521.87404705085
1199495,41521.87404705085
1199534,41521.87404705085
1199541,41521.87404705085
1199553,41521.87404705085
1199564,41521.87404705085
1199589,41521.87404705085
1199595,41521.87404705085
1199618,41521.87404705085
1199708,41521.87404705085
1199781,41521.87404705085
1199848,41521.87404705085
1199855,41521.87404705085
1199875,41521.87404705085
1199894,41521.87404705085
1199947,41521.87404705085
1200039,41521.87404705085
1200047,41521.87404705085
1200180,41521.87404705085
1200295,41521.87404705085
1200532,41521.87404705085
1200571,41521.87404705085
1200576,41521.87404705085
1200622,41521.87404705085
1200623,41521.87404705085
1200711,41521.87404705085
1200725,41521.87404705085
1200744,41521.87404705085
1200746,41521.87404705085
1200753,41521.87404705085
1200756,41521.87404705085
1200833,41521.87404705085
1200871,41521.87404705085
1200893,41521.87404705085
1200932,41521.87404705085
1201037,41521.87404705085
1201044,41521.87404705085
1201053,41521.87404705085
1201088,41521.87404705085
1201151,41521.87404705085
1201209,41521.87404705085
1201405,41521.87404705085
1201428,41521.87404705085
1201477,41521.87404705085
1201525,41521.87404705085
1201582,41521.87404705085
1201614,41521.87404705085
1201705,41521.87404705085
1201708,41521.87404705085
1201836,41521.87404705085
1201842,41521.87404705085
1202020,41521.87404705085
1202233,41521.87404705085
1202273,41521.87404705085
1202382,41521.87404705085
1202402,41521.87404705085
1202419,41521.87404705085
1202435,41521.87404705085
1202513,41521.87404705085
1202607,41521.87404705085
1202657,41521.87404705085
1202689,41521.87404705085
1202724,41521.87404705085
1202742,41521.87404705085
1202797,41521.87404705085
1202857,41521.87404705085
1202891,41521.87404705085
1202913,41521.87404705085
1202925,41521.87404705085
1202958,41521.87404705085
1202991,41521.87404705085
1203030,41521.87404705085
1203095,41521.87404705085
1203098,41521.87404705085
1203105,41521.87404705085
1203130,41521.87404705085
1203144,41521.87404705085
1203222,41521.87404705085
1203258,41521.87404705085
1203259,41521.87404705085
1203260,41521.87404705085
1203330,41521.87404705085
1203435,41521.87404705085
1203518,41521.87404705085
1203596,41521.87404705085
1203678,41521.87404705085
1203679,41521.87404705085
1203688,41521.87404705085
1203718,41521.87404705085
1203895,41521.87404705085
1203906,41521.87404705085
1203939,41521.87404705085
1203965,41521.87404705085
1203999,41521.87404705085
1204038,41521.87404705085
1204124,41521.87404705085
1204152,41521.87404705085
1204209,41521.87404705085
1204231,41521.87404705085
1204232,41521.87404705085
1204341,41521.87404705085
1204360,41521.87404705085
1204430,41521.87404705085
1204557,41521.87404705085
1204586,41521.87404705085
1204590,41521.87404705085
1204617,41521.87404705085
1204649,41521.87404705085
1204686,41521.87404705085
1204699,41521.87404705085
1204862,41521.87404705085
1204922,41521.87404705085
1204930,41521.87404705085
1204999,41521.87404705085
1205008,41521.87404705085
1205011,41521.87404705085
1205026,41521.87404705085
1205051,41521.87404705085
1205207,41521.87404705085
1205227,41521.87404705085
1205236,41521.87404705085
1205260,41521.87404705085
1205263,41521.87404705085
1205387,41521.87404705085
1205453,41521.87404705085
1205491,41521.87404705085
1205569,41521.87404705085
1205571,41521.87404705085
1205790,41521.87404705085
1205791,41521.87404705085
1205838,41521.87404705085
1205883,41521.87404705085
1205913,41521.87404705085
1206024,41521.87404705085
1206086,41521.87404705085
1206090,41521.87404705085
1206107,41521.87404705085
1206200,41521.87404705085
1206270,41521.87404705085
1206349,41521.87404705085
1206375,41521.87404705085
1206397,41521.87404705085
1206408,41521.87404705085
1206445,41521.87404705085
1206485,41521.87404705085
1206496,41521.87404705085
1206516,41521.87404705085
1206525,41521.87404705085
1206542,41521.87404705085
1206549,41521.87404705085
1206634,41521.87404705085
1206666,41521.87404705085
1206673,41521.87404705085
1206681,41521.87404705085
1206876,41521.87404705085
1206977,41521.87404705085
1207026,41521.87404705085
1207036,41521.87404705085
1207038,41521.87404705085
1207040,41521.87404705085
1207043,41521.87404705085
1207129,41521.87404705085
1207246,41521.87404705085
1207372,41521.87404705085
1207536,41521.87404705085
1207541,41521.87404705085
1207586,41521.87404705085
1207593,41521.87404705085
1207601,41521.87404705085
1207615,41521.87404705085
1207621,41521.87404705085
1207671,41521.87404705085
1207690,41521.87404705085
1207706,41521.87404705085
1207708,41521.87404705085
1207755,41521.87404705085
1207757,41521.87404705085
1207802,41521.87404705085
1207813,41521.87404705085
1208024,41521.87404705085
1208027,41521.87404705085
1208101,41521.87404705085
1208161,41521.87404705085
1208170,41521.87404705085
1208199,41521.87404705085
1208265,41521.87404705085
1208339,41521.87404705085
1208367,41521.87404705085
1208371,41521.87404705085
1208398,41521.87404705085
1208803,41521.87404705085
1208918,41521.87404705085
1208972,41521.87404705085
1209279,41521.87404705085
1209300,41521.87404705085
1209303,41521.87404705085
1209405,41521.87404705085
1209491,41521.87404705085
1209527,41521.87404705085
1209547,41521.87404705085
1209593,41521.87404705085
1209771,41521.87404705085
1209906,41521.87404705085
1209909,41521.87404705085
1209996,41521.87404705085
1210105,41521.87404705085
1210145,41521.87404705085
1210158,41521.87404705085
1210186,41521.87404705085
1210239,41521.87404705085
1210300,41521.87404705085
1210343,41521.87404705085
1210360,41521.87404705085
1210366,41521.87404705085
1210376,41521.87404705085
1210378,41521.87404705085
1210380,41521.87404705085
1210521,41521.87404705085
1210586,41521.87404705085
1210678,41521.87404705085
1210681,41521.87404705085
1210685,41521.87404705085
1210699,41521.87404705085
1210715,41521.87404705085
1210736,41521.87404705085
1210745,41521.87404705085
1210827,41521.87404705085
1210828,41521.87404705085
1210923,41521.87404705085
1210959,41521.87404705085
1210977,41521.87404705085
1211031,41521.87404705085
1211168,41521.87404705085
1211279,41521.87404705085
1211280,41521.87404705085
1211470,41521.87404705085
1211499,41521.87404705085
1211567,41521.87404705085
1211576,41521.87404705085
1211741,41521.87404705085
1211773,41521.87404705085
1211793,41521.87404705085
1211821,41521.87404705085
1211846,41521.87404705085
1211873,41521.87404705085
1211968,41521.87404705085
1211969,41521.87404705085
1211972,41521.87404705085
1211973,41521.87404705085
1211975,41521.87404705085
1211980,41521.87404705085
1212014,41521.87404705085
1212016,41521.87404705085
1212060,41521.87404705085
1212114,41521.87404705085
1212168,41521.87404705085
1212205,41521.87404705085
1212223,41521.87404705085
1212292,41521.87404705085
1212337,41521.87404705085
1212372,41521.87404705085
1212386,41521.87404705085
1212390,41521.87404705085
1212454,41521.87404705085
1212461,41521.87404705085
1212487,41521.87404705085
1212516,41521.87404705085
1212607,41521.87404705085
1212661,41521.87404705085
1212665,41521.87404705085
1212667,41521.87404705085
1212682,41521.87404705085
1212688,41521.87404705085
1212761,41521.87404705085
1212774,41521.87404705085
1212776,41521.87404705085
1212826,41521.87404705085
1212863,41521.87404705085
1212881,41521.87404705085
1212899,41521.87404705085
1212920,41521.87404705085
1212967,41521.87404705085
1213018,41521.87404705085
1213094,41521.87404705085
1213101,41521.87404705085
1213111,41521.87404705085
1213121,41521.87404705085
1213165,41521.87404705085
1213167,41521.87404705085
1213195,41521.87404705085
1213254,41521.87404705085
1213293,41521.87404705085
1213488,41521.87404705085
1213586,41521.87404705085
1213799,41521.87404705085
1213869,41521.87404705085
1213871,41521.87404705085
1213994,41521.87404705085
1214023,41521.87404705085
1214120,41521.87404705085
1214135,41521.87404705085
1214147,41521.87404705085
1214154,41521.87404705085
1214253,41521.87404705085
1214277,41521.87404705085
1214332,41521.87404705085
1214398,41521.87404705085
1214457,41521.87404705085
1214541,41521.87404705085
1214572,41521.87404705085
1214743,41521.87404705085
1214798,41521.87404705085
1214940,41521.87404705085
1215011,41521.87404705085
1215054,41521.87404705085
1215065,41521.87404705085
1215091,41521.87404705085
1215106,41521.87404705085
1215107,41521.87404705085
1215116,41521.87404705085
1215161,41521.87404705085
1215175,41521.87404705085
1215185,41521.87404705085
1215188,41521.87404705085
1215289,41521.87404705085
1215303,41521.87404705085
1215305,41521.87404705085
1215312,41521.87404705085
1215318,41521.87404705085
1215367,41521.87404705085
1215391,41521.87404705085
1215403,41521.87404705085
1215434,41521.87404705085
1215459,41521.87404705085
1215541,41521.87404705085
1215669,41521.87404705085
1215672,41521.87404705085
1215683,41521.87404705085
1215693,41521.87404705085
1215702,41521.87404705085
1215751,41521.87404705085
1215881,41521.87404705085
1216031,41521.87404705085
1216037,41521.87404705085
1216068,41521.87404705085
1216078,41521.87404705085
1216080,41521.87404705085
1216090,41521.87404705085
1216134,41521.87404705085
1216380,41521.87404705085
1216427,41521.87404705085
1216444,41521.87404705085
1216466,41521.87404705085
1216467,41521.87404705085
1216570,41521.87404705085
1216638,41521.87404705085
1217017,41521.87404705085
1217068,41521.87404705085
1217089,41521.87404705085
1217138,41521.87404705085
1217175,41521.87404705085
1217181,41521.87404705085
1217237,41521.87404705085
1217264,41521.87404705085
1217297,41521.87404705085
1217341,41521.87404705085
1217420,41521.87404705085
1217453,41521.87404705085
1217459,41521.87404705085
1217536,41521.87404705085
1217685,41521.87404705085
1217768,41521.87404705085
1217781,41521.87404705085
1217860,41521.87404705085
1217913,41521.87404705085
1218060,41521.87404705085
1218074,41521.87404705085
1218141,41521.87404705085
1218237,41521.87404705085
1218260,41521.87404705085
1218294,41521.87404705085
1218307,41521.87404705085
1218309,41521.87404705085
1218380,41521.87404705085
1218457,41521.87404705085
1218514,41521.87404705085
1218527,41521.87404705085
1218534,41521.87404705085
1218584,41521.87404705085
1218665,41521.87404705085
1218675,41521.87404705085
1218775,41521.87404705085
1218865,41521.87404705085
1218890,41521.87404705085
1219149,41521.87404705085
1219195,41521.87404705085
1219196,41521.87404705085
1219313,41521.87404705085
1219367,41521.87404705085
1219381,41521.87404705085
1219402,41521.87404705085
1219550,41521.87404705085
1219551,41521.87404705085
1219669,41521.87404705085
1219742,41521.87404705085
1219751,41521.87404705085
1219754,41521.87404705085
1219836,41521.87404705085
1219844,41521.87404705085
1219849,41521.87404705085
1219971,41521.87404705085
1220070,41521.87404705085
1220071,41521.87404705085
1220163,41521.87404705085
1220168,41521.87404705085
1220190,41521.87404705085
1220311,41521.87404705085
1220330,41521.87404705085
1220352,41521.87404705085
1220400,41521.87404705085
1220408,41521.87404705085
1220409,41521.87404705085
1220432,41521.87404705085
1220512,41521.87404705085
1220518,41521.87404705085
1220542,41521.87404705085
1220887,41521.87404705085
1220939,41521.87404705085
1220947,41521.87404705085
1221080,41521.87404705085
1221117,41521.87404705085
1221126,41521.87404705085
1221166,41521.87404705085
1221205,41521.87404705085
1221302,41521.87404705085
1221417,41521.87404705085
1221536,41521.87404705085
1221575,41521.87404705085
1221655,41521.87404705085
1221753,41521.87404705085
1221824,41521.87404705085
1221891,41521.87404705085
1221902,41521.87404705085
1221911,41521.87404705085
1222043,41521.87404705085
1222051,41521.87404705085
1222058,41521.87404705085
1222128,41521.87404705085
1222129,41521.87404705085
1222145,41521.87404705085
1222371,41521.87404705085
1222409,41521.87404705085
1222503,41521.87404705085
1222514,41521.87404705085
1222571,41521.87404705085
1222595,41521.87404705085
1222605,41521.87404705085
1222619,41521.87404705085
1222631,41521.87404705085
1222632,41521.87404705085
1222701,41521.87404705085
1222725,41521.87404705085
1222846,41521.87404705085
1222881,41521.87404705085
1222980,41521.87404705085
1223030,41521.87404705085
1223042,41521.87404705085
1223058,41521.87404705085
1223140,41521.87404705085
1223152,41521.87404705085
1223215,41521.87404705085
1223230,41521.87404705085
1223242,41521.87404705085
1223278,41521.87404705085
1223334,41521.87404705085
1223370,41521.87404705085
1223400,41521.87404705085
1223554,41521.87404705085
1223619,41521.87404705085
1223695,41521.87404705085
1223731,41521.87404705085
1223795,41521.87404705085
1223834,41521.87404705085
1223849,41521.87404705085
1223930,41521.87404705085
1223933,41521.87404705085
1223956,41521.87404705085
1224056,41521.87404705085
1224104,41521.87404705085
1224192,41521.87404705085
1224200,41521.87404705085
1224223,41521.87404705085
1224227,41521.87404705085
1224451,41521.87404705085
1224462,41521.87404705085
1224516,41521.87404705085
1224522,41521.87404705085
1224587,41521.87404705085
1224629,41521.87404705085
1224770,41521.87404705085
1224792,41521.87404705085
1224985,41521.87404705085
1225092,41521.87404705085
1225107,41521.87404705085
1225295,41521.87404705085
1225399,41521.87404705085
1225418,41521.87404705085
1225442,41521.87404705085
1225530,41521.87404705085
1225565,41521.87404705085
1225659,41521.87404705085
1225795,41521.87404705085
1225845,41521.87404705085
1226129,41521.87404705085
1226133,41521.87404705085
1226154,41521.87404705085
1226263,41521.87404705085
1226325,41521.87404705085
1226460,41521.87404705085
1226494,41521.87404705085
1226539,41521.87404705085
1226605,41521.87404705085
1226686,41521.87404705085
1226719,41521.87404705085
1226720,41521.87404705085
1226794,41521.87404705085
1226806,41521.87404705085
1226882,41521.87404705085
1226907,41521.87404705085
1226954,41521.87404705085
1227029,41521.87404705085
1227059,41521.87404705085
1227080,41521.87404705085
1227088,41521.87404705085
1227114,41521.87404705085
1227215,41521.87404705085
1227223,41521.87404705085
1227316,41521.87404705085
1227362,41521.87404705085
1227422,41521.87404705085
1227431,41521.87404705085
1227442,41521.87404705085
1227498,41521.87404705085
1227611,41521.87404705085
1227639,41521.87404705085
1227827,41521.87404705085
1227830,41521.87404705085
1228017,41521.87404705085
1250237,41521.87404705085
1250248,41521.87404705085
1250270,41521.87404705085
1250302,41521.87404705085
1250325,41521.87404705085
1250627,41521.87404705085
1252837,41521.87404705085
1252919,41521.87404705085
1253232,41521.87404705085
1253832,41521.87404705085
1254536,41521.87404705085
1254746,41521.87404705085
1255728,41521.87404705085
1255730,41521.87404705085
1256469,41521.87404705085
1256474,41521.87404705085
1256479,41521.87404705085
1256490,41521.87404705085
1256498,41521.87404705085
1256540,41521.87404705085
1256565,41521.87404705085
1256566,41521.87404705085
1256589,41521.87404705085
1256595,41521.87404705085
1256641,41521.87404705085
1256644,41521.87404705085
1256695,41521.87404705085
1256727,41521.87404705085
1256730,41521.87404705085
1256761,41521.87404705085
1256793,41521.87404705085
1256802,41521.87404705085
1257557,41521.87404705085
1260561,41521.87404705085
1263986,41521.87404705085
1265621,41521.87404705085
1265854,41521.87404705085
1265886,41521.87404705085
1266003,41521.87404705085
1266365,41521.87404705085
1266592,41521.87404705085
1266622,41521.87404705085
1266632,41521.87404705085
1266637,41521.87404705085
1266642,41521.87404705085
1266645,41521.87404705085
1266646,41521.87404705085
1266651,41521.87404705085
1266716,41521.87404705085
1266735,41521.87404705085
1266772,41521.87404705085
1266795,41521.87404705085
1266800,41521.87404705085
1266823,41521.87404705085
1266828,41521.87404705085
1266829,41521.87404705085
1267203,41521.87404705085
1267235,41521.87404705085
1267239,41521.87404705085
1267242,41521.87404705085
1267251,41521.87404705085
1267252,41521.87404705085
1267254,41521.87404705085
1267263,41521.87404705085
1267345,41521.87404705085
1267521,41521.87404705085
1267533,41521.87404705085
1267536,41521.87404705085
1267602,41521.87404705085
1267605,41521.87404705085
1267615,41521.87404705085
1267628,41521.87404705085
1267668,41521.87404705085
1267710,41521.87404705085
1267749,41521.87404705085
1267753,41521.87404705085
1267766,41521.87404705085
1267811,41521.87404705085
1268085,41521.87404705085
1268116,41521.87404705085
1268136,41521.87404705085
1268176,41521.87404705085
1268366,41521.87404705085
1268383,41521.87404705085
1268390,41521.87404705085
1268391,41521.87404705085
1268505,41521.87404705085
1277540,41521.87404705085
1277967,41521.87404705085
1279621,41521.87404705085
1279712,41521.87404705085
1279784,41521.87404705085
1279794,41521.87404705085
1279963,41521.87404705085
1280271,41521.87404705085
1280929,41521.87404705085
1281497,41521.87404705085
1282233,41521.87404705085
1283087,41521.87404705085
1283416,41521.87404705085
1286322,41521.87404705085
1289286,41521.87404705085
1290217,41521.87404705085
1290319,41521.87404705085
1290446,41521.87404705085
1290454,41521.87404705085
1290656,41521.87404705085
1290695,41521.87404705085
1290910,41521.87404705085
1291000,41521.87404705085
1291003,41521.87404705085
1291019,41521.87404705085
1291146,41521.87404705085
1291199,41521.87404705085
1291389,41521.87404705085
1291407,41521.87404705085
1291563,41521.87404705085
1291599,41521.87404705085
1292133,41521.87404705085
1292137,41521.87404705085
1292235,41521.87404705085
1292260,41521.87404705085
1292342,41521.87404705085
1292636,41521.87404705085
1292655,41521.87404705085
1292747,41521.87404705085
1292919,41521.87404705085
1293271,41521.87404705085
1293650,41521.87404705085
1293674,41521.87404705085
1293703,41521.87404705085
1293771,41521.87404705085
1293877,41521.87404705085
1294225,41521.87404705085
1294228,41521.87404705085
1294235,41521.87404705085
1294267,41521.87404705085
1294514,41521.87404705085
1294724,41521.87404705085
1294753,41521.87404705085
1294820,41521.87404705085
1294888,41521.87404705085
1296195,41521.87404705085
1296201,41521.87404705085
1296204,41521.87404705085
1296217,41521.87404705085
1296230,41521.87404705085
1296245,41521.87404705085
1296284,41521.87404705085
1296475,41521.87404705085
1296476,41521.87404705085
1296540,41521.87404705085
1296658,41521.87404705085
1301751,41521.87404705085
1302087,41521.87404705085
1302109,41521.87404705085
1302115,41521.87404705085
1302133,41521.87404705085
1302138,41521.87404705085
1302169,41521.87404705085
1302177,41521.87404705085
1302230,41521.87404705085
1302232,41521.87404705085
1302247,41521.87404705085
1302255,41521.87404705085
1302257,41521.87404705085
1302259,41521.87404705085
1302272,41521.87404705085
1302300,41521.87404705085
1302311,41521.87404705085
1302316,41521.87404705085
1302318,41521.87404705085
1302334,41521.87404705085
1302335,41521.87404705085
1303655,41521.87404705085
1303665,41521.87404705085
1303671,41521.87404705085
1304146,41521.87404705085
1304155,41521.87404705085
1304166,41521.87404705085
1304215,41521.87404705085
1304231,41521.87404705085
1304233,41521.87404705085
1304874,41521.87404705085
1304908,41521.87404705085
1304912,41521.87404705085
1304931,41521.87404705085
1304944,41521.87404705085
1304961,41521.87404705085
1305013,41521.87404705085
1305014,41521.87404705085
1305015,41521.87404705085
1305022,41521.87404705085
1305035,41521.87404705085
1305040,41521.87404705085
1305043,41521.87404705085
1305052,41521.87404705085
1305093,41521.87404705085
1305096,41521.87404705085
1305106,41521.87404705085
1305135,41521.87404705085
1305144,41521.87404705085
1305147,41521.87404705085
1305156,41521.87404705085
1305173,41521.87404705085
1305190,41521.87404705085
1305205,41521.87404705085
1305216,41521.87404705085
1305256,41521.87404705085
1305260,41521.87404705085
1305280,41521.87404705085
1305309,41521.87404705085
1305316,41521.87404705085
1305347,41521.87404705085
1305353,41521.87404705085
1305369,41521.87404705085
1305389,41521.87404705085
1305394,41521.87404705085
1305407,41521.87404705085
1305426,41521.87404705085
1305430,41521.87404705085
1305435,41521.87404705085
1305470,41521.87404705085
1305471,41521.87404705085
1305478,41521.87404705085
1305520,41521.87404705085
1305522,41521.87404705085
1305985,41521.87404705085
1306007,41521.87404705085
1306021,41521.87404705085
1306025,41521.87404705085
1306029,41521.87404705085
1306044,41521.87404705085
1306046,41521.87404705085
1306067,41521.87404705085
1306075,41521.87404705085
1306078,41521.87404705085
1306096,41521.87404705085
1310291,41521.87404705085
1310343,41521.87404705085
1310977,41521.87404705085
1310978,41521.87404705085
1310998,41521.87404705085
1311036,41521.87404705085
1311059,41521.87404705085
1311092,41521.87404705085
1311108,41521.87404705085
1311121,41521.87404705085
1311139,41521.87404705085
1311177,41521.87404705085
1311218,41521.87404705085
1311241,41521.87404705085
1311244,41521.87404705085
1311245,41521.87404705085
1311246,41521.87404705085
1311253,41521.87404705085
1311271,41521.87404705085
1311286,41521.87404705085
1311297,41521.87404705085
1311336,41521.87404705085
1311367,41521.87404705085
1311370,41521.87404705085
1311373,41521.87404705085
1311400,41521.87404705085
1311416,41521.87404705085
1311458,41521.87404705085
1311489,41521.87404705085
1311491,41521.87404705085
1311504,41521.87404705085
1311540,41521.87404705085
1311543,41521.87404705085
1311611,41521.87404705085
1311612,41521.87404705085
1311626,41521.87404705085
1311647,41521.87404705085
1311650,41521.87404705085
1311700,41521.87404705085
1311703,41521.87404705085
1311744,41521.87404705085
1311755,41521.87404705085
1312744,41521.87404705085
1312746,41521.87404705085
1312982,41521.87404705085
1312994,41521.87404705085
1313005,41521.87404705085
1313114,41521.87404705085
1315322,41521.87404705085
1315330,41521.87404705085
1315626,41521.87404705085
1315627,41521.87404705085
1315656,41521.87404705085
1315659,41521.87404705085
1315661,41521.87404705085
1315668,41521.87404705085
1315700,41521.87404705085
1315820,41521.87404705085
1316572,41521.87404705085
1316576,41521.87404705085
1316580,41521.87404705085
1316590,41521.87404705085
1316596,41521.87404705085
1316610,41521.87404705085
1316618,41521.87404705085
1316637,41521.87404705085
1316662,41521.87404705085
1316688,41521.87404705085
1316893,41521.87404705085
1317652,41521.87404705085
1317655,41521.87404705085
1317686,41521.87404705085
1317688,41521.87404705085
1317699,41521.87404705085
1317718,41521.87404705085
1317744,41521.87404705085
1317761,41521.87404705085
1317774,41521.87404705085
1317792,41521.87404705085
1317861,41521.87404705085
1317931,41521.87404705085
1317971,41521.87404705085
1318001,41521.87404705085
1318003,41521.87404705085
1318008,41521.87404705085
1318038,41521.87404705085
1318062,41521.87404705085
1318092,41521.87404705085
1318142,41521.87404705085
1318173,41521.87404705085
1318201,41521.87404705085
1318210,41521.87404705085
1318213,41521.87404705085
1318260,41521.87404705085
1318277,41521.87404705085
1318279,41521.87404705085
1318280,41521.87404705085
1318288,41521.87404705085
1319505,41521.87404705085
1320177,41521.87404705085
1320219,41521.87404705085
1320225,41521.87404705085
1320250,41521.87404705085
1320255,41521.87404705085
1320260,41521.87404705085
1320269,41521.87404705085
1320270,41521.87404705085
1320279,41521.87404705085
1320281,41521.87404705085
1320286,41521.87404705085
1320292,41521.87404705085
1320293,41521.87404705085
1320305,41521.87404705085
1320366,41521.87404705085
1320375,41521.87404705085
1320381,41521.87404705085
1320418,41521.87404705085
1320439,41521.87404705085
1320447,41521.87404705085
1320468,41521.87404705085
1323283,41521.87404705085
1324283,41521.87404705085
1327023,41521.87404705085
1330027,41521.87404705085
1330200,41521.87404705085
1331900,41521.87404705085
1332110,41521.87404705085
1332124,41521.87404705085
1332169,41521.87404705085
1332178,41521.87404705085
1332584,41521.87404705085
1332608,41521.87404705085
1332612,41521.87404705085
1332660,41521.87404705085
1332667,41521.87404705085
1332683,41521.87404705085
1332694,41521.87404705085
1332708,41521.87404705085
1332732,41521.87404705085
1332747,41521.87404705085
1332757,41521.87404705085
1332759,41521.87404705085
1332764,41521.87404705085
1332777,41521.87404705085
1332780,41521.87404705085
1332782,41521.87404705085
1332784,41521.87404705085
1332794,41521.87404705085
1332801,41521.87404705085
1332834,41521.87404705085
1332835,41521.87404705085
1332846,41521.87404705085
1332852,41521.87404705085
1332868,41521.87404705085
1332883,41521.87404705085
1332887,41521.87404705085
1332890,41521.87404705085
1332894,41521.87404705085
1332919,41521.87404705085
1332931,41521.87404705085
1332946,41521.87404705085
1332957,41521.87404705085
1332965,41521.87404705085
1332986,41521.87404705085
1332989,41521.87404705085
1333000,41521.87404705085
1333012,41521.87404705085
1333017,41521.87404705085
1333030,41521.87404705085
1333033,41521.87404705085
1333053,41521.87404705085
1333071,41521.87404705085
1333087,41521.87404705085
1333108,41521.87404705085
1333123,41521.87404705085
1333149,41521.87404705085
1333164,41521.87404705085
1333168,41521.87404705085
1333170,41521.87404705085
1333185,41521.87404705085
1333203,41521.87404705085
1333207,41521.87404705085
1333228,41521.87404705085
1333238,41521.87404705085
1333248,41521.87404705085
1333253,41521.87404705085
1333294,41521.87404705085
1333297,41521.87404705085
1333301,41521.87404705085
1333307,41521.87404705085
1333311,41521.87404705085
1333312,41521.87404705085
1333335,41521.87404705085
1333342,41521.87404705085
1333358,41521.87404705085
1333360,41521.87404705085
1333369,41521.87404705085
1333379,41521.87404705085
1333397,41521.87404705085
1333412,41521.87404705085
1333438,41521.87404705085
1333445,41521.87404705085
1333446,41521.87404705085
1333480,41521.87404705085
1333720,41521.87404705085
1333754,41521.87404705085
1334107,41521.87404705085
1334140,41521.87404705085
1334157,41521.87404705085
1334243,41521.87404705085
1334244,41521.87404705085
1334252,41521.87404705085
1334254,41521.87404705085
1334256,41521.87404705085
1334269,41521.87404705085
1334276,41521.87404705085
1334311,41521.87404705085
1334326,41521.87404705085
1334350,41521.87404705085
1334364,41521.87404705085
1334366,41521.87404705085
1334382,41521.87404705085
1334392,41521.87404705085
1334438,41521.87404705085
1334485,41521.87404705085
1334540,41521.87404705085
1334549,41521.87404705085
1334597,41521.87404705085
1334600,41521.87404705085
1334644,41521.87404705085
1334685,41521.87404705085
1334688,41521.87404705085
1334693,41521.87404705085
1334705,41521.87404705085
1334731,41521.87404705085
1334751,41521.87404705085
1334759,41521.87404705085
1334794,41521.87404705085
1334801,41521.87404705085
1334825,41521.87404705085
1334844,41521.87404705085
1334872,41521.87404705085
1334918,41521.87404705085
1336165,41521.87404705085
1336218,41521.87404705085
1336223,41521.87404705085
1336523,41521.87404705085
1336615,41521.87404705085
1336628,41521.87404705085
1336632,41521.87404705085
1336712,41521.87404705085
1336718,41521.87404705085
1336742,41521.87404705085
1336743,41521.87404705085
1336784,41521.87404705085
1336789,41521.87404705085
1336793,41521.87404705085
1337556,41521.87404705085
1337574,41521.87404705085
1337590,41521.87404705085
1337592,41521.87404705085
1337628,41521.87404705085
1337629,41521.87404705085
1337630,41521.87404705085
1337641,41521.87404705085
1337656,41521.87404705085
1337660,41521.87404705085
1337685,41521.87404705085
1337687,41521.87404705085
1337689,41521.87404705085
1337703,41521.87404705085
1337715,41521.87404705085
1337757,41521.87404705085
1337772,41521.87404705085
1337779,41521.87404705085
1337785,41521.87404705085
1337875,41521.87404705085
1337945,41521.87404705085
1338009,41521.87404705085
1338060,41521.87404705085
1338065,41521.87404705085
1338218,41521.87404705085
1338237,41521.87404705085
1338528,41521.87404705085
1338566,41521.87404705085
1339064,41521.87404705085
1340246,41521.87404705085
1340248,41521.87404705085
1340249,41521.87404705085
1340250,41521.87404705085
1340255,41521.87404705085
1340297,41521.87404705085
1340309,41521.87404705085
1340311,41521.87404705085
1340313,41521.87404705085
1340320,41521.87404705085
1340327,41521.87404705085
1340338,41521.87404705085
1340355,41521.87404705085
1340401,41521.87404705085
1340413,41521.87404705085
1340416,41521.87404705085
1340419,41521.87404705085
1340448,41521.87404705085
1340460,41521.87404705085
1340473,41521.87404705085
1340482,41521.87404705085
1340523,41521.87404705085
1340539,41521.87404705085
1340545,41521.87404705085
1340550,41521.87404705085
1340558,41521.87404705085
1340568,41521.87404705085
1340583,41521.87404705085
1340599,41521.87404705085
1340656,41521.87404705085
1340658,41521.87404705085
1340660,41521.87404705085
1340706,41521.87404705085
1340728,41521.87404705085
1340738,41521.87404705085
1340739,41521.87404705085
1340748,41521.87404705085
1340775,41521.87404705085
1340787,41521.87404705085
1340827,41521.87404705085
1340909,41521.87404705085
1340912,41521.87404705085
1340949,41521.87404705085
1340962,41521.87404705085
1340971,41521.87404705085
1340973,41521.87404705085
1340997,41521.87404705085
1341000,41521.87404705085
1341052,41521.87404705085
1341058,41521.87404705085
1341087,41521.87404705085
1341097,41521.87404705085
1341118,41521.87404705085
1341131,41521.87404705085
1341149,41521.87404705085
1341186,41521.87404705085
1341208,41521.87404705085
1341213,41521.87404705085
1341235,41521.87404705085
1341362,41521.87404705085
1341366,41521.87404705085
1341392,41521.87404705085
1341407,41521.87404705085
1341410,41521.87404705085
1341463,41521.87404705085
1341510,41521.87404705085
1341523,41521.87404705085
1341559,41521.87404705085
1341596,41521.87404705085
1341627,41521.87404705085
1341741,41521.87404705085
1341761,41521.87404705085
1341766,41521.87404705085
1341770,41521.87404705085
1341775,41521.87404705085
1341795,41521.87404705085
1341812,41521.87404705085
1341844,41521.87404705085
1341905,41521.87404705085
1341918,41521.87404705085
1342171,41521.87404705085
1344610,41521.87404705085
1347291,41521.87404705085
1347295,41521.87404705085
1347311,41521.87404705085
1347952,41521.87404705085
1348041,41521.87404705085
1350592,41521.87404705085
1350653,41521.87404705085
1350661,41521.87404705085
1350696,41521.87404705085
1350704,41521.87404705085
1350769,41521.87404705085
1350807,41521.87404705085
1350813,41521.87404705085
1350825,41521.87404705085
1350838,41521.87404705085
1350856,41521.87404705085
1350885,41521.87404705085
1350903,41521.87404705085
1350934,41521.87404705085
1350939,41521.87404705085
1350984,41521.87404705085
1352854,41521.87404705085
1352873,41521.87404705085
1352883,41521.87404705085
1352950,41521.87404705085
1352957,41521.87404705085
1352965,41521.87404705085
1352970,41521.87404705085
1353001,41521.87404705085
1353059,41521.87404705085
1353069,41521.87404705085
1353073,41521.87404705085
1353287,41521.87404705085
1354533,41521.87404705085
1354824,41521.87404705085
1354843,41521.87404705085
1355040,41521.87404705085
1355080,41521.87404705085
1355125,41521.87404705085
1355131,41521.87404705085
1355141,41521.87404705085
1355261,41521.87404705085
1355262,41521.87404705085
1355285,41521.87404705085
1355295,41521.87404705085
1355316,41521.87404705085
1355329,41521.87404705085
1355337,41521.87404705085
1355390,41521.87404705085
1355407,41521.87404705085
1355409,41521.87404705085
1355417,41521.87404705085
1355423,41521.87404705085
1355441,41521.87404705085
1355447,41521.87404705085
1355456,41521.87404705085
1355460,41521.87404705085
1355470,41521.87404705085
1355500,41521.87404705085
1355521,41521.87404705085
1355555,41521.87404705085
1355564,41521.87404705085
1355571,41521.87404705085
1355577,41521.87404705085
1355600,41521.87404705085
1355619,41521.87404705085
1355630,41521.87404705085
1355646,41521.87404705085
1355681,41521.87404705085
1355813,41521.87404705085
1355959,41521.87404705085
1358268,41521.87404705085
1358282,41521.87404705085
1358283,41521.87404705085
1358306,41521.87404705085
1358324,41521.87404705085
1358810,41521.87404705085
1358890,41521.87404705085
1358895,41521.87404705085
1359153,41521.87404705085
1359154,41521.87404705085
1359258,41521.87404705085
1359313,41521.87404705085
1359367,41521.87404705085
1359748,41521.87404705085
1359779,41521.87404705085
1359792,41521.87404705085
1359814,41521.87404705085
1359867,41521.87404705085
1359932,41521.87404705085
1360110,41521.87404705085
1360146,41521.87404705085
1360152,41521.87404705085
1360154,41521.87404705085
1360155,41521.87404705085
1360198,41521.87404705085
1360207,41521.87404705085
1360232,41521.87404705085
1360300,41521.87404705085
1360322,41521.87404705085
1360329,41521.87404705085
1360341,41521.87404705085
1360394,41521.87404705085
1360410,41521.87404705085
1360425,41521.87404705085
1360442,41521.87404705085
1360462,41521.87404705085
1360477,41521.87404705085
1360483,41521.87404705085
1360521,41521.87404705085
1360597,41521.87404705085
1360604,41521.87404705085
1360647,41521.87404705085
1360654,41521.87404705085
1360692,41521.87404705085
1360701,41521.87404705085
1360740,41521.87404705085
1360750,41521.87404705085
1360759,41521.87404705085
1360805,41521.87404705085
1360824,41521.87404705085
1360828,41521.87404705085
1360919,41521.87404705085
1360934,41521.87404705085
1360942,41521.87404705085
1360967,41521.87404705085
1360971,41521.87404705085
1360996,41521.87404705085
1361765,41521.87404705085
1361999,41521.87404705085
1368720,41521.87404705085
1370415,41521.87404705085
1373073,41521.87404705085
1373094,41521.87404705085
1373128,41521.87404705085
1373129,41521.87404705085
1373158,41521.87404705085
1373195,41521.87404705085
1373200,41521.87404705085
1373204,41521.87404705085
1373208,41521.87404705085
1373212,41521.87404705085
1373236,41521.87404705085
1373243,41521.87404705085
1373296,41521.87404705085
1373324,41521.87404705085
1373345,41521.87404705085
1373350,41521.87404705085
1373382,41521.87404705085
1373802,41521.87404705085
1374633,41521.87404705085
1374649,41521.87404705085
1374738,41521.87404705085
1374743,41521.87404705085
1374757,41521.87404705085
1374812,41521.87404705085
1374925,41521.87404705085
1375027,41521.87404705085
1375038,41521.87404705085
1375043,41521.87404705085
1375070,41521.87404705085
1375116,41521.87404705085
1375273,41521.87404705085
1375282,41521.87404705085
1375294,41521.87404705085
1375304,41521.87404705085
1375324,41521.87404705085
1375328,41521.87404705085
1375485,41521.87404705085
1375486,41521.87404705085
1375671,41521.87404705085
1375690,41521.87404705085
1375705,41521.87404705085
1375717,41521.87404705085
1375790,41521.87404705085
1375838,41521.87404705085
1375890,41521.87404705085
1375896,41521.87404705085
1375914,41521.87404705085
1375934,41521.87404705085
1375943,41521.87404705085
1375944,41521.87404705085
1375999,41521.87404705085
1376006,41521.87404705085
1376018,41521.87404705085
1376022,41521.87404705085
1376402,41521.87404705085
1376445,41521.87404705085
1376450,41521.87404705085
1376453,41521.87404705085
1376464,41521.87404705085
1376485,41521.87404705085
1376497,41521.87404705085
1376682,41521.87404705085
1376686,41521.87404705085
1376701,41521.87404705085
1376712,41521.87404705085
1376719,41521.87404705085
1376721,41521.87404705085
1376723,41521.87404705085
1377716,41521.87404705085
1377759,41521.87404705085
1378284,41521.87404705085
1378778,41521.87404705085
1378798,41521.87404705085
1378804,41521.87404705085
1378852,41521.87404705085
1378950,41521.87404705085
1378954,41521.87404705085
1378958,41521.87404705085
1378961,41521.87404705085
1378970,41521.87404705085
1378985,41521.87404705085
1379010,41521.87404705085
1379015,41521.87404705085
1379043,41521.87404705085
1380996,41521.87404705085
1381283,41521.87404705085
1381443,41521.87404705085
1381455,41521.87404705085
1381468,41521.87404705085
1381794,41521.87404705085
1381801,41521.87404705085
1381802,41521.87404705085
1381812,41521.87404705085
1381813,41521.87404705085
1381823,41521.87404705085
1381842,41521.87404705085
1381845,41521.87404705085
1381852,41521.87404705085
1381858,41521.87404705085
1381864,41521.87404705085
1381872,41521.87404705085
1381903,41521.87404705085
1381908,41521.87404705085
1381937,41521.87404705085
1381945,41521.87404705085
1382522,41521.87404705085
1382542,41521.87404705085
1382543,41521.87404705085
1382577,41521.87404705085
1382590,41521.87404705085
1382596,41521.87404705085
1382656,41521.87404705085
1382687,41521.87404705085
1382709,41521.87404705085
1382715,41521.87404705085
1382902,41521.87404705085
1383001,41521.87404705085
1383008,41521.87404705085
1383036,41521.87404705085
1383920,41521.87404705085
1383938,41521.87404705085
1383967,41521.87404705085
1383968,41521.87404705085
1384006,41521.87404705085
1384042,41521.87404705085
1384045,41521.87404705085
1384048,41521.87404705085
1384078,41521.87404705085
1384082,41521.87404705085
1384105,41521.87404705085
1384119,41521.87404705085
1384122,41521.87404705085
1384126,41521.87404705085
1384128,41521.87404705085
1384129,41521.87404705085
1384136,41521.87404705085
1384141,41521.87404705085
1384142,41521.87404705085
1384154,41521.87404705085
1384166,41521.87404705085
1384178,41521.87404705085
1384221,41521.87404705085
1384224,41521.87404705085
1384234,41521.87404705085
1384255,41521.87404705085
1384267,41521.87404705085
1384279,41521.87404705085
1384282,41521.87404705085
1384320,41521.87404705085
1384345,41521.87404705085
1384358,41521.87404705085
1384364,41521.87404705085
1384373,41521.87404705085
1384378,41521.87404705085
1384428,41521.87404705085
1384444,41521.87404705085
1384455,41521.87404705085
1384459,41521.87404705085
1384466,41521.87404705085
1384472,41521.87404705085
1384513,41521.87404705085
1384516,41521.87404705085
1384527,41521.87404705085
1384603,41521.87404705085
1384609,41521.87404705085
1384623,41521.87404705085
1384650,41521.87404705085
1384653,41521.87404705085
1384688,41521.87404705085
1384699,41521.87404705085
1384712,41521.87404705085
1385606,41521.87404705085
1388403,41521.87404705085
1388971,41521.87404705085
1388972,41521.87404705085
1388973,41521.87404705085
1388993,41521.87404705085
1388996,41521.87404705085
1389000,41521.87404705085
1389014,41521.87404705085
1389017,41521.87404705085
1389346,41521.87404705085
1390991,41521.87404705085
1391026,41521.87404705085
1391138,41521.87404705085
1391935,41521.87404705085
1392442,41521.87404705085
1392450,41521.87404705085
1393712,41521.87404705085
1394812,41521.87404705085
1394840,41521.87404705085
1394867,41521.87404705085
1394885,41521.87404705085
1394886,41521.87404705085
1394902,41521.87404705085
1394904,41521.87404705085
1394941,41521.87404705085
1394949,41521.87404705085
1394956,41521.87404705085
1394986,41521.87404705085
1394991,41521.87404705085
1394992,41521.87404705085
1394993,41521.87404705085
1394996,41521.87404705085
1394997,41521.87404705085
1395013,41521.87404705085
1395014,41521.87404705085
1395026,41521.87404705085
1395035,41521.87404705085
1395063,41521.87404705085
1395091,41521.87404705085
1395103,41521.87404705085
1395122,41521.87404705085
1395138,41521.87404705085
1395146,41521.87404705085
1395151,41521.87404705085
1395153,41521.87404705085
1395155,41521.87404705085
1395170,41521.87404705085
1395210,41521.87404705085
1395215,41521.87404705085
1395266,41521.87404705085
1395273,41521.87404705085
1395288,41521.87404705085
1395291,41521.87404705085
1395316,41521.87404705085
1395421,41521.87404705085
1395429,41521.87404705085
1395438,41521.87404705085
1395450,41521.87404705085
1395468,41521.87404705085
1395483,41521.87404705085
1395581,41521.87404705085
1395585,41521.87404705085
1395592,41521.87404705085
1395602,41521.87404705085
1395678,41521.87404705085
1395681,41521.87404705085
1395684,41521.87404705085
1396992,41521.87404705085
1397005,41521.87404705085
1397006,41521.87404705085
1397015,41521.87404705085
1397032,41521.87404705085
1397035,41521.87404705085
1397059,41521.87404705085
1397448,41521.87404705085
1397452,41521.87404705085
1397462,41521.87404705085
1397497,41521.87404705085
1397523,41521.87404705085
1397827,41521.87404705085
1397831,41521.87404705085
1397838,41521.87404705085
1397850,41521.87404705085
1397854,41521.87404705085
1397858,41521.87404705085
1397865,41521.87404705085
1397881,41521.87404705085
1399691,41521.87404705085
1399694,41521.87404705085
1399715,41521.87404705085
1399749,41521.87404705085
1399751,41521.87404705085
1399875,41521.87404705085
1399876,41521.87404705085
1399910,41521.87404705085
1401944,41521.87404705085
1402318,41521.87404705085
1402365,41521.87404705085
1402378,41521.87404705085
1402380,41521.87404705085
1402409,41521.87404705085
1402411,41521.87404705085
1402434,41521.87404705085
1402435,41521.87404705085
1402471,41521.87404705085
1402491,41521.87404705085
1402495,41521.87404705085
1402497,41521.87404705085
1402506,41521.87404705085
1402532,41521.87404705085
1402533,41521.87404705085
1402542,41521.87404705085
1402544,41521.87404705085
1403236,41521.87404705085
1406056,41521.87404705085
1406731,41521.87404705085
1407089,41521.87404705085
1407095,41521.87404705085
1407118,41521.87404705085
1407143,41521.87404705085
1407145,41521.87404705085
1407153,41521.87404705085
1407155,41521.87404705085
1407156,41521.87404705085
1407194,41521.87404705085
1407228,41521.87404705085
1407243,41521.87404705085
1407244,41521.87404705085
1407247,41521.87404705085
1407257,41521.87404705085
1407259,41521.87404705085
1407264,41521.87404705085
1407287,41521.87404705085
1407298,41521.87404705085
1407349,41521.87404705085
1407371,41521.87404705085
1407385,41521.87404705085
1407420,41521.87404705085
1407436,41521.87404705085
1407440,41521.87404705085
1407477,41521.87404705085
1407528,41521.87404705085
1407537,41521.87404705085
1407562,41521.87404705085
1407587,41521.87404705085
1407629,41521.87404705085
1407638,41521.87404705085
1407640,41521.87404705085
1407647,41521.87404705085
1407665,41521.87404705085
1407687,41521.87404705085
1407708,41521.87404705085
1407714,41521.87404705085
1407755,41521.87404705085
1407778,41521.87404705085
1407803,41521.87404705085
1407810,41521.87404705085
1407869,41521.87404705085
1407886,41521.87404705085
1408837,41521.87404705085
1408844,41521.87404705085
1408845,41521.87404705085
1408878,41521.87404705085
1408879,41521.87404705085
1408880,41521.87404705085
1408896,41521.87404705085
1408918,41521.87404705085
1408919,41521.87404705085
1410622,41521.87404705085
1410636,41521.87404705085
1410647,41521.87404705085
1410661,41521.87404705085
1410677,41521.87404705085
1410687,41521.87404705085
1410704,41521.87404705085
1410707,41521.87404705085
1410717,41521.87404705085
1410723,41521.87404705085
1411589,41521.87404705085
1411603,41521.87404705085
1411610,41521.87404705085
1411654,41521.87404705085
1411683,41521.87404705085
1411695,41521.87404705085
1411860,41521.87404705085
1412164,41521.87404705085
1412264,41521.87404705085
1412265,41521.87404705085
1412284,41521.87404705085
1412289,41521.87404705085
1412292,41521.87404705085
1412328,41521.87404705085
1412379,41521.87404705085
1412398,41521.87404705085
1412413,41521.87404705085
1412414,41521.87404705085
1412442,41521.87404705085
1412451,41521.87404705085
1412453,41521.87404705085
1412455,41521.87404705085
1412508,41521.87404705085
1412509,41521.87404705085
1412544,41521.87404705085
1412554,41521.87404705085
1412612,41521.87404705085
1412653,41521.87404705085
1412681,41521.87404705085
1412687,41521.87404705085
1412693,41521.87404705085
1412702,41521.87404705085
1412712,41521.87404705085
1412739,41521.87404705085
1412744,41521.87404705085
1412745,41521.87404705085
1412807,41521.87404705085
1412811,41521.87404705085
1412822,41521.87404705085
1412937,41521.87404705085
1412951,41521.87404705085
1413000,41521.87404705085
1413002,41521.87404705085
1413058,41521.87404705085
1413415,41521.87404705085
1413436,41521.87404705085
1414098,41521.87404705085
1414657,41521.87404705085
1415242,41521.87404705085
1415243,41521.87404705085
1415258,41521.87404705085
1415293,41521.87404705085
1415305,41521.87404705085
1415318,41521.87404705085
1415320,41521.87404705085
1415323,41521.87404705085
1415365,41521.87404705085
1415395,41521.87404705085
1415396,41521.87404705085
1415436,41521.87404705085
1415464,41521.87404705085
1415466,41521.87404705085
1415487,41521.87404705085
1415493,41521.87404705085
1415516,41521.87404705085
1415559,41521.87404705085
1415560,41521.87404705085
1415584,41521.87404705085
1415599,41521.87404705085
1415640,41521.87404705085
1415649,41521.87404705085
1415666,41521.87404705085
1415682,41521.87404705085
1415683,41521.87404705085
1415690,41521.87404705085
1415699,41521.87404705085
1415700,41521.87404705085
1415710,41521.87404705085
1415714,41521.87404705085
1415721,41521.87404705085
1415725,41521.87404705085
1415728,41521.87404705085
1415754,41521.87404705085
1415756,41521.87404705085
1415761,41521.87404705085
1415771,41521.87404705085
1415778,41521.87404705085
1415782,41521.87404705085
1415812,41521.87404705085
1415818,41521.87404705085
1415832,41521.87404705085
1415848,41521.87404705085
1415902,41521.87404705085
1415904,41521.87404705085
1415909,41521.87404705085
1415914,41521.87404705085
1415943,41521.87404705085
1415950,41521.87404705085
1415958,41521.87404705085
1415975,41521.87404705085
1415987,41521.87404705085
1415988,41521.87404705085
1416013,41521.87404705085
1416014,41521.87404705085
1416015,41521.87404705085
1416029,41521.87404705085
1416030,41521.87404705085
1416040,41521.87404705085
1416041,41521.87404705085
1416044,41521.87404705085
1416058,41521.87404705085
1416067,41521.87404705085
1416072,41521.87404705085
1416077,41521.87404705085
1416094,41521.87404705085
1416120,41521.87404705085
1416126,41521.87404705085
1416168,41521.87404705085
1416171,41521.87404705085
1416177,41521.87404705085
1416205,41521.87404705085
1416207,41521.87404705085
1416237,41521.87404705085
1416316,41521.87404705085
1416319,41521.87404705085
1416324,41521.87404705085
1416351,41521.87404705085
1416352,41521.87404705085
1416357,41521.87404705085
1416370,41521.87404705085
1416373,41521.87404705085
1416377,41521.87404705085
1416383,41521.87404705085
1416386,41521.87404705085
1416418,41521.87404705085
1416423,41521.87404705085
1416447,41521.87404705085
1416450,41521.87404705085
1416462,41521.87404705085
1416499,41521.87404705085
1416505,41521.87404705085
1416521,41521.87404705085
1416526,41521.87404705085
1416531,41521.87404705085
1416539,41521.87404705085
1416544,41521.87404705085
1416552,41521.87404705085
1416564,41521.87404705085
1416571,41521.87404705085
1416580,41521.87404705085
1416590,41521.87404705085
1416660,41521.87404705085
1416668,41521.87404705085
1416671,41521.87404705085
1416687,41521.87404705085
1416703,41521.87404705085
1416713,41521.87404705085
1416716,41521.87404705085
1416741,41521.87404705085
1416747,41521.87404705085
1416777,41521.87404705085
1416785,41521.87404705085
1416810,41521.87404705085
1416820,41521.87404705085
1416825,41521.87404705085
1416871,41521.87404705085
1416893,41521.87404705085
1416894,41521.87404705085
1416912,41521.87404705085
1416915,41521.87404705085
1416923,41521.87404705085
1416940,41521.87404705085
1416951,41521.87404705085
1416961,41521.87404705085
1416964,41521.87404705085
1416967,41521.87404705085
1416988,41521.87404705085
1417025,41521.87404705085
1417050,41521.87404705085
1417056,41521.87404705085
1417082,41521.87404705085
1417085,41521.87404705085
1417106,41521.87404705085
1417131,41521.87404705085
1417151,41521.87404705085
1417153,41521.87404705085
1417161,41521.87404705085
1417208,41521.87404705085
1417241,41521.87404705085
1417261,41521.87404705085
1417297,41521.87404705085
1417299,41521.87404705085
1417303,41521.87404705085
1417307,41521.87404705085
1417336,41521.87404705085
1417368,41521.87404705085
1417376,41521.87404705085
1417385,41521.87404705085
1417387,41521.87404705085
1417402,41521.87404705085
1417414,41521.87404705085
1417421,41521.87404705085
1417433,41521.87404705085
1417434,41521.87404705085
1417446,41521.87404705085
1417451,41521.87404705085
1417488,41521.87404705085
1417496,41521.87404705085
1417497,41521.87404705085
1417517,41521.87404705085
1417518,41521.87404705085
1417522,41521.87404705085
1417536,41521.87404705085
1417541,41521.87404705085
1417562,41521.87404705085
1417567,41521.87404705085
1417573,41521.87404705085
1417579,41521.87404705085
1417594,41521.87404705085
1417603,41521.87404705085
1417630,41521.87404705085
1417653,41521.87404705085
1417683,41521.87404705085
1417690,41521.87404705085
1417697,41521.87404705085
1417707,41521.87404705085
1417714,41521.87404705085
1417731,41521.87404705085
1417739,41521.87404705085
1417743,41521.87404705085
1417789,41521.87404705085
1417795,41521.87404705085
1417796,41521.87404705085
1417804,41521.87404705085
1417810,41521.87404705085
1417831,41521.87404705085
1417841,41521.87404705085
1417843,41521.87404705085
1417847,41521.87404705085
1417861,41521.87404705085
1417918,41521.87404705085
1417934,41521.87404705085
1417942,41521.87404705085
1417946,41521.87404705085
1417954,41521.87404705085
1417961,41521.87404705085
1417968,41521.87404705085
1417973,41521.87404705085
1417985,41521.87404705085
1417998,41521.87404705085
1418020,41521.87404705085
1418033,41521.87404705085
1418035,41521.87404705085
1418047,41521.87404705085
1418066,41521.87404705085
1418073,41521.87404705085
1418079,41521.87404705085
1418103,41521.87404705085
1418117,41521.87404705085
1418151,41521.87404705085
1418158,41521.87404705085
1418160,41521.87404705085
1418205,41521.87404705085
1418211,41521.87404705085
1418244,41521.87404705085
1418263,41521.87404705085
1418271,41521.87404705085
1418311,41521.87404705085
1418320,41521.87404705085
1418340,41521.87404705085
1418381,41521.87404705085
1418383,41521.87404705085
1418388,41521.87404705085
1418391,41521.87404705085
1418400,41521.87404705085
1418440,41521.87404705085
1418447,41521.87404705085
1418481,41521.87404705085
1418483,41521.87404705085
1418510,41521.87404705085
1424167,41521.87404705085
1426551,41521.87404705085
1427544,41521.87404705085
1430180,41521.87404705085
1430225,41521.87404705085
1430226,41521.87404705085
1430228,41521.87404705085
1430247,41521.87404705085
1430253,41521.87404705085
1430254,41521.87404705085
1430260,41521.87404705085
1430286,41521.87404705085
1430289,41521.87404705085
1430313,41521.87404705085
1430404,41521.87404705085
1430408,41521.87404705085
1430421,41521.87404705085
1430446,41521.87404705085
1430452,41521.87404705085
1430475,41521.87404705085
1430477,41521.87404705085
1430482,41521.87404705085
1430542,41521.87404705085
1430574,41521.87404705085
1430589,41521.87404705085
1430627,41521.87404705085
1430630,41521.87404705085
1430632,41521.87404705085
1430637,41521.87404705085
1430673,41521.87404705085
1430680,41521.87404705085
1430685,41521.87404705085
1430697,41521.87404705085
1430698,41521.87404705085
1430729,41521.87404705085
1430755,41521.87404705085
1430760,41521.87404705085
1430773,41521.87404705085
1430787,41521.87404705085
1430790,41521.87404705085
1430863,41521.87404705085
1430875,41521.87404705085
1430880,41521.87404705085
1430882,41521.87404705085
1430889,41521.87404705085
1430899,41521.87404705085
1430913,41521.87404705085
1430916,41521.87404705085
1430944,41521.87404705085
1430957,41521.87404705085
1431025,41521.87404705085
1431038,41521.87404705085
1431040,41521.87404705085
1431045,41521.87404705085
1431060,41521.87404705085
1431082,41521.87404705085
1431098,41521.87404705085
1431129,41521.87404705085
1431132,41521.87404705085
1431635,41521.87404705085
1431648,41521.87404705085
1431654,41521.87404705085
1431657,41521.87404705085
1431732,41521.87404705085
1431740,41521.87404705085
1431742,41521.87404705085
1431748,41521.87404705085
1431764,41521.87404705085
1431817,41521.87404705085
1431882,41521.87404705085
1431883,41521.87404705085
1431978,41521.87404705085
1432009,41521.87404705085
1432036,41521.87404705085
1432041,41521.87404705085
1432056,41521.87404705085
1432092,41521.87404705085
1432103,41521.87404705085
1432115,41521.87404705085
1432142,41521.87404705085
1432149,41521.87404705085
1432227,41521.87404705085
1432240,41521.87404705085
1432340,41521.87404705085
1432349,41521.87404705085
1432444,41521.87404705085
1432497,41521.87404705085
1432521,41521.87404705085
1432534,41521.87404705085
1432555,41521.87404705085
1432562,41521.87404705085
1432563,41521.87404705085
1432571,41521.87404705085
1432624,41521.87404705085
1432646,41521.87404705085
1432694,41521.87404705085
1432707,41521.87404705085
1432732,41521.87404705085
1432747,41521.87404705085
1432749,41521.87404705085
1432769,41521.87404705085
1433047,41521.87404705085
1433077,41521.87404705085
1433483,41521.87404705085
1433751,41521.87404705085
1433770,41521.87404705085
1433780,41521.87404705085
1433785,41521.87404705085
1433790,41521.87404705085
1433796,41521.87404705085
1433802,41521.87404705085
1435279,41521.87404705085
1435286,41521.87404705085
1435287,41521.87404705085
1435290,41521.87404705085
1435311,41521.87404705085
1435323,41521.87404705085
1435344,41521.87404705085
1435351,41521.87404705085
1435358,41521.87404705085
1435363,41521.87404705085
1435371,41521.87404705085
1435377,41521.87404705085
1435397,41521.87404705085
1435424,41521.87404705085
1435431,41521.87404705085
1435432,41521.87404705085
1435445,41521.87404705085
1435447,41521.87404705085
1436116,41521.87404705085
1436147,41521.87404705085
1436300,41521.87404705085
1436301,41521.87404705085
1436317,41521.87404705085
1436356,41521.87404705085
1436359,41521.87404705085
1436362,41521.87404705085
1436371,41521.87404705085
1436384,41521.87404705085
1436438,41521.87404705085
1436457,41521.87404705085
1436458,41521.87404705085
1437413,41521.87404705085
1437430,41521.87404705085
1437447,41521.87404705085
1437471,41521.87404705085
1437475,41521.87404705085
1437486,41521.87404705085
1437492,41521.87404705085
1437543,41521.87404705085
1437553,41521.87404705085
1437559,41521.87404705085
1437566,41521.87404705085
1437568,41521.87404705085
1437598,41521.87404705085
1437649,41521.87404705085
1437656,41521.87404705085
1437826,41521.87404705085
1437933,41521.87404705085
1438293,41521.87404705085
1438303,41521.87404705085
1438316,41521.87404705085
1438322,41521.87404705085
1438323,41521.87404705085
1438331,41521.87404705085
1438343,41521.87404705085
1438873,41521.87404705085
1438901,41521.87404705085
1438910,41521.87404705085
1438920,41521.87404705085
1438932,41521.87404705085
1438937,41521.87404705085
1441638,41521.87404705085
1441661,41521.87404705085
1442034,41521.87404705085
1442041,41521.87404705085
1442047,41521.87404705085
1442061,41521.87404705085
1442090,41521.87404705085
1442108,41521.87404705085
1442181,41521.87404705085
1442209,41521.87404705085
1442217,41521.87404705085
1442236,41521.87404705085
1442237,41521.87404705085
1442238,41521.87404705085
1442246,41521.87404705085
1442260,41521.87404705085
1442269,41521.87404705085
1442270,41521.87404705085
1442276,41521.87404705085
1442347,41521.87404705085
1442353,41521.87404705085
1442384,41521.87404705085
1442415,41521.87404705085
1442434,41521.87404705085
1442846,41521.87404705085
1442989,41521.87404705085
1443650,41521.87404705085
1443652,41521.87404705085
1444893,41521.87404705085
1444898,41521.87404705085
1444939,41521.87404705085
1444945,41521.87404705085
1444953,41521.87404705085
1444956,41521.87404705085
1444961,41521.87404705085
1445008,41521.87404705085
1445010,41521.87404705085
1445021,41521.87404705085
1445047,41521.87404705085
1445069,41521.87404705085
1445074,41521.87404705085
1445097,41521.87404705085
1445103,41521.87404705085
1445126,41521.87404705085
1445155,41521.87404705085
1445165,41521.87404705085
1445191,41521.87404705085
1445202,41521.87404705085
1445231,41521.87404705085
1445236,41521.87404705085
1445241,41521.87404705085
1445265,41521.87404705085
1445289,41521.87404705085
1445314,41521.87404705085
1445319,41521.87404705085
1445325,41521.87404705085
1445350,41521.87404705085
1445378,41521.87404705085
1445403,41521.87404705085
1445408,41521.87404705085
1445428,41521.87404705085
1445429,41521.87404705085
1445430,41521.87404705085
1445448,41521.87404705085
1445455,41521.87404705085
1445475,41521.87404705085
1445499,41521.87404705085
1445501,41521.87404705085
1445516,41521.87404705085
1445529,41521.87404705085
1445530,41521.87404705085
1445532,41521.87404705085
1445537,41521.87404705085
1445545,41521.87404705085
1445547,41521.87404705085
1445563,41521.87404705085
1445577,41521.87404705085
1445585,41521.87404705085
1445598,41521.87404705085
1445609,41521.87404705085
1445638,41521.87404705085
1445648,41521.87404705085
1445652,41521.87404705085
1445663,41521.87404705085
1445676,41521.87404705085
1445746,41521.87404705085
1445781,41521.87404705085
1445805,41521.87404705085
1445835,41521.87404705085
1445840,41521.87404705085
1445872,41521.87404705085
1445874,41521.87404705085
1445894,41521.87404705085
1445898,41521.87404705085
1445910,41521.87404705085
1445949,41521.87404705085
1445953,41521.87404705085
1445966,41521.87404705085
1445974,41521.87404705085
1445997,41521.87404705085
1446094,41521.87404705085
1446149,41521.87404705085
1446158,41521.87404705085
1446170,41521.87404705085
1446171,41521.87404705085
1446183,41521.87404705085
1446188,41521.87404705085
1446189,41521.87404705085
1446220,41521.87404705085
1446270,41521.87404705085
1446279,41521.87404705085
1446287,41521.87404705085
1446288,41521.87404705085
1446304,41521.87404705085
1446309,41521.87404705085
1446313,41521.87404705085
1446321,41521.87404705085
1446322,41521.87404705085
1446361,41521.87404705085
1446395,41521.87404705085
1446405,41521.87404705085
1446412,41521.87404705085
1446416,41521.87404705085
1446436,41521.87404705085
1446444,41521.87404705085
1446465,41521.87404705085
1446480,41521.87404705085
1446481,41521.87404705085
1446486,41521.87404705085
1446490,41521.87404705085
1446493,41521.87404705085
1446498,41521.87404705085
1446518,41521.87404705085
1446551,41521.87404705085
1446562,41521.87404705085
1446573,41521.87404705085
1446583,41521.87404705085
1446617,41521.87404705085
1446622,41521.87404705085
1446639,41521.87404705085
1446640,41521.87404705085
1446677,41521.87404705085
1446691,41521.87404705085
1446694,41521.87404705085
1446701,41521.87404705085
1446721,41521.87404705085
1446722,41521.87404705085
1446725,41521.87404705085
1446745,41521.87404705085
1446756,41521.87404705085
1446773,41521.87404705085
1446799,41521.87404705085
1446843,41521.87404705085
1446854,41521.87404705085
1446855,41521.87404705085
1446857,41521.87404705085
1446890,41521.87404705085
1446896,41521.87404705085
1446897,41521.87404705085
1446910,41521.87404705085
1446922,41521.87404705085
1446936,41521.87404705085
1446938,41521.87404705085
1446957,41521.87404705085
1446961,41521.87404705085
1446973,41521.87404705085
1446982,41521.87404705085
1446990,41521.87404705085
1446994,41521.87404705085
1447007,41521.87404705085
1447016,41521.87404705085
1447052,41521.87404705085
1447064,41521.87404705085
1447086,41521.87404705085
1447104,41521.87404705085
1447111,41521.87404705085
1447118,41521.87404705085
1447126,41521.87404705085
1447135,41521.87404705085
1447138,41521.87404705085
1447144,41521.87404705085
1447164,41521.87404705085
1447181,41521.87404705085
1447190,41521.87404705085
1447207,41521.87404705085
1447226,41521.87404705085
1447239,41521.87404705085
1447242,41521.87404705085
1447246,41521.87404705085
1447253,41521.87404705085
1447258,41521.87404705085
1447268,41521.87404705085
1447316,41521.87404705085
1447318,41521.87404705085
1447322,41521.87404705085
1447326,41521.87404705085
1447331,41521.87404705085
1447339,41521.87404705085
1447369,41521.87404705085
1447396,41521.87404705085
1447424,41521.87404705085
1447444,41521.87404705085
1447480,41521.87404705085
1447482,41521.87404705085
1447491,41521.87404705085
1447505,41521.87404705085
1447512,41521.87404705085
1447530,41521.87404705085
1447534,41521.87404705085
1447561,41521.87404705085
1447588,41521.87404705085
1447617,41521.87404705085
1447624,41521.87404705085
1447640,41521.87404705085
1447649,41521.87404705085
1447671,41521.87404705085
1447721,41521.87404705085
1447736,41521.87404705085
1447742,41521.87404705085
1447760,41521.87404705085
1447790,41521.87404705085
1447801,41521.87404705085
1447809,41521.87404705085
1447841,41521.87404705085
1447885,41521.87404705085
1447892,41521.87404705085
1447896,41521.87404705085
1447903,41521.87404705085
1447916,41521.87404705085
1447922,41521.87404705085
1447929,41521.87404705085
1447933,41521.87404705085
1447989,41521.87404705085
1447992,41521.87404705085
1447998,41521.87404705085
1448013,41521.87404705085
1448038,41521.87404705085
1448039,41521.87404705085
1448049,41521.87404705085
1448067,41521.87404705085
1448083,41521.87404705085
1448111,41521.87404705085
1448140,41521.87404705085
1448148,41521.87404705085
1448157,41521.87404705085
1448165,41521.87404705085
1448203,41521.87404705085
1448214,41521.87404705085
1448227,41521.87404705085
1448239,41521.87404705085
1448278,41521.87404705085
1448325,41521.87404705085
1448342,41521.87404705085
1448344,41521.87404705085
1448397,41521.87404705085
1448402,41521.87404705085
1448403,41521.87404705085
1448405,41521.87404705085
1448437,41521.87404705085
1448438,41521.87404705085
1448476,41521.87404705085
1448481,41521.87404705085
1448534,41521.87404705085
1448611,41521.87404705085
1448652,41521.87404705085
1448656,41521.87404705085
1448664,41521.87404705085
1448669,41521.87404705085
1448682,41521.87404705085
1448693,41521.87404705085
1448694,41521.87404705085
1448701,41521.87404705085
1448743,41521.87404705085
1448750,41521.87404705085
1448764,41521.87404705085
1448773,41521.87404705085
1448791,41521.87404705085
1448798,41521.87404705085
1448800,41521.87404705085
1448848,41521.87404705085
1448875,41521.87404705085
1448900,41521.87404705085
1448903,41521.87404705085
1448908,41521.87404705085
1448916,41521.87404705085
1448972,41521.87404705085
1448973,41521.87404705085
1448982,41521.87404705085
1448989,41521.87404705085
1449001,41521.87404705085
1449028,41521.87404705085
1449032,41521.87404705085
1449104,41521.87404705085
1449121,41521.87404705085
1449154,41521.87404705085
1449168,41521.87404705085
1449189,41521.87404705085
1449202,41521.87404705085
1449263,41521.87404705085
1449276,41521.87404705085
1449587,41521.87404705085
1449602,41521.87404705085
1449613,41521.87404705085
1449693,41521.87404705085
1449743,41521.87404705085
1449761,41521.87404705085
1449765,41521.87404705085
1449813,41521.87404705085
1449830,41521.87404705085
1449841,41521.87404705085
1449843,41521.87404705085
1449849,41521.87404705085
1449858,41521.87404705085
1449863,41521.87404705085
1449867,41521.87404705085
1449881,41521.87404705085
1449911,41521.87404705085
1449912,41521.87404705085
1449933,41521.87404705085
1449971,41521.87404705085
1450159,41521.87404705085
1450186,41521.87404705085
1450189,41521.87404705085
1450205,41521.87404705085
1450207,41521.87404705085
1450208,41521.87404705085
1450244,41521.87404705085
1450261,41521.87404705085
1450283,41521.87404705085
1450303,41521.87404705085
1450309,41521.87404705085
1450317,41521.87404705085
1450346,41521.87404705085
1450382,41521.87404705085
1450384,41521.87404705085
1452189,41521.87404705085
1452226,41521.87404705085
1452847,41521.87404705085
1453703,41521.87404705085
1456118,41521.87404705085
1457095,41521.87404705085
1457555,41521.87404705085
1457831,41521.87404705085
1462705,41521.87404705085
1462711,41521.87404705085
1462755,41521.87404705085
1462764,41521.87404705085
1462775,41521.87404705085
1462806,41521.87404705085
1462828,41521.87404705085
1462961,41521.87404705085
1462999,41521.87404705085
1463035,41521.87404705085
1463046,41521.87404705085
1463063,41521.87404705085
1463069,41521.87404705085
1463071,41521.87404705085
1463091,41521.87404705085
1463093,41521.87404705085
1463108,41521.87404705085
1463117,41521.87404705085
1463124,41521.87404705085
1463150,41521.87404705085
1463185,41521.87404705085
1463188,41521.87404705085
1463193,41521.87404705085
1463204,41521.87404705085
1463209,41521.87404705085
1463218,41521.87404705085
1463220,41521.87404705085
1463227,41521.87404705085
1463241,41521.87404705085
1463249,41521.87404705085
1463252,41521.87404705085
1463260,41521.87404705085
1463265,41521.87404705085
1463276,41521.87404705085
1463306,41521.87404705085
1463370,41521.87404705085
1464154,41521.87404705085
1464827,41521.87404705085
1465266,41521.87404705085
1465762,41521.87404705085
1465763,41521.87404705085
1466266,41521.87404705085
1466295,41521.87404705085
1466298,41521.87404705085
1466322,41521.87404705085
1466330,41521.87404705085
1466439,41521.87404705085
1466678,41521.87404705085
1466722,41521.87404705085
1466790,41521.87404705085
1466797,41521.87404705085
1466808,41521.87404705085
1466835,41521.87404705085
1466839,41521.87404705085
1466847,41521.87404705085
1466918,41521.87404705085
1466970,41521.87404705085
1467019,41521.87404705085
1467052,41521.87404705085
1467100,41521.87404705085
1467129,41521.87404705085
1467481,41521.87404705085
1467487,41521.87404705085
1467497,41521.87404705085
1467503,41521.87404705085
1467507,41521.87404705085
1467552,41521.87404705085
1467578,41521.87404705085
1467609,41521.87404705085
1467619,41521.87404705085
1467621,41521.87404705085
1467634,41521.87404705085
1467677,41521.87404705085
1467684,41521.87404705085
1467696,41521.87404705085
1467724,41521.87404705085
1467726,41521.87404705085
1467741,41521.87404705085
1467786,41521.87404705085
1467793,41521.87404705085
1467794,41521.87404705085
1467808,41521.87404705085
1467810,41521.87404705085
1467818,41521.87404705085
1467849,41521.87404705085
1467851,41521.87404705085
1467855,41521.87404705085
1467867,41521.87404705085
1467870,41521.87404705085
1467880,41521.87404705085
1467904,41521.87404705085
1467916,41521.87404705085
1467936,41521.87404705085
1467971,41521.87404705085
1468004,41521.87404705085
1468010,41521.87404705085
1468011,41521.87404705085
1468015,41521.87404705085
1468023,41521.87404705085
1468043,41521.87404705085
1468047,41521.87404705085
1468050,41521.87404705085
1468087,41521.87404705085
1468107,41521.87404705085
1468114,41521.87404705085
1468117,41521.87404705085
1468124,41521.87404705085
1468132,41521.87404705085
1468136,41521.87404705085
1468156,41521.87404705085
1468170,41521.87404705085
1468171,41521.87404705085
1468181,41521.87404705085
1468215,41521.87404705085
1468220,41521.87404705085
1468265,41521.87404705085
1468273,41521.87404705085
1468278,41521.87404705085
1468290,41521.87404705085
1468303,41521.87404705085
1468339,41521.87404705085
1468342,41521.87404705085
1468344,41521.87404705085
1468348,41521.87404705085
1468379,41521.87404705085
1468380,41521.87404705085
1468391,41521.87404705085
1468403,41521.87404705085
1468411,41521.87404705085
1468429,41521.87404705085
1468435,41521.87404705085
1468436,41521.87404705085
1468437,41521.87404705085
1468449,41521.87404705085
1468469,41521.87404705085
1468472,41521.87404705085
1468488,41521.87404705085
1468492,41521.87404705085
1468530,41521.87404705085
1468544,41521.87404705085
1468567,41521.87404705085
1468579,41521.87404705085
1468586,41521.87404705085
1468605,41521.87404705085
1468609,41521.87404705085
1468618,41521.87404705085
1468619,41521.87404705085
1468621,41521.87404705085
1468624,41521.87404705085
1468651,41521.87404705085
1468652,41521.87404705085
1468682,41521.87404705085
1469585,41521.87404705085
1470006,41521.87404705085
1470019,41521.87404705085
1470066,41521.87404705085
1470074,41521.87404705085
1470079,41521.87404705085
1470092,41521.87404705085
1470113,41521.87404705085
1470123,41521.87404705085
1470137,41521.87404705085
1470143,41521.87404705085
1470159,41521.87404705085
1470168,41521.87404705085
1470178,41521.87404705085
1470188,41521.87404705085
1470206,41521.87404705085
1470219,41521.87404705085
1470223,41521.87404705085
1470239,41521.87404705085
1470261,41521.87404705085
1470552,41521.87404705085
1470582,41521.87404705085
1470862,41521.87404705085
1470947,41521.87404705085
1473040,41521.87404705085
1473216,41521.87404705085
1473303,41521.87404705085
1473350,41521.87404705085
1474594,41521.87404705085
1476704,41521.87404705085
1476806,41521.87404705085
1476819,41521.87404705085
1476853,41521.87404705085
1476887,41521.87404705085
1476991,41521.87404705085
1477010,41521.87404705085
1477043,41521.87404705085
1477072,41521.87404705085
1477097,41521.87404705085
1477338,41521.87404705085
1477373,41521.87404705085
1478135,41521.87404705085
1481908,41521.87404705085
1481933,41521.87404705085
1481962,41521.87404705085
1481963,41521.87404705085
1481973,41521.87404705085
1481985,41521.87404705085
1482012,41521.87404705085
1482019,41521.87404705085
1482036,41521.87404705085
1482037,41521.87404705085
1482044,41521.87404705085
1482068,41521.87404705085
1482077,41521.87404705085
1482078,41521.87404705085
1482093,41521.87404705085
1482105,41521.87404705085
1482107,41521.87404705085
1482162,41521.87404705085
1482171,41521.87404705085
1482172,41521.87404705085
1482184,41521.87404705085
1482190,41521.87404705085
1482192,41521.87404705085
1482219,41521.87404705085
1482222,41521.87404705085
1482230,41521.87404705085
1482232,41521.87404705085
1482233,41521.87404705085
1482249,41521.87404705085
1482253,41521.87404705085
1482270,41521.87404705085
1482285,41521.87404705085
1482300,41521.87404705085
1482316,41521.87404705085
1482318,41521.87404705085
1482347,41521.87404705085
1482360,41521.87404705085
1482380,41521.87404705085
1482418,41521.87404705085
1482421,41521.87404705085
1482438,41521.87404705085
1482486,41521.87404705085
1482512,41521.87404705085
1482550,41521.87404705085
1482573,41521.87404705085
1482590,41521.87404705085
1482623,41521.87404705085
1482624,41521.87404705085
1482626,41521.87404705085
1482723,41521.87404705085
1482767,41521.87404705085
1482770,41521.87404705085
1482793,41521.87404705085
1482816,41521.87404705085
1482822,41521.87404705085
1482825,41521.87404705085
1482829,41521.87404705085
1482849,41521.87404705085
1482879,41521.87404705085
1482892,41521.87404705085
1482912,41521.87404705085
1482920,41521.87404705085
1482923,41521.87404705085
1482965,41521.87404705085
1482973,41521.87404705085
1482992,41521.87404705085
1483039,41521.87404705085
1483042,41521.87404705085
1483051,41521.87404705085
1483059,41521.87404705085
1483077,41521.87404705085
1483095,41521.87404705085
1483124,41521.87404705085
1483125,41521.87404705085
1483444,41521.87404705085
1483455,41521.87404705085
1483456,41521.87404705085
1483459,41521.87404705085
1483495,41521.87404705085
1483500,41521.87404705085
1483502,41521.87404705085
1483514,41521.87404705085
1483532,41521.87404705085
1483559,41521.87404705085
1483570,41521.87404705085
1483591,41521.87404705085
1483594,41521.87404705085
1483646,41521.87404705085
1483647,41521.87404705085
1483652,41521.87404705085
1483665,41521.87404705085
1483675,41521.87404705085
1483691,41521.87404705085
1483693,41521.87404705085
1483739,41521.87404705085
1483755,41521.87404705085
1483807,41521.87404705085
1483813,41521.87404705085
1483859,41521.87404705085
1483882,41521.87404705085
1483900,41521.87404705085
1483951,41521.87404705085
1483952,41521.87404705085
1483955,41521.87404705085
1483971,41521.87404705085
1483976,41521.87404705085
1485429,41521.87404705085
1486053,41521.87404705085
1486071,41521.87404705085
1486710,41521.87404705085
1487126,41521.87404705085
1487983,41521.87404705085
1487989,41521.87404705085
1488000,41521.87404705085
1488001,41521.87404705085
1488004,41521.87404705085
1488027,41521.87404705085
1488034,41521.87404705085
1488037,41521.87404705085
1488038,41521.87404705085
1488041,41521.87404705085
1488076,41521.87404705085
1488114,41521.87404705085
1488124,41521.87404705085
1488131,41521.87404705085
1488132,41521.87404705085
1488158,41521.87404705085
1488192,41521.87404705085
1488198,41521.87404705085
1488199,41521.87404705085
1488209,41521.87404705085
1488213,41521.87404705085
1488249,41521.87404705085
1488267,41521.87404705085
1488298,41521.87404705085
1488299,41521.87404705085
1488313,41521.87404705085
1488323,41521.87404705085
1488547,41521.87404705085
1488553,41521.87404705085
1488558,41521.87404705085
1488586,41521.87404705085
1488635,41521.87404705085
1488655,41521.87404705085
1488664,41521.87404705085
1488665,41521.87404705085
1488676,41521.87404705085
1488678,41521.87404705085
1488684,41521.87404705085
1488685,41521.87404705085
1488694,41521.87404705085
1488699,41521.87404705085
1488717,41521.87404705085
1488730,41521.87404705085
1488789,41521.87404705085
1488800,41521.87404705085
1488803,41521.87404705085
1488831,41521.87404705085
1488841,41521.87404705085
1488847,41521.87404705085
1488851,41521.87404705085
1488853,41521.87404705085
1488854,41521.87404705085
1488856,41521.87404705085
1488883,41521.87404705085
1488907,41521.87404705085
1488927,41521.87404705085
1488933,41521.87404705085
1488936,41521.87404705085
1488940,41521.87404705085
1488974,41521.87404705085
1488982,41521.87404705085
1489073,41521.87404705085
1489121,41521.87404705085
1489176,41521.87404705085
1489235,41521.87404705085
1489257,41521.87404705085
1489266,41521.87404705085
1489267,41521.87404705085
1489268,41521.87404705085
1489271,41521.87404705085
1489277,41521.87404705085
1489318,41521.87404705085
1489351,41521.87404705085
1489377,41521.87404705085
1489394,41521.87404705085
1489439,41521.87404705085
1489446,41521.87404705085
1489494,41521.87404705085
1489499,41521.87404705085
1489502,41521.87404705085
1489514,41521.87404705085
1489523,41521.87404705085
1489525,41521.87404705085
1490472,41521.87404705085
1490480,41521.87404705085
1490484,41521.87404705085
1490485,41521.87404705085
1490491,41521.87404705085
1490495,41521.87404705085
1490499,41521.87404705085
1490540,41521.87404705085
1490558,41521.87404705085
1490560,41521.87404705085
1490567,41521.87404705085
1490572,41521.87404705085
1490600,41521.87404705085
1490695,41521.87404705085
1490722,41521.87404705085
1490727,41521.87404705085
1490731,41521.87404705085
1490759,41521.87404705085
1490775,41521.87404705085
1490790,41521.87404705085
1490801,41521.87404705085
1490875,41521.87404705085
1490900,41521.87404705085
1490970,41521.87404705085
1490982,41521.87404705085
1490992,41521.87404705085
1490993,41521.87404705085
1491019,41521.87404705085
1491060,41521.87404705085
1491071,41521.87404705085
1492484,41521.87404705085
1492747,41521.87404705085
1492777,41521.87404705085
1493822,41521.87404705085
1494051,41521.87404705085
1494077,41521.87404705085
1494089,41521.87404705085
1494092,41521.87404705085
1494100,41521.87404705085
1494146,41521.87404705085
1494150,41521.87404705085
1494157,41521.87404705085
1494204,41521.87404705085
1494222,41521.87404705085
1494265,41521.87404705085
1494285,41521.87404705085
1494311,41521.87404705085
1494398,41521.87404705085
1494433,41521.87404705085
1494656,41521.87404705085
1494737,41521.87404705085
1494997,41521.87404705085
1495709,41521.87404705085
1496065,41521.87404705085
1497470,41521.87404705085
1497506,41521.87404705085
1497586,41521.87404705085
1497622,41521.87404705085
1497647,41521.87404705085
1497648,41521.87404705085
1497652,41521.87404705085
1497655,41521.87404705085
1497710,41521.87404705085
1497759,41521.87404705085
1497761,41521.87404705085
1497809,41521.87404705085
1497815,41521.87404705085
1497820,41521.87404705085
1497843,41521.87404705085
1497859,41521.87404705085
1497875,41521.87404705085
1497901,41521.87404705085
1497952,41521.87404705085
1497985,41521.87404705085
1497999,41521.87404705085
1498020,41521.87404705085
1498046,41521.87404705085
1498054,41521.87404705085
1498066,41521.87404705085
1498086,41521.87404705085
1498109,41521.87404705085
1498150,41521.87404705085
1498174,41521.87404705085
1498218,41521.87404705085
1498237,41521.87404705085
1498252,41521.87404705085
1498524,41521.87404705085
1498574,41521.87404705085
1499490,41521.87404705085
1501277,41521.87404705085
1502071,41521.87404705085
1504745,41521.87404705085
1506001,41521.87404705085
1507226,41521.87404705085
1507303,41521.87404705085
1507304,41521.87404705085
1507341,41521.87404705085
1507344,41521.87404705085
1507366,41521.87404705085
1507373,41521.87404705085
1507403,41521.87404705085
1507420,41521.87404705085
1507441,41521.87404705085
1507449,41521.87404705085
1507451,41521.87404705085
1507467,41521.87404705085
1507482,41521.87404705085
1507514,41521.87404705085
1507528,41521.87404705085
1507550,41521.87404705085
1507600,41521.87404705085
1507628,41521.87404705085
1507631,41521.87404705085
1507635,41521.87404705085
1507642,41521.87404705085
1507653,41521.87404705085
1507678,41521.87404705085
1507728,41521.87404705085
1507740,41521.87404705085
1507749,41521.87404705085
1507750,41521.87404705085
1507761,41521.87404705085
1507788,41521.87404705085
1507793,41521.87404705085
1507807,41521.87404705085
1507810,41521.87404705085
1507825,41521.87404705085
1507857,41521.87404705085
1507865,41521.87404705085
1507902,41521.87404705085
1508955,41521.87404705085
1509432,41521.87404705085
1510507,41521.87404705085
1511590,41521.87404705085
1511608,41521.87404705085
1511638,41521.87404705085
1511648,41521.87404705085
1511653,41521.87404705085
1511703,41521.87404705085
1512627,41521.87404705085
1512633,41521.87404705085
1512634,41521.87404705085
1512635,41521.87404705085
1512639,41521.87404705085
1512650,41521.87404705085
1512651,41521.87404705085
1512678,41521.87404705085
1512698,41521.87404705085
1512701,41521.87404705085
1512767,41521.87404705085
1512768,41521.87404705085
1512773,41521.87404705085
1512792,41521.87404705085
1512802,41521.87404705085
1512823,41521.87404705085
1512875,41521.87404705085
1512879,41521.87404705085
1512932,41521.87404705085
1512945,41521.87404705085
1512954,41521.87404705085
1512972,41521.87404705085
1512975,41521.87404705085
1512980,41521.87404705085
1512998,41521.87404705085
1513031,41521.87404705085
1513051,41521.87404705085
1513065,41521.87404705085
1513088,41521.87404705085
1513089,41521.87404705085
1513096,41521.87404705085
1513112,41521.87404705085
1513116,41521.87404705085
1513126,41521.87404705085
1513130,41521.87404705085
1513154,41521.87404705085
1513185,41521.87404705085
1513252,41521.87404705085
1513263,41521.87404705085
1513308,41521.87404705085
1513335,41521.87404705085
1513359,41521.87404705085
1513366,41521.87404705085
1513382,41521.87404705085
1513406,41521.87404705085
1513409,41521.87404705085
1513415,41521.87404705085
1513437,41521.87404705085
1513444,41521.87404705085
1513464,41521.87404705085
1513515,41521.87404705085
1513533,41521.87404705085
1513555,41521.87404705085
1513578,41521.87404705085
1513603,41521.87404705085
1513609,41521.87404705085
1513614,41521.87404705085
1513636,41521.87404705085
1513641,41521.87404705085
1513649,41521.87404705085
1513652,41521.87404705085
1513658,41521.87404705085
1513667,41521.87404705085
1513684,41521.87404705085
1513689,41521.87404705085
1513697,41521.87404705085
1513704,41521.87404705085
1513729,41521.87404705085
1513734,41521.87404705085
1513738,41521.87404705085
1513740,41521.87404705085
1513743,41521.87404705085
1513778,41521.87404705085
1513793,41521.87404705085
1513807,41521.87404705085
1513809,41521.87404705085
1513842,41521.87404705085
1513848,41521.87404705085
1514024,41521.87404705085
1514026,41521.87404705085
1514028,41521.87404705085
1514029,41521.87404705085
1514058,41521.87404705085
1514081,41521.87404705085
1514083,41521.87404705085
1514091,41521.87404705085
1514099,41521.87404705085
1514123,41521.87404705085
1514238,41521.87404705085
1514245,41521.87404705085
1514261,41521.87404705085
1514296,41521.87404705085
1514310,41521.87404705085
1514319,41521.87404705085
1514332,41521.87404705085
1514642,41521.87404705085
1514654,41521.87404705085
1514670,41521.87404705085
1514676,41521.87404705085
1514871,41521.87404705085
1514924,41521.87404705085
1514961,41521.87404705085
1514965,41521.87404705085
1514979,41521.87404705085
1515001,41521.87404705085
1515026,41521.87404705085
1515036,41521.87404705085
1515046,41521.87404705085
1515048,41521.87404705085
1515062,41521.87404705085
1515084,41521.87404705085
1515095,41521.87404705085
1515112,41521.87404705085
1515170,41521.87404705085
1515180,41521.87404705085
1515198,41521.87404705085
1515205,41521.87404705085
1515224,41521.87404705085
1515245,41521.87404705085
1515260,41521.87404705085
1515274,41521.87404705085
1515280,41521.87404705085
1515281,41521.87404705085
1515300,41521.87404705085
1515318,41521.87404705085
1515371,41521.87404705085
1515389,41521.87404705085
1516011,41521.87404705085
1516030,41521.87404705085
1516099,41521.87404705085
1516105,41521.87404705085
1516106,41521.87404705085
1516111,41521.87404705085
1517099,41521.87404705085
1518855,41521.87404705085
1519171,41521.87404705085
1519243,41521.87404705085
1519695,41521.87404705085
1519776,41521.87404705085
1519785,41521.87404705085
1519787,41521.87404705085
1519839,41521.87404705085
1519867,41521.87404705085
1520128,41521.87404705085
1520560,41521.87404705085
1520566,41521.87404705085
1520569,41521.87404705085
1520805,41521.87404705085
1520938,41521.87404705085
1520942,41521.87404705085
1520967,41521.87404705085
1520994,41521.87404705085
1521699,41521.87404705085
1521707,41521.87404705085
1521709,41521.87404705085
1521724,41521.87404705085
1521725,41521.87404705085
1521730,41521.87404705085
1521734,41521.87404705085
1521753,41521.87404705085
1521821,41521.87404705085
1521828,41521.87404705085
1521837,41521.87404705085
1521842,41521.87404705085
1521844,41521.87404705085
1521849,41521.87404705085
1521895,41521.87404705085
1521898,41521.87404705085
1521929,41521.87404705085
1521938,41521.87404705085
1521973,41521.87404705085
1521991,41521.87404705085
1522000,41521.87404705085
1522015,41521.87404705085
1522034,41521.87404705085
1522042,41521.87404705085
1522056,41521.87404705085
1522065,41521.87404705085
1522077,41521.87404705085
1522081,41521.87404705085
1522086,41521.87404705085
1522095,41521.87404705085
1522099,41521.87404705085
1522104,41521.87404705085
1522109,41521.87404705085
1522115,41521.87404705085
1522118,41521.87404705085
1522120,41521.87404705085
1522145,41521.87404705085
1522154,41521.87404705085
1522165,41521.87404705085
1522175,41521.87404705085
1522178,41521.87404705085
1522181,41521.87404705085
1522189,41521.87404705085
1522190,41521.87404705085
1522191,41521.87404705085
1522209,41521.87404705085
1522214,41521.87404705085
1522217,41521.87404705085
1522232,41521.87404705085
1522237,41521.87404705085
1522245,41521.87404705085
1522254,41521.87404705085
1522275,41521.87404705085
1522284,41521.87404705085
1522294,41521.87404705085
1522295,41521.87404705085
1522339,41521.87404705085
1522346,41521.87404705085
1522351,41521.87404705085
1522356,41521.87404705085
1522383,41521.87404705085
1522384,41521.87404705085
1522385,41521.87404705085
1522390,41521.87404705085
1522399,41521.87404705085
1522405,41521.87404705085
1522421,41521.87404705085
1522435,41521.87404705085
1522440,41521.87404705085
1522449,41521.87404705085
1522485,41521.87404705085
1522488,41521.87404705085
1522515,41521.87404705085
1522531,41521.87404705085
1522536,41521.87404705085
1522545,41521.87404705085
1522735,41521.87404705085
1522757,41521.87404705085
1522771,41521.87404705085
1522788,41521.87404705085
1522810,41521.87404705085
1522856,41521.87404705085
1522888,41521.87404705085
1522903,41521.87404705085
1522956,41521.87404705085
1522989,41521.87404705085
1522999,41521.87404705085
1523004,41521.87404705085
1523006,41521.87404705085
1523019,41521.87404705085
1523047,41521.87404705085
1523050,41521.87404705085
1523064,41521.87404705085
1523066,41521.87404705085
1523094,41521.87404705085
1523098,41521.87404705085
1523108,41521.87404705085
1523110,41521.87404705085
1523153,41521.87404705085
1523180,41521.87404705085
1523183,41521.87404705085
1523189,41521.87404705085
1523190,41521.87404705085
1523191,41521.87404705085
1523197,41521.87404705085
1523215,41521.87404705085
1523223,41521.87404705085
1523225,41521.87404705085
1523229,41521.87404705085
1523408,41521.87404705085
1523420,41521.87404705085
1523438,41521.87404705085
1523446,41521.87404705085
1523463,41521.87404705085
1523526,41521.87404705085
1523545,41521.87404705085
1523546,41521.87404705085
1523555,41521.87404705085
1523625,41521.87404705085
1523638,41521.87404705085
1523658,41521.87404705085
1523676,41521.87404705085
1523709,41521.87404705085
1523722,41521.87404705085
1523725,41521.87404705085
1523730,41521.87404705085
1523732,41521.87404705085
1523757,41521.87404705085
1523764,41521.87404705085
1523765,41521.87404705085
1523766,41521.87404705085
1523782,41521.87404705085
1523785,41521.87404705085
1523795,41521.87404705085
1523796,41521.87404705085
1523802,41521.87404705085
1523809,41521.87404705085
1523832,41521.87404705085
1523849,41521.87404705085
1523890,41521.87404705085
1523892,41521.87404705085
1523899,41521.87404705085
1523974,41521.87404705085
1523975,41521.87404705085
1523982,41521.87404705085
1524027,41521.87404705085
1524078,41521.87404705085
1524084,41521.87404705085
1524095,41521.87404705085
1524138,41521.87404705085
1524145,41521.87404705085
1524161,41521.87404705085
1524167,41521.87404705085
1524198,41521.87404705085
1524220,41521.87404705085
1524235,41521.87404705085
1524244,41521.87404705085
1524254,41521.87404705085
1524265,41521.87404705085
1524269,41521.87404705085
1524279,41521.87404705085
1524292,41521.87404705085
1524298,41521.87404705085
1524302,41521.87404705085
1524397,41521.87404705085
1524423,41521.87404705085
1524427,41521.87404705085
1524451,41521.87404705085
1524483,41521.87404705085
1524493,41521.87404705085
1524508,41521.87404705085
1524509,41521.87404705085
1524513,41521.87404705085
1524545,41521.87404705085
1524601,41521.87404705085
1524674,41521.87404705085
1524687,41521.87404705085
1524691,41521.87404705085
1524732,41521.87404705085
1524760,41521.87404705085
1524814,41521.87404705085
1524818,41521.87404705085
1524829,41521.87404705085
1524846,41521.87404705085
1524852,41521.87404705085
1524861,41521.87404705085
1524874,41521.87404705085
1524875,41521.87404705085
1524880,41521.87404705085
1524922,41521.87404705085
1524929,41521.87404705085
1524941,41521.87404705085
1524961,41521.87404705085
1524965,41521.87404705085
1525015,41521.87404705085
1525017,41521.87404705085
1525021,41521.87404705085
1525031,41521.87404705085
1525046,41521.87404705085
1525690,41521.87404705085
1526058,41521.87404705085
1526067,41521.87404705085
1526105,41521.87404705085
1526109,41521.87404705085
1526164,41521.87404705085
1526178,41521.87404705085
1526187,41521.87404705085
1526286,41521.87404705085
1526293,41521.87404705085
1526296,41521.87404705085
1526297,41521.87404705085
1526310,41521.87404705085
1526312,41521.87404705085
1526941,41521.87404705085
1527041,41521.87404705085
1527057,41521.87404705085
1527074,41521.87404705085
1527080,41521.87404705085
1527300,41521.87404705085
1527312,41521.87404705085
1527321,41521.87404705085
1527340,41521.87404705085
1527354,41521.87404705085
1527359,41521.87404705085
1527366,41521.87404705085
1527383,41521.87404705085
1527388,41521.87404705085
1527427,41521.87404705085
1527431,41521.87404705085
1527436,41521.87404705085
1527441,41521.87404705085
1527442,41521.87404705085
1527457,41521.87404705085
1527463,41521.87404705085
1527507,41521.87404705085
1527586,41521.87404705085
1527588,41521.87404705085
1527598,41521.87404705085
1527600,41521.87404705085
1527645,41521.87404705085
1527671,41521.87404705085
1527681,41521.87404705085
1527684,41521.87404705085
1527693,41521.87404705085
1527709,41521.87404705085
1527716,41521.87404705085
1527718,41521.87404705085
1529749,41521.87404705085
1529755,41521.87404705085
1529774,41521.87404705085
1529811,41521.87404705085
1529820,41521.87404705085
1529841,41521.87404705085
1529846,41521.87404705085
1529857,41521.87404705085
1529956,41521.87404705085
1529958,41521.87404705085
1529993,41521.87404705085
1529995,41521.87404705085
1530003,41521.87404705085
1530045,41521.87404705085
1530056,41521.87404705085
1530074,41521.87404705085
1530095,41521.87404705085
1530107,41521.87404705085
1530345,41521.87404705085
1530360,41521.87404705085
1531263,41521.87404705085
1531270,41521.87404705085
1531312,41521.87404705085
1531323,41521.87404705085
1531347,41521.87404705085
1531426,41521.87404705085
1531444,41521.87404705085
1531470,41521.87404705085
1531473,41521.87404705085
1531487,41521.87404705085
1531488,41521.87404705085
1531510,41521.87404705085
1531514,41521.87404705085
1531526,41521.87404705085
1531971,41521.87404705085
1532001,41521.87404705085
1532063,41521.87404705085
1532068,41521.87404705085
1532095,41521.87404705085
1532146,41521.87404705085
1532167,41521.87404705085
1532236,41521.87404705085
1532325,41521.87404705085
1532361,41521.87404705085
1532692,41521.87404705085
1532854,41521.87404705085
1532911,41521.87404705085
1533226,41521.87404705085
1533589,41521.87404705085
1533836,41521.87404705085
1534267,41521.87404705085
1534419,41521.87404705085
1534619,41521.87404705085
1534741,41521.87404705085
1534808,41521.87404705085
1534821,41521.87404705085
1534835,41521.87404705085
1536214,41521.87404705085
1537137,41521.87404705085
1537142,41521.87404705085
1537144,41521.87404705085
1537155,41521.87404705085
1537157,41521.87404705085
1537166,41521.87404705085
1537184,41521.87404705085
1537196,41521.87404705085
1537215,41521.87404705085
1537235,41521.87404705085
1537238,41521.87404705085
1537616,41521.87404705085
1537631,41521.87404705085
1537820,41521.87404705085
1538429,41521.87404705085
1538431,41521.87404705085
1538634,41521.87404705085
1538635,41521.87404705085
1538642,41521.87404705085
1538669,41521.87404705085
1538700,41521.87404705085
1538704,41521.87404705085
1538732,41521.87404705085
1538734,41521.87404705085
1538746,41521.87404705085
1538780,41521.87404705085
1538797,41521.87404705085
1538818,41521.87404705085
1538842,41521.87404705085
1538848,41521.87404705085
1538849,41521.87404705085
1538860,41521.87404705085
1538900,41521.87404705085
1538915,41521.87404705085
1538949,41521.87404705085
1538950,41521.87404705085
1538970,41521.87404705085
1538971,41521.87404705085
1538987,41521.87404705085
1538989,41521.87404705085
1539017,41521.87404705085
1539018,41521.87404705085
1539025,41521.87404705085
1539043,41521.87404705085
1539057,41521.87404705085
1539080,41521.87404705085
1539095,41521.87404705085
1539154,41521.87404705085
1539161,41521.87404705085
1539167,41521.87404705085
1539178,41521.87404705085
1539186,41521.87404705085
1539221,41521.87404705085
1539237,41521.87404705085
1539254,41521.87404705085
1539446,41521.87404705085
1539763,41521.87404705085
1539884,41521.87404705085
1539887,41521.87404705085
1540721,41521.87404705085
1541334,41521.87404705085
1541755,41521.87404705085
1543256,41521.87404705085
1543270,41521.87404705085
1543317,41521.87404705085
1543798,41521.87404705085
1543814,41521.87404705085
1543839,41521.87404705085
1543850,41521.87404705085
1544014,41521.87404705085
1544023,41521.87404705085
1544120,41521.87404705085
1544135,41521.87404705085
1544400,41521.87404705085
1544408,41521.87404705085
1544421,41521.87404705085
1544441,41521.87404705085
1544484,41521.87404705085
1544515,41521.87404705085
1545104,41521.87404705085
1545601,41521.87404705085
1545818,41521.87404705085
1545843,41521.87404705085
1545873,41521.87404705085
1545888,41521.87404705085
1547033,41521.87404705085
1547036,41521.87404705085
1547098,41521.87404705085
1547667,41521.87404705085
1547668,41521.87404705085
1547773,41521.87404705085
1547809,41521.87404705085
1548154,41521.87404705085
1548428,41521.87404705085
1548502,41521.87404705085
1548718,41521.87404705085
1548752,41521.87404705085
1548754,41521.87404705085
1548814,41521.87404705085
1548818,41521.87404705085
1548835,41521.87404705085
1549052,41521.87404705085
1549109,41521.87404705085
1549114,41521.87404705085
1549151,41521.87404705085
1549195,41521.87404705085
1549199,41521.87404705085
1549249,41521.87404705085
1549262,41521.87404705085
1549374,41521.87404705085
1549457,41521.87404705085
1549489,41521.87404705085
1549547,41521.87404705085
1549728,41521.87404705085
1549902,41521.87404705085
1550896,41521.87404705085
1550899,41521.87404705085
1550927,41521.87404705085
1551016,41521.87404705085
1551133,41521.87404705085
1551135,41521.87404705085
1551195,41521.87404705085
1551228,41521.87404705085
1551281,41521.87404705085
1551295,41521.87404705085
1551424,41521.87404705085
1551425,41521.87404705085
1551433,41521.87404705085
1551479,41521.87404705085
1551501,41521.87404705085
1551571,41521.87404705085
1551580,41521.87404705085
1551589,41521.87404705085
1551625,41521.87404705085
1551644,41521.87404705085
1553720,41521.87404705085
1553726,41521.87404705085
1553738,41521.87404705085
1553795,41521.87404705085
1553857,41521.87404705085
1553954,41521.87404705085
1553999,41521.87404705085
1554011,41521.87404705085
1554073,41521.87404705085
1554081,41521.87404705085
1555426,41521.87404705085
1555474,41521.87404705085
1555481,41521.87404705085
1555757,41521.87404705085
1555865,41521.87404705085
1555995,41521.87404705085
1556126,41521.87404705085
1556198,41521.87404705085
1556206,41521.87404705085
1556212,41521.87404705085
1556386,41521.87404705085
1556432,41521.87404705085
1556448,41521.87404705085
1556489,41521.87404705085
1556573,41521.87404705085
1556637,41521.87404705085
1556792,41521.87404705085
1556880,41521.87404705085
1556883,41521.87404705085
1556972,41521.87404705085
1556975,41521.87404705085
1556978,41521.87404705085
1557016,41521.87404705085
1557074,41521.87404705085
1557325,41521.87404705085
1557446,41521.87404705085
1557453,41521.87404705085
1557506,41521.87404705085
1557645,41521.87404705085
1557652,41521.87404705085
1557671,41521.87404705085
1557690,41521.87404705085
1557694,41521.87404705085
1557936,41521.87404705085
1557954,41521.87404705085
1557955,41521.87404705085
1557959,41521.87404705085
1557973,41521.87404705085
1558043,41521.87404705085
1558060,41521.87404705085
1560112,41521.87404705085
1561073,41521.87404705085
1561115,41521.87404705085
1561139,41521.87404705085
1561177,41521.87404705085
1561197,41521.87404705085
1561249,41521.87404705085
1561275,41521.87404705085
1561376,41521.87404705085
1561516,41521.87404705085
1561639,41521.87404705085
1561651,41521.87404705085
1561680,41521.87404705085
1562934,41521.87404705085
1563338,41521.87404705085
1563546,41521.87404705085
1563719,41521.87404705085
1564002,41521.87404705085
1564713,41521.87404705085
1564720,41521.87404705085
1565437,41521.87404705085
1565477,41521.87404705085
1565526,41521.87404705085
1567041,41521.87404705085
1567069,41521.87404705085
1567086,41521.87404705085
1567155,41521.87404705085
1567201,41521.87404705085
1567206,41521.87404705085
1567354,41521.87404705085
1567373,41521.87404705085
1567385,41521.87404705085
1567416,41521.87404705085
1567432,41521.87404705085
1567445,41521.87404705085
1567450,41521.87404705085
1567452,41521.87404705085
1567573,41521.87404705085
1567635,41521.87404705085
1567679,41521.87404705085
1567723,41521.87404705085
1567734,41521.87404705085
1567787,41521.87404705085
1567956,41521.87404705085
1567973,41521.87404705085
1568159,41521.87404705085
1568164,41521.87404705085
1568174,41521.87404705085
1568193,41521.87404705085
1568371,41521.87404705085
1568709,41521.87404705085
1568734,41521.87404705085
1568777,41521.87404705085
1568783,41521.87404705085
1569511,41521.87404705085
1571073,41521.87404705085
1571108,41521.87404705085
1571113,41521.87404705085
1573770,41521.87404705085
1574228,41521.87404705085
1574392,41521.87404705085
1577364,41521.87404705085
1577564,41521.87404705085
1577827,41521.87404705085
1577893,41521.87404705085
1577939,41521.87404705085
1577944,41521.87404705085
1577948,41521.87404705085
1577979,41521.87404705085
1578045,41521.87404705085
1578083,41521.87404705085
1578090,41521.87404705085
1578091,41521.87404705085
1578161,41521.87404705085
1578191,41521.87404705085
1578212,41521.87404705085
1578273,41521.87404705085
1579336,41521.87404705085
1579365,41521.87404705085
1579407,41521.87404705085
1579670,41521.87404705085
1579692,41521.87404705085
1579761,41521.87404705085
1579777,41521.87404705085
1579786,41521.87404705085
1579790,41521.87404705085
1579932,41521.87404705085
1579942,41521.87404705085
1580032,41521.87404705085
1580055,41521.87404705085
1580128,41521.87404705085
1580131,41521.87404705085
1580288,41521.87404705085
1580449,41521.87404705085
1580459,41521.87404705085
1580549,41521.87404705085
1580733,41521.87404705085
1580772,41521.87404705085
1580856,41521.87404705085
1580864,41521.87404705085
1580908,41521.87404705085
1580922,41521.87404705085
1580929,41521.87404705085
1580934,41521.87404705085
1580962,41521.87404705085
1581015,41521.87404705085
1581055,41521.87404705085
1581123,41521.87404705085
1581127,41521.87404705085
1581180,41521.87404705085
1581181,41521.87404705085
1581188,41521.87404705085
1581190,41521.87404705085
1581197,41521.87404705085
1581205,41521.87404705085
1581227,41521.87404705085
1581247,41521.87404705085
1581307,41521.87404705085
1581313,41521.87404705085
1581332,41521.87404705085
1581334,41521.87404705085
1581337,41521.87404705085
1581391,41521.87404705085
1581406,41521.87404705085
1581430,41521.87404705085
1581432,41521.87404705085
1581449,41521.87404705085
1581490,41521.87404705085
1581495,41521.87404705085
1581523,41521.87404705085
1581527,41521.87404705085
1581528,41521.87404705085
1581539,41521.87404705085
1581542,41521.87404705085
1581553,41521.87404705085
1581565,41521.87404705085
1581619,41521.87404705085
1581632,41521.87404705085
1581633,41521.87404705085
1581702,41521.87404705085
1581704,41521.87404705085
1581710,41521.87404705085
1581749,41521.87404705085
1581752,41521.87404705085
1581758,41521.87404705085
1581796,41521.87404705085
1581819,41521.87404705085
1581831,41521.87404705085
1581846,41521.87404705085
1581853,41521.87404705085
1581920,41521.87404705085
1581923,41521.87404705085
1581947,41521.87404705085
1581989,41521.87404705085
1581996,41521.87404705085
1582038,41521.87404705085
1582050,41521.87404705085
1582054,41521.87404705085
1582066,41521.87404705085
1582089,41521.87404705085
1582103,41521.87404705085
1582115,41521.87404705085
1582125,41521.87404705085
1582154,41521.87404705085
1582199,41521.87404705085
1582201,41521.87404705085
1582230,41521.87404705085
1582271,41521.87404705085
1582279,41521.87404705085
1582282,41521.87404705085
1582298,41521.87404705085
1582325,41521.87404705085
1582334,41521.87404705085
1582337,41521.87404705085
1582348,41521.87404705085
1582356,41521.87404705085
1582402,41521.87404705085
1582418,41521.87404705085
1582424,41521.87404705085
1582454,41521.87404705085
1582516,41521.87404705085
1582527,41521.87404705085
1582543,41521.87404705085
1582598,41521.87404705085
1582613,41521.87404705085
1582614,41521.87404705085
1582649,41521.87404705085
1582650,41521.87404705085
1582661,41521.87404705085
1582667,41521.87404705085
1582684,41521.87404705085
1582745,41521.87404705085
1582777,41521.87404705085
1582803,41521.87404705085
1582805,41521.87404705085
1582824,41521.87404705085
1582862,41521.87404705085
1582940,41521.87404705085
1582957,41521.87404705085
1582965,41521.87404705085
1582970,41521.87404705085
1582986,41521.87404705085
1583004,41521.87404705085
1583083,41521.87404705085
1583092,41521.87404705085
1583140,41521.87404705085
1583172,41521.87404705085
1583177,41521.87404705085
1583191,41521.87404705085
1583218,41521.87404705085
1583225,41521.87404705085
1583236,41521.87404705085
1583243,41521.87404705085
1583247,41521.87404705085
1583257,41521.87404705085
1583259,41521.87404705085
1583272,41521.87404705085
1583276,41521.87404705085
1583287,41521.87404705085
1583304,41521.87404705085
1583305,41521.87404705085
1583308,41521.87404705085
1583335,41521.87404705085
1583351,41521.87404705085
1583360,41521.87404705085
1583363,41521.87404705085
1583372,41521.87404705085
1583683,41521.87404705085
1583757,41521.87404705085
1583761,41521.87404705085
1583764,41521.87404705085
1583780,41521.87404705085
1583797,41521.87404705085
1583804,41521.87404705085
1583811,41521.87404705085
1583816,41521.87404705085
1583848,41521.87404705085
1583852,41521.87404705085
1583859,41521.87404705085
1583876,41521.87404705085
1583883,41521.87404705085
1583884,41521.87404705085
1583888,41521.87404705085
1583899,41521.87404705085
1583902,41521.87404705085
1583903,41521.87404705085
1583904,41521.87404705085
1583906,41521.87404705085
1583909,41521.87404705085
1583962,41521.87404705085
1583980,41521.87404705085
1584006,41521.87404705085
1584020,41521.87404705085
1584035,41521.87404705085
1584050,41521.87404705085
1584059,41521.87404705085
1584061,41521.87404705085
1584091,41521.87404705085
1584112,41521.87404705085
1584122,41521.87404705085
1584172,41521.87404705085
1584176,41521.87404705085
1584198,41521.87404705085
1584313,41521.87404705085
1584331,41521.87404705085
1584355,41521.87404705085
1584356,41521.87404705085
1584384,41521.87404705085
1584399,41521.87404705085
1584412,41521.87404705085
1584426,41521.87404705085
1584450,41521.87404705085
1584516,41521.87404705085
1584544,41521.87404705085
1584556,41521.87404705085
1584631,41521.87404705085
1584659,41521.87404705085
1584705,41521.87404705085
1584763,41521.87404705085
1584783,41521.87404705085
1584806,41521.87404705085
1584808,41521.87404705085
1584810,41521.87404705085
1584817,41521.87404705085
1584842,41521.87404705085
1584863,41521.87404705085
1584873,41521.87404705085
1584888,41521.87404705085
1584906,41521.87404705085
1584928,41521.87404705085
1584929,41521.87404705085
1584934,41521.87404705085
1584946,41521.87404705085
1584981,41521.87404705085
1585023,41521.87404705085
1585087,41521.87404705085
1585109,41521.87404705085
1585141,41521.87404705085
1585181,41521.87404705085
1585247,41521.87404705085
1585261,41521.87404705085
1585262,41521.87404705085
1585443,41521.87404705085
1585449,41521.87404705085
1585450,41521.87404705085
1585451,41521.87404705085
1585459,41521.87404705085
1585460,41521.87404705085
1585467,41521.87404705085
1585472,41521.87404705085
1585488,41521.87404705085
1585489,41521.87404705085
1585495,41521.87404705085
1585497,41521.87404705085
1585527,41521.87404705085
1585558,41521.87404705085
1585560,41521.87404705085
1585585,41521.87404705085
1585589,41521.87404705085
1585603,41521.87404705085
1585605,41521.87404705085
1585642,41521.87404705085
1585679,41521.87404705085
1585691,41521.87404705085
1585692,41521.87404705085
1585695,41521.87404705085
1585712,41521.87404705085
1585767,41521.87404705085
1585780,41521.87404705085
1585810,41521.87404705085
1585812,41521.87404705085
1585825,41521.87404705085
1585920,41521.87404705085
1585951,41521.87404705085
1586021,41521.87404705085
1586030,41521.87404705085
1586057,41521.87404705085
1586102,41521.87404705085
1586115,41521.87404705085
1586119,41521.87404705085
1586127,41521.87404705085
1586148,41521.87404705085
1586165,41521.87404705085
1586169,41521.87404705085
1586308,41521.87404705085
1586312,41521.87404705085
1586427,41521.87404705085
1586437,41521.87404705085
1586483,41521.87404705085
1586489,41521.87404705085
1586492,41521.87404705085
1586511,41521.87404705085
1586650,41521.87404705085
1586681,41521.87404705085
1586792,41521.87404705085
1586810,41521.87404705085
1586875,41521.87404705085
1586909,41521.87404705085
1586930,41521.87404705085
1586938,41521.87404705085
1586955,41521.87404705085
1586965,41521.87404705085
1587046,41521.87404705085
1587077,41521.87404705085
1587086,41521.87404705085
1587087,41521.87404705085
1587233,41521.87404705085
1587285,41521.87404705085
1587333,41521.87404705085
1587345,41521.87404705085
1587347,41521.87404705085
1587358,41521.87404705085
1587410,41521.87404705085
1587413,41521.87404705085
1587463,41521.87404705085
1587468,41521.87404705085
1587473,41521.87404705085
1587483,41521.87404705085
1587572,41521.87404705085
1587611,41521.87404705085
1587745,41521.87404705085
1587776,41521.87404705085
1587883,41521.87404705085
1587944,41521.87404705085
1587965,41521.87404705085
1587998,41521.87404705085
1588034,41521.87404705085
1588055,41521.87404705085
1588192,41521.87404705085
1588352,41521.87404705085
1588434,41521.87404705085
1588455,41521.87404705085
1588474,41521.87404705085
1588530,41521.87404705085
1588804,41521.87404705085
1588811,41521.87404705085
1588876,41521.87404705085
1588987,41521.87404705085
1589030,41521.87404705085
1589411,41521.87404705085
1589450,41521.87404705085
1589471,41521.87404705085
1589485,41521.87404705085
1589510,41521.87404705085
1589537,41521.87404705085
1589567,41521.87404705085
1589593,41521.87404705085
1589609,41521.87404705085
1589612,41521.87404705085
1589616,41521.87404705085
1589640,41521.87404705085
1589641,41521.87404705085
1589646,41521.87404705085
1589677,41521.87404705085
1589754,41521.87404705085
1589757,41521.87404705085
1589815,41521.87404705085
1589914,41521.87404705085
1589924,41521.87404705085
1590023,41521.87404705085
1590054,41521.87404705085
1590055,41521.87404705085
1590146,41521.87404705085
1590147,41521.87404705085
1590239,41521.87404705085
1590259,41521.87404705085
1590292,41521.87404705085
1590293,41521.87404705085
1590358,41521.87404705085
1590382,41521.87404705085
1590460,41521.87404705085
1590462,41521.87404705085
1590513,41521.87404705085
1590696,41521.87404705085
1590955,41521.87404705085
1591473,41521.87404705085
1591639,41521.87404705085
1591671,41521.87404705085
1591688,41521.87404705085
1591719,41521.87404705085
1591785,41521.87404705085
1591803,41521.87404705085
1591831,41521.87404705085
1591838,41521.87404705085
1591939,41521.87404705085
1592349,41521.87404705085
1592358,41521.87404705085
1592364,41521.87404705085
1592380,41521.87404705085
1592384,41521.87404705085
1592395,41521.87404705085
1592402,41521.87404705085
1592410,41521.87404705085
1592418,41521.87404705085
1592419,41521.87404705085
1592429,41521.87404705085
1592486,41521.87404705085
1592512,41521.87404705085
1592527,41521.87404705085
1592549,41521.87404705085
1592561,41521.87404705085
1592583,41521.87404705085
1592589,41521.87404705085
1592594,41521.87404705085
1592606,41521.87404705085
1592654,41521.87404705085
1592661,41521.87404705085
1592723,41521.87404705085
1592727,41521.87404705085
1592918,41521.87404705085
1592921,41521.87404705085
1592962,41521.87404705085
1592984,41521.87404705085
1592993,41521.87404705085
1593016,41521.87404705085
1593033,41521.87404705085
1593076,41521.87404705085
1593103,41521.87404705085
1593106,41521.87404705085
1593187,41521.87404705085
1593322,41521.87404705085
1593338,41521.87404705085
1593347,41521.87404705085
1593378,41521.87404705085
1593461,41521.87404705085
1593474,41521.87404705085
1593957,41521.87404705085
1593962,41521.87404705085
1594163,41521.87404705085
1594179,41521.87404705085
1594465,41521.87404705085
1594506,41521.87404705085
1594546,41521.87404705085
1594547,41521.87404705085
1594576,41521.87404705085
1594588,41521.87404705085
1594727,41521.87404705085
1594738,41521.87404705085
1595031,41521.87404705085
1595274,41521.87404705085
1595547,41521.87404705085
1595989,41521.87404705085
1596024,41521.87404705085
1596036,41521.87404705085
1596087,41521.87404705085
1596259,41521.87404705085
1596299,41521.87404705085
1596301,41521.87404705085
1596528,41521.87404705085
1596764,41521.87404705085
1596806,41521.87404705085
1596996,41521.87404705085
1597132,41521.87404705085
1597725,41521.87404705085
1597756,41521.87404705085
1597846,41521.87404705085
1598048,41521.87404705085
1598129,41521.87404705085
1598286,41521.87404705085
1598440,41521.87404705085
1598732,41521.87404705085
1598758,41521.87404705085
1598802,41521.87404705085
1598827,41521.87404705085
1599002,41521.87404705085
1599012,41521.87404705085
1599043,41521.87404705085
1599214,41521.87404705085
1599689,41521.87404705085
1599705,41521.87404705085
1599730,41521.87404705085
1599757,41521.87404705085
1599980,41521.87404705085
1599991,41521.87404705085
1600151,41521.87404705085
1600164,41521.87404705085
1600192,41521.87404705085
1600259,41521.87404705085
1600286,41521.87404705085
1600301,41521.87404705085
1600397,41521.87404705085
1600398,41521.87404705085
1600405,41521.87404705085
1600416,41521.87404705085
1600440,41521.87404705085
1600482,41521.87404705085
1600503,41521.87404705085
1600660,41521.87404705085
1600683,41521.87404705085
1600716,41521.87404705085
1600725,41521.87404705085
1600762,41521.87404705085
1600838,41521.87404705085
1600846,41521.87404705085
1600869,41521.87404705085
1600912,41521.87404705085
1600914,41521.87404705085
1600961,41521.87404705085
1600978,41521.87404705085
1600989,41521.87404705085
1601022,41521.87404705085
1601052,41521.87404705085
1601058,41521.87404705085
1601061,41521.87404705085
1601080,41521.87404705085
1601081,41521.87404705085
1601115,41521.87404705085
1601123,41521.87404705085
1601150,41521.87404705085
1601236,41521.87404705085
1601352,41521.87404705085
1601390,41521.87404705085
1601447,41521.87404705085
1601482,41521.87404705085
1601486,41521.87404705085
1601491,41521.87404705085
1601546,41521.87404705085
1601547,41521.87404705085
1601572,41521.87404705085
1601578,41521.87404705085
1601608,41521.87404705085
1601611,41521.87404705085
1601712,41521.87404705085
1601720,41521.87404705085
1601748,41521.87404705085
1601799,41521.87404705085
1601829,41521.87404705085
1601848,41521.87404705085
1601898,41521.87404705085
1601916,41521.87404705085
1601919,41521.87404705085
1601933,41521.87404705085
1601939,41521.87404705085
1601946,41521.87404705085
1601953,41521.87404705085
1601964,41521.87404705085
1602004,41521.87404705085
1602006,41521.87404705085
1602008,41521.87404705085
1602011,41521.87404705085
1602018,41521.87404705085
1602031,41521.87404705085
1602034,41521.87404705085
1602049,41521.87404705085
1602053,41521.87404705085
1602059,41521.87404705085
1602072,41521.87404705085
1602152,41521.87404705085
1602163,41521.87404705085
1602248,41521.87404705085
1602259,41521.87404705085
1602287,41521.87404705085
1602297,41521.87404705085
1602302,41521.87404705085
1602313,41521.87404705085
1602341,41521.87404705085
1602355,41521.87404705085
1602359,41521.87404705085
1602380,41521.87404705085
1602399,41521.87404705085
1602422,41521.87404705085
1602496,41521.87404705085
1602533,41521.87404705085
1602545,41521.87404705085
1602571,41521.87404705085
1602594,41521.87404705085
1602620,41521.87404705085
1602642,41521.87404705085
1602664,41521.87404705085
1602703,41521.87404705085
1602719,41521.87404705085
1602786,41521.87404705085
1602800,41521.87404705085
1602810,41521.87404705085
1602828,41521.87404705085
1602850,41521.87404705085
1602855,41521.87404705085
1602858,41521.87404705085
1602861,41521.87404705085
1602864,41521.87404705085
1602881,41521.87404705085
1602965,41521.87404705085
1602982,41521.87404705085
1602986,41521.87404705085
1603014,41521.87404705085
1603024,41521.87404705085
1603027,41521.87404705085
1603030,41521.87404705085
1603043,41521.87404705085
1603052,41521.87404705085
1603081,41521.87404705085
1603135,41521.87404705085
1603161,41521.87404705085
1603192,41521.87404705085
1603198,41521.87404705085
1603206,41521.87404705085
1603232,41521.87404705085
1603275,41521.87404705085
1603309,41521.87404705085
1603334,41521.87404705085
1603398,41521.87404705085
1603424,41521.87404705085
1603432,41521.87404705085
1603436,41521.87404705085
1603494,41521.87404705085
1603513,41521.87404705085
1603520,41521.87404705085
1603554,41521.87404705085
1603638,41521.87404705085
1603650,41521.87404705085
1603654,41521.87404705085
1603694,41521.87404705085
1603734,41521.87404705085
1603763,41521.87404705085
1603774,41521.87404705085
1603776,41521.87404705085
1603809,41521.87404705085
1603834,41521.87404705085
1603837,41521.87404705085
1603848,41521.87404705085
1603868,41521.87404705085
1603888,41521.87404705085
1603916,41521.87404705085
1603935,41521.87404705085
1604004,41521.87404705085
1604017,41521.87404705085
1604026,41521.87404705085
1604027,41521.87404705085
1604044,41521.87404705085
1604059,41521.87404705085
1604112,41521.87404705085
1604125,41521.87404705085
1604132,41521.87404705085
1604188,41521.87404705085
1604194,41521.87404705085
1604211,41521.87404705085
1604242,41521.87404705085
1604243,41521.87404705085
1604259,41521.87404705085
1604276,41521.87404705085
1604285,41521.87404705085
1604322,41521.87404705085
1604339,41521.87404705085
1604363,41521.87404705085
1604444,41521.87404705085
1604514,41521.87404705085
1604536,41521.87404705085
1604544,41521.87404705085
1604568,41521.87404705085
1604611,41521.87404705085
1604627,41521.87404705085
1604641,41521.87404705085
1604647,41521.87404705085
1604725,41521.87404705085
1604751,41521.87404705085
1604752,41521.87404705085
1604808,41521.87404705085
1604868,41521.87404705085
1604869,41521.87404705085
1604893,41521.87404705085
1604912,41521.87404705085
1605001,41521.87404705085
1605009,41521.87404705085
1605050,41521.87404705085
1605063,41521.87404705085
1605068,41521.87404705085
1605119,41521.87404705085
1605134,41521.87404705085
1605196,41521.87404705085
1605244,41521.87404705085
1605253,41521.87404705085
1605257,41521.87404705085
1605297,41521.87404705085
1605309,41521.87404705085
1605333,41521.87404705085
1605368,41521.87404705085
1605384,41521.87404705085
1605426,41521.87404705085
1605480,41521.87404705085
1605493,41521.87404705085
1605499,41521.87404705085
1605521,41521.87404705085
1605525,41521.87404705085
1605542,41521.87404705085
1605550,41521.87404705085
1605628,41521.87404705085
1605641,41521.87404705085
1605658,41521.87404705085
1605664,41521.87404705085
1605748,41521.87404705085
1605797,41521.87404705085
1605857,41521.87404705085
1605859,41521.87404705085
1605863,41521.87404705085
1605920,41521.87404705085
1605975,41521.87404705085
1606001,41521.87404705085
1606014,41521.87404705085
1606032,41521.87404705085
1606072,41521.87404705085
1606194,41521.87404705085
1606210,41521.87404705085
1606226,41521.87404705085
1606274,41521.87404705085
1606279,41521.87404705085
1606296,41521.87404705085
1606310,41521.87404705085
1606311,41521.87404705085
1606324,41521.87404705085
1606344,41521.87404705085
1606351,41521.87404705085
1606366,41521.87404705085
1606372,41521.87404705085
1606385,41521.87404705085
1606416,41521.87404705085
1606417,41521.87404705085
1606456,41521.87404705085
1606505,41521.87404705085
1606531,41521.87404705085
1606537,41521.87404705085
1606539,41521.87404705085
1606656,41521.87404705085
1606673,41521.87404705085
1606698,41521.87404705085
1606711,41521.87404705085
1606714,41521.87404705085
1606729,41521.87404705085
1606807,41521.87404705085
1606882,41521.87404705085
1606956,41521.87404705085
1606996,41521.87404705085
1607061,41521.87404705085
1607088,41521.87404705085
1607120,41521.87404705085
1607152,41521.87404705085
1607160,41521.87404705085
1607165,41521.87404705085
1607226,41521.87404705085
1607249,41521.87404705085
1607313,41521.87404705085
1607366,41521.87404705085
1607386,41521.87404705085
1607392,41521.87404705085
1607397,41521.87404705085
1607487,41521.87404705085
1607564,41521.87404705085
1607607,41521.87404705085
1607614,41521.87404705085
1607816,41521.87404705085
1607837,41521.87404705085
1607839,41521.87404705085
1607897,41521.87404705085
1607906,41521.87404705085
1607937,41521.87404705085
1607994,41521.87404705085
1608053,41521.87404705085
1608060,41521.87404705085
1608103,41521.87404705085
1608120,41521.87404705085
1608225,41521.87404705085
1608255,41521.87404705085
1608274,41521.87404705085
1608288,41521.87404705085
1608463,41521.87404705085
1608472,41521.87404705085
1608507,41521.87404705085
1608551,41521.87404705085
1608562,41521.87404705085
1608591,41521.87404705085
1608597,41521.87404705085
1608606,41521.87404705085
1608669,41521.87404705085
1608686,41521.87404705085
1608700,41521.87404705085
1608833,41521.87404705085
1608850,41521.87404705085
1608922,41521.87404705085
1608924,41521.87404705085
1608991,41521.87404705085
1609058,41521.87404705085
1609062,41521.87404705085
1609095,41521.87404705085
1609136,41521.87404705085
1609162,41521.87404705085
1609246,41521.87404705085
1609334,41521.87404705085
1609360,41521.87404705085
1609365,41521.87404705085
1609499,41521.87404705085
1609627,41521.87404705085
1609743,41521.87404705085
1609788,41521.87404705085
1609793,41521.87404705085
1609837,41521.87404705085
1609857,41521.87404705085
1609866,41521.87404705085
1609907,41521.87404705085
1609994,41521.87404705085
1610000,41521.87404705085
1610018,41521.87404705085
1610022,41521.87404705085
1610121,41521.87404705085
1610129,41521.87404705085
1610183,41521.87404705085
1610335,41521.87404705085
1610379,41521.87404705085
1610398,41521.87404705085
1610437,41521.87404705085
1610471,41521.87404705085
1610486,41521.87404705085
1610494,41521.87404705085
1610564,41521.87404705085
1610592,41521.87404705085
1610634,41521.87404705085
1610654,41521.87404705085
1610699,41521.87404705085
1610722,41521.87404705085
1610809,41521.87404705085
1610818,41521.87404705085
1610941,41521.87404705085
1611114,41521.87404705085
1611237,41521.87404705085
1611448,41521.87404705085
1611671,41521.87404705085
1611759,41521.87404705085
1612052,41521.87404705085
1612125,41521.87404705085
1612135,41521.87404705085
1612160,41521.87404705085
1612208,41521.87404705085
1612280,41521.87404705085
1612347,41521.87404705085
1612483,41521.87404705085
1612510,41521.87404705085
1612523,41521.87404705085
1612528,41521.87404705085
1612595,41521.87404705085
1612663,41521.87404705085
1612765,41521.87404705085
1612858,41521.87404705085
1612859,41521.87404705085
1612868,41521.87404705085
1612879,41521.87404705085
1612932,41521.87404705085
1612946,41521.87404705085
1612959,41521.87404705085
1612977,41521.87404705085
1613243,41521.87404705085
1613380,41521.87404705085
1613396,41521.87404705085
1613416,41521.87404705085
1613460,41521.87404705085
1613607,41521.87404705085
1613658,41521.87404705085
1613664,41521.87404705085
1613684,41521.87404705085
1613685,41521.87404705085
1613705,41521.87404705085
1613717,41521.87404705085
1613735,41521.87404705085
1613740,41521.87404705085
1613742,41521.87404705085
1613748,41521.87404705085
1613782,41521.87404705085
1613796,41521.87404705085
1613825,41521.87404705085
1613874,41521.87404705085
1613920,41521.87404705085
1613980,41521.87404705085
1613987,41521.87404705085
1614010,41521.87404705085
1614022,41521.87404705085
1614031,41521.87404705085
1614032,41521.87404705085
1614042,41521.87404705085
1614044,41521.87404705085
1614046,41521.87404705085
1614060,41521.87404705085
1614121,41521.87404705085
1614127,41521.87404705085
1614140,41521.87404705085
1614143,41521.87404705085
1614193,41521.87404705085
1614253,41521.87404705085
1614274,41521.87404705085
1614305,41521.87404705085
1614313,41521.87404705085
1614318,41521.87404705085
1614417,41521.87404705085
1614505,41521.87404705085
1614524,41521.87404705085
1614593,41521.87404705085
1614688,41521.87404705085
1614804,41521.87404705085
1614811,41521.87404705085
1614831,41521.87404705085
1614871,41521.87404705085
1614875,41521.87404705085
1614885,41521.87404705085
1614906,41521.87404705085
1614931,41521.87404705085
1614962,41521.87404705085
1614976,41521.87404705085
1615063,41521.87404705085
1615069,41521.87404705085
1615081,41521.87404705085
1615297,41521.87404705085
1615314,41521.87404705085
1615333,41521.87404705085
1615349,41521.87404705085
1615360,41521.87404705085
1615379,41521.87404705085
1615385,41521.87404705085
1615397,41521.87404705085
1615469,41521.87404705085
1615534,41521.87404705085
1615688,41521.87404705085
1615735,41521.87404705085
1615754,41521.87404705085
1615853,41521.87404705085
1615930,41521.87404705085
1616236,41521.87404705085
1616334,41521.87404705085
1616469,41521.87404705085
1616549,41521.87404705085
1616609,41521.87404705085
1617573,41521.87404705085
1617636,41521.87404705085
1617773,41521.87404705085
1618036,41521.87404705085
1618173,41521.87404705085
1618750,41521.87404705085
1618787,41521.87404705085
1618965,41521.87404705085
1619267,41521.87404705085
1619376,41521.87404705085
1619544,41521.87404705085
1619621,41521.87404705085
1619740,41521.87404705085
1619826,41521.87404705085
1620154,41521.87404705085
1620381,41521.87404705085
1621410,41521.87404705085
1621768,41521.87404705085
1621894,41521.87404705085
1623426,41521.87404705085
1623806,41521.87404705085
1623832,41521.87404705085
1624383,41521.87404705085
1624403,41521.87404705085
1624758,41521.87404705085
1625052,41521.87404705085
1625268,41521.87404705085
1625801,41521.87404705085
1625837,41521.87404705085
1625884,41521.87404705085
1625986,41521.87404705085
1626198,41521.87404705085
1626256,41521.87404705085
1626306,41521.87404705085
1626410,41521.87404705085
1626411,41521.87404705085
1626437,41521.87404705085
1626439,41521.87404705085
1626511,41521.87404705085
1626583,41521.87404705085
1626611,41521.87404705085
1626691,41521.87404705085
1626737,41521.87404705085
1626741,41521.87404705085
1626745,41521.87404705085
1626805,41521.87404705085
1626839,41521.87404705085
1626925,41521.87404705085
1626926,41521.87404705085
1626981,41521.87404705085
1627044,41521.87404705085
1627045,41521.87404705085
1627169,41521.87404705085
1627204,41521.87404705085
1627269,41521.87404705085
1627551,41521.87404705085
1627651,41521.87404705085
1628094,41521.87404705085
1628145,41521.87404705085
1628195,41521.87404705085
1628287,41521.87404705085
1628592,41521.87404705085
1628645,41521.87404705085
1628674,41521.87404705085
1628723,41521.87404705085
1628753,41521.87404705085
1628881,41521.87404705085
1628928,41521.87404705085
1628942,41521.87404705085
1628982,41521.87404705085
1629009,41521.87404705085
1629143,41521.87404705085
1629384,41521.87404705085
1629402,41521.87404705085
1629709,41521.87404705085
1629822,41521.87404705085
1630052,41521.87404705085
1630073,41521.87404705085
1630116,41521.87404705085
1630282,41521.87404705085
1630584,41521.87404705085
1630643,41521.87404705085
1631184,41521.87404705085
1631906,41521.87404705085
1632739,41521.87404705085
1632817,41521.87404705085
1633006,41521.87404705085
1633187,41521.87404705085
1633408,41521.87404705085
1633663,41521.87404705085
1633896,41521.87404705085
1633922,41521.87404705085
1634064,41521.87404705085
1634207,41521.87404705085
1635255,41521.87404705085
1635836,41521.87404705085
1635868,41521.87404705085
1635988,41521.87404705085
1636050,41521.87404705085
1636095,41521.87404705085
1636145,41521.87404705085
1636227,41521.87404705085
1636607,41521.87404705085
1636625,41521.87404705085
1636806,41521.87404705085
1636834,41521.87404705085
1636863,41521.87404705085
1636871,41521.87404705085
1636880,41521.87404705085
1637030,41521.87404705085
1637132,41521.87404705085
1637343,41521.87404705085
1637541,41521.87404705085
1638295,41521.87404705085
1639108,41521.87404705085
1639278,41521.87404705085
1639487,41521.87404705085
1639590,41521.87404705085
1639616,41521.87404705085
1639646,41521.87404705085
1639664,41521.87404705085
1639842,41521.87404705085
1639845,41521.87404705085
1639887,41521.87404705085
1639906,41521.87404705085
1640213,41521.87404705085
1640220,41521.87404705085
1640241,41521.87404705085
1640507,41521.87404705085
1640508,41521.87404705085
1640524,41521.87404705085
1640546,41521.87404705085
1640561,41521.87404705085
1640750,41521.87404705085
1640853,41521.87404705085
1640965,41521.87404705085
1640973,41521.87404705085
1640999,41521.87404705085
1641203,41521.87404705085
1641205,41521.87404705085
1641223,41521.87404705085
1641265,41521.87404705085
1641314,41521.87404705085
1641488,41521.87404705085
1641613,41521.87404705085
1641788,41521.87404705085
1641848,41521.87404705085
1641886,41521.87404705085
1641889,41521.87404705085
1641892,41521.87404705085
1641930,41521.87404705085
1641983,41521.87404705085
1641996,41521.87404705085
1642067,41521.87404705085
1642347,41521.87404705085
1642353,41521.87404705085
1642566,41521.87404705085
1642624,41521.87404705085
1642861,41521.87404705085
1642996,41521.87404705085
1643052,41521.87404705085
1643065,41521.87404705085
1643300,41521.87404705085
1643302,41521.87404705085
1643387,41521.87404705085
1643401,41521.87404705085
1643469,41521.87404705085
1643471,41521.87404705085
1643515,41521.87404705085
1643589,41521.87404705085
1643661,41521.87404705085
1643695,41521.87404705085
1643714,41521.87404705085
1643725,41521.87404705085
1643764,41521.87404705085
1643770,41521.87404705085
1643874,41521.87404705085
1643922,41521.87404705085
1643938,41521.87404705085
1643945,41521.87404705085
1644017,41521.87404705085
1644067,41521.87404705085
1644175,41521.87404705085
1644455,41521.87404705085
1645082,41521.87404705085
1645186,41521.87404705085
1645222,41521.87404705085
1645318,41521.87404705085
1645319,41521.87404705085
1645327,41521.87404705085
1645372,41521.87404705085
1645377,41521.87404705085
1645404,41521.87404705085
1645412,41521.87404705085
1645476,41521.87404705085
1645522,41521.87404705085
1645526,41521.87404705085
1645539,41521.87404705085
1645550,41521.87404705085
1645565,41521.87404705085
1645573,41521.87404705085
1645863,41521.87404705085
1645866,41521.87404705085
1646639,41521.87404705085
1646705,41521.87404705085
1646709,41521.87404705085
1646978,41521.87404705085
1646983,41521.87404705085
1646992,41521.87404705085
1646998,41521.87404705085
1647347,41521.87404705085
1647356,41521.87404705085
1654432,41521.87404705085
1654436,41521.87404705085
1654446,41521.87404705085
1654608,41521.87404705085
1654618,41521.87404705085
1654619,41521.87404705085
1654825,41521.87404705085
1655145,41521.87404705085
1655470,41521.87404705085
1656122,41521.87404705085
1656164,41521.87404705085
1656235,41521.87404705085
1656242,41521.87404705085
1656246,41521.87404705085
1656257,41521.87404705085
1656267,41521.87404705085
1656297,41521.87404705085
1656612,41521.87404705085
1656672,41521.87404705085
1656839,41521.87404705085
1657102,41521.87404705085
1657121,41521.87404705085
1657130,41521.87404705085
1657131,41521.87404705085
1657137,41521.87404705085
1657367,41521.87404705085
1657511,41521.87404705085
1657541,41521.87404705085
1657612,41521.87404705085
1657614,41521.87404705085
1657698,41521.87404705085
1657863,41521.87404705085
1657868,41521.87404705085
1657910,41521.87404705085
1657925,41521.87404705085
1657932,41521.87404705085
1658146,41521.87404705085
1658156,41521.87404705085
1658165,41521.87404705085
1658168,41521.87404705085
1658175,41521.87404705085
1658180,41521.87404705085
1658183,41521.87404705085
1658185,41521.87404705085
1658186,41521.87404705085
1658192,41521.87404705085
1658197,41521.87404705085
1658201,41521.87404705085
1658212,41521.87404705085
1658221,41521.87404705085
1658241,41521.87404705085
1658242,41521.87404705085
1658249,41521.87404705085
1658254,41521.87404705085
1658256,41521.87404705085
1658259,41521.87404705085
1658260,41521.87404705085
1658267,41521.87404705085
1658434,41521.87404705085
1662703,41521.87404705085
1662710,41521.87404705085
1662797,41521.87404705085
1662817,41521.87404705085
1662843,41521.87404705085
1662975,41521.87404705085
1663148,41521.87404705085
1663353,41521.87404705085
1663380,41521.87404705085
1663441,41521.87404705085
1672244,41521.87404705085
1672542,41521.87404705085
1672669,41521.87404705085
1675634,41521.87404705085
1675656,41521.87404705085
1675659,41521.87404705085
1675696,41521.87404705085
1675757,41521.87404705085
1675795,41521.87404705085
1675804,41521.87404705085
1675833,41521.87404705085
1675840,41521.87404705085
1675841,41521.87404705085
1675842,41521.87404705085
1675879,41521.87404705085
1675901,41521.87404705085
1675919,41521.87404705085
1675926,41521.87404705085
1675930,41521.87404705085
1675931,41521.87404705085
1675939,41521.87404705085
1675948,41521.87404705085
1675958,41521.87404705085
1676049,41521.87404705085
1676071,41521.87404705085
1676238,41521.87404705085
1676246,41521.87404705085
1676249,41521.87404705085
1676261,41521.87404705085
1676277,41521.87404705085
1676280,41521.87404705085
1676299,41521.87404705085
1676319,41521.87404705085
1676405,41521.87404705085
1676671,41521.87404705085
1676696,41521.87404705085
1676703,41521.87404705085
1676851,41521.87404705085
1676902,41521.87404705085
1676933,41521.87404705085
1676951,41521.87404705085
1676996,41521.87404705085
1676998,41521.87404705085
1677007,41521.87404705085
1677008,41521.87404705085
1677028,41521.87404705085
1677045,41521.87404705085
1677109,41521.87404705085
1677178,41521.87404705085
1677263,41521.87404705085
1677290,41521.87404705085
1677514,41521.87404705085
1677598,41521.87404705085
1677668,41521.87404705085
1677726,41521.87404705085
1677733,41521.87404705085
1677784,41521.87404705085
1677792,41521.87404705085
1677899,41521.87404705085
1677901,41521.87404705085
1677902,41521.87404705085
1677915,41521.87404705085
1677919,41521.87404705085
1678001,41521.87404705085
1678008,41521.87404705085
1678029,41521.87404705085
1678033,41521.87404705085
1678041,41521.87404705085
1678049,41521.87404705085
1678095,41521.87404705085
1678215,41521.87404705085
1678287,41521.87404705085
1678494,41521.87404705085
1678524,41521.87404705085
1678594,41521.87404705085
1678669,41521.87404705085
1678686,41521.87404705085
1678706,41521.87404705085
1678740,41521.87404705085
1678760,41521.87404705085
1678771,41521.87404705085
1678783,41521.87404705085
1678790,41521.87404705085
1678975,41521.87404705085
1679212,41521.87404705085
1679316,41521.87404705085
1679344,41521.87404705085
1679358,41521.87404705085
1679418,41521.87404705085
1679442,41521.87404705085
1679496,41521.87404705085
1679512,41521.87404705085
1679525,41521.87404705085
1679594,41521.87404705085
1679616,41521.87404705085
1679673,41521.87404705085
1679677,41521.87404705085
1679678,41521.87404705085
1679693,41521.87404705085
1679698,41521.87404705085
1679761,41521.87404705085
1679762,41521.87404705085
1679769,41521.87404705085
1679776,41521.87404705085
1679995,41521.87404705085
1680018,41521.87404705085
1680068,41521.87404705085
1680102,41521.87404705085
1680135,41521.87404705085
1680193,41521.87404705085
1680216,41521.87404705085
1680254,41521.87404705085
1680257,41521.87404705085
1680289,41521.87404705085
1680312,41521.87404705085
1680346,41521.87404705085
1680414,41521.87404705085
1680421,41521.87404705085
1680613,41521.87404705085
1680634,41521.87404705085
1680636,41521.87404705085
1680657,41521.87404705085
1680660,41521.87404705085
1680866,41521.87404705085
1680937,41521.87404705085
1680979,41521.87404705085
1681023,41521.87404705085
1681094,41521.87404705085
1681120,41521.87404705085
1681122,41521.87404705085
1681188,41521.87404705085
1681204,41521.87404705085
1681216,41521.87404705085
1681220,41521.87404705085
1681242,41521.87404705085
1681251,41521.87404705085
1681269,41521.87404705085
1681271,41521.87404705085
1681289,41521.87404705085
1681298,41521.87404705085
1681313,41521.87404705085
1681314,41521.87404705085
1681325,41521.87404705085
1681328,41521.87404705085
1681365,41521.87404705085
1681383,41521.87404705085
1681410,41521.87404705085
1681418,41521.87404705085
1681435,41521.87404705085
1681450,41521.87404705085
1681468,41521.87404705085
1681481,41521.87404705085
1681503,41521.87404705085
1681520,41521.87404705085
1681523,41521.87404705085
1681526,41521.87404705085
1681543,41521.87404705085
1681551,41521.87404705085
1681574,41521.87404705085
1681597,41521.87404705085
1681624,41521.87404705085
1681627,41521.87404705085
1681629,41521.87404705085
1681654,41521.87404705085
1681681,41521.87404705085
1681713,41521.87404705085
1681720,41521.87404705085
1681769,41521.87404705085
1681776,41521.87404705085
1681792,41521.87404705085
1681795,41521.87404705085
1681806,41521.87404705085
1681809,41521.87404705085
1681819,41521.87404705085
1681827,41521.87404705085
1681828,41521.87404705085
1681831,41521.87404705085
1681842,41521.87404705085
1681849,41521.87404705085
1681851,41521.87404705085
1681891,41521.87404705085
1681896,41521.87404705085
1681899,41521.87404705085
1681900,41521.87404705085
1681923,41521.87404705085
1681930,41521.87404705085
1681933,41521.87404705085
1681952,41521.87404705085
1681954,41521.87404705085
1681959,41521.87404705085
1681980,41521.87404705085
1682008,41521.87404705085
1682046,41521.87404705085
1682052,41521.87404705085
1682054,41521.87404705085
1682063,41521.87404705085
1682066,41521.87404705085
1682338,41521.87404705085
1682381,41521.87404705085
1682410,41521.87404705085
1682443,41521.87404705085
1682450,41521.87404705085
1682491,41521.87404705085
1682527,41521.87404705085
1682535,41521.87404705085
1682539,41521.87404705085
1682543,41521.87404705085
1682578,41521.87404705085
1682579,41521.87404705085
1682619,41521.87404705085
1682621,41521.87404705085
1682710,41521.87404705085
1682745,41521.87404705085
1682750,41521.87404705085
1682818,41521.87404705085
1682869,41521.87404705085
1682880,41521.87404705085
1682918,41521.87404705085
1682952,41521.87404705085
1682966,41521.87404705085
1682967,41521.87404705085
1682976,41521.87404705085
1682991,41521.87404705085
1683093,41521.87404705085
1683121,41521.87404705085
1683150,41521.87404705085
1683168,41521.87404705085
1683192,41521.87404705085
1683216,41521.87404705085
1683231,41521.87404705085
1683234,41521.87404705085
1683250,41521.87404705085
1683347,41521.87404705085
1683351,41521.87404705085
1683356,41521.87404705085
1683363,41521.87404705085
1683377,41521.87404705085
1683393,41521.87404705085
1683467,41521.87404705085
1683544,41521.87404705085
1683545,41521.87404705085
1683587,41521.87404705085
1683589,41521.87404705085
1683622,41521.87404705085
1683665,41521.87404705085
1683685,41521.87404705085
1683712,41521.87404705085
1683735,41521.87404705085
1683765,41521.87404705085
1683775,41521.87404705085
1683782,41521.87404705085
1683785,41521.87404705085
1683872,41521.87404705085
1683937,41521.87404705085
1683986,41521.87404705085
1683991,41521.87404705085
1684023,41521.87404705085
1684037,41521.87404705085
1684065,41521.87404705085
1684077,41521.87404705085
1684083,41521.87404705085
1684093,41521.87404705085
1684131,41521.87404705085
1684151,41521.87404705085
1684229,41521.87404705085
1684231,41521.87404705085
1684317,41521.87404705085
1684331,41521.87404705085
1684332,41521.87404705085
1684346,41521.87404705085
1684406,41521.87404705085
1684407,41521.87404705085
1684418,41521.87404705085
1684432,41521.87404705085
1684436,41521.87404705085
1684442,41521.87404705085
1684470,41521.87404705085
1684496,41521.87404705085
1684573,41521.87404705085
1684589,41521.87404705085
1684760,41521.87404705085
1684770,41521.87404705085
1684773,41521.87404705085
1684775,41521.87404705085
1684937,41521.87404705085
1685038,41521.87404705085
1685043,41521.87404705085
1685045,41521.87404705085
1685055,41521.87404705085
1685070,41521.87404705085
1685074,41521.87404705085
1685111,41521.87404705085
1685167,41521.87404705085
1685186,41521.87404705085
1685208,41521.87404705085
1685312,41521.87404705085
1685397,41521.87404705085
1685400,41521.87404705085
1685443,41521.87404705085
1685476,41521.87404705085
1685479,41521.87404705085
1685485,41521.87404705085
1685540,41521.87404705085
1685593,41521.87404705085
1685669,41521.87404705085
1685672,41521.87404705085
1685681,41521.87404705085
1685761,41521.87404705085
1685791,41521.87404705085
1685793,41521.87404705085
1685797,41521.87404705085
1685808,41521.87404705085
1685809,41521.87404705085
1685830,41521.87404705085
1685838,41521.87404705085
1685847,41521.87404705085
1685882,41521.87404705085
1685905,41521.87404705085
1685914,41521.87404705085
1685939,41521.87404705085
1685971,41521.87404705085
1685973,41521.87404705085
1685976,41521.87404705085
1686011,41521.87404705085
1686021,41521.87404705085
1686031,41521.87404705085
1686077,41521.87404705085
1686125,41521.87404705085
1686153,41521.87404705085
1686164,41521.87404705085
1686209,41521.87404705085
1686216,41521.87404705085
1686227,41521.87404705085
1686234,41521.87404705085
1686248,41521.87404705085
1686289,41521.87404705085
1686305,41521.87404705085
1686366,41521.87404705085
1686375,41521.87404705085
1686378,41521.87404705085
1686528,41521.87404705085
1686552,41521.87404705085
1686571,41521.87404705085
1686586,41521.87404705085
1686591,41521.87404705085
1686603,41521.87404705085
1686640,41521.87404705085
1686697,41521.87404705085
1686700,41521.87404705085
1686712,41521.87404705085
1686731,41521.87404705085
1686751,41521.87404705085
1686796,41521.87404705085
1686810,41521.87404705085
1686815,41521.87404705085
1686826,41521.87404705085
1686830,41521.87404705085
1686841,41521.87404705085
1686865,41521.87404705085
1686873,41521.87404705085
1686899,41521.87404705085
1686905,41521.87404705085
1686920,41521.87404705085
1686923,41521.87404705085
1686955,41521.87404705085
1686957,41521.87404705085
1686968,41521.87404705085
1687007,41521.87404705085
1687014,41521.87404705085
1687016,41521.87404705085
1687042,41521.87404705085
1687073,41521.87404705085
1687101,41521.87404705085
1687125,41521.87404705085
1687126,41521.87404705085
1687142,41521.87404705085
1687149,41521.87404705085
1687152,41521.87404705085
1687169,41521.87404705085
1687217,41521.87404705085
1687255,41521.87404705085
1687256,41521.87404705085
1687269,41521.87404705085
1687275,41521.87404705085
1687292,41521.87404705085
1687300,41521.87404705085
1687459,41521.87404705085
1687505,41521.87404705085
1687607,41521.87404705085
1687685,41521.87404705085
1687697,41521.87404705085
1687705,41521.87404705085
1687774,41521.87404705085
1687806,41521.87404705085
1687895,41521.87404705085
1687898,41521.87404705085
1687931,41521.87404705085
1687940,41521.87404705085
1688264,41521.87404705085
1688287,41521.87404705085
1688296,41521.87404705085
1688423,41521.87404705085
1688552,41521.87404705085
1688572,41521.87404705085
1688588,41521.87404705085
1688602,41521.87404705085
1688628,41521.87404705085
1688682,41521.87404705085
1688723,41521.87404705085
1688804,41521.87404705085
1688819,41521.87404705085
1688861,41521.87404705085
1688881,41521.87404705085
1688884,41521.87404705085
1688905,41521.87404705085
1688923,41521.87404705085
1688963,41521.87404705085
1688981,41521.87404705085
1688989,41521.87404705085
1689015,41521.87404705085
1689072,41521.87404705085
1689123,41521.87404705085
1689136,41521.87404705085
1689205,41521.87404705085
1689209,41521.87404705085
1689226,41521.87404705085
1689252,41521.87404705085
1689296,41521.87404705085
1689332,41521.87404705085
1689342,41521.87404705085
1689373,41521.87404705085
1689402,41521.87404705085
1689412,41521.87404705085
1689420,41521.87404705085
1689453,41521.87404705085
1689477,41521.87404705085
1689479,41521.87404705085
1689522,41521.87404705085
1689537,41521.87404705085
1689554,41521.87404705085
1689568,41521.87404705085
1689619,41521.87404705085
1689637,41521.87404705085
1689645,41521.87404705085
1689666,41521.87404705085
1689674,41521.87404705085
1689683,41521.87404705085
1689686,41521.87404705085
1689734,41521.87404705085
1689739,41521.87404705085
1689759,41521.87404705085
1689770,41521.87404705085
1689811,41521.87404705085
1689820,41521.87404705085
1689884,41521.87404705085
1689904,41521.87404705085
1689922,41521.87404705085
1689949,41521.87404705085
1689980,41521.87404705085
1690033,41521.87404705085
1690049,41521.87404705085
1690060,41521.87404705085
1690094,41521.87404705085
1690110,41521.87404705085
1690111,41521.87404705085
1690115,41521.87404705085
1690128,41521.87404705085
1690159,41521.87404705085
1690211,41521.87404705085
1690232,41521.87404705085
1690233,41521.87404705085
1690240,41521.87404705085
1690263,41521.87404705085
1690266,41521.87404705085
1690303,41521.87404705085
1690345,41521.87404705085
1690346,41521.87404705085
1690347,41521.87404705085
1690349,41521.87404705085
1690380,41521.87404705085
1690383,41521.87404705085
1690392,41521.87404705085
1690399,41521.87404705085
1690401,41521.87404705085
1690404,41521.87404705085
1690410,41521.87404705085
1690412,41521.87404705085
1690417,41521.87404705085
1690464,41521.87404705085
1690467,41521.87404705085
1690490,41521.87404705085
1690492,41521.87404705085
1690495,41521.87404705085
1690497,41521.87404705085
1690505,41521.87404705085
1690520,41521.87404705085
1690525,41521.87404705085
1690529,41521.87404705085
1690549,41521.87404705085
1690554,41521.87404705085
1690556,41521.87404705085
1690569,41521.87404705085
1690580,41521.87404705085
1690590,41521.87404705085
1690597,41521.87404705085
1690600,41521.87404705085
1690628,41521.87404705085
1690637,41521.87404705085
1690675,41521.87404705085
1690678,41521.87404705085
1690692,41521.87404705085
1690721,41521.87404705085
1690757,41521.87404705085
1690781,41521.87404705085
1690782,41521.87404705085
1690789,41521.87404705085
1690806,41521.87404705085
1690812,41521.87404705085
1690822,41521.87404705085
1690823,41521.87404705085
1690828,41521.87404705085
1690831,41521.87404705085
1690853,41521.87404705085
1690860,41521.87404705085
1690863,41521.87404705085
1690875,41521.87404705085
1690884,41521.87404705085
1690911,41521.87404705085
1690927,41521.87404705085
1690961,41521.87404705085
1690964,41521.87404705085
1690966,41521.87404705085
1691004,41521.87404705085
1691028,41521.87404705085
1691072,41521.87404705085
1691095,41521.87404705085
1691106,41521.87404705085
1691126,41521.87404705085
1691143,41521.87404705085
1691146,41521.87404705085
1691152,41521.87404705085
1691181,41521.87404705085
1691182,41521.87404705085
1691183,41521.87404705085
1691195,41521.87404705085
1691200,41521.87404705085
1691207,41521.87404705085
1691212,41521.87404705085
1691227,41521.87404705085
1691287,41521.87404705085
1691290,41521.87404705085
1691305,41521.87404705085
1691329,41521.87404705085
1691340,41521.87404705085
1691342,41521.87404705085
1691347,41521.87404705085
1691351,41521.87404705085
1691355,41521.87404705085
1691356,41521.87404705085
1691405,41521.87404705085
1691409,41521.87404705085
1691410,41521.87404705085
1691411,41521.87404705085
1691444,41521.87404705085
1691457,41521.87404705085
1691488,41521.87404705085
1691489,41521.87404705085
1691507,41521.87404705085
1691518,41521.87404705085
1691530,41521.87404705085
1691549,41521.87404705085
1691550,41521.87404705085
1691554,41521.87404705085
1691563,41521.87404705085
1691625,41521.87404705085
1691626,41521.87404705085
1691667,41521.87404705085
1691676,41521.87404705085
1691681,41521.87404705085
1691693,41521.87404705085
1691710,41521.87404705085
1691747,41521.87404705085
1691770,41521.87404705085
1691771,41521.87404705085
1691794,41521.87404705085
1691797,41521.87404705085
1691806,41521.87404705085
1691807,41521.87404705085
1691813,41521.87404705085
1691819,41521.87404705085
1691836,41521.87404705085
1691844,41521.87404705085
1691852,41521.87404705085
1691863,41521.87404705085
1691868,41521.87404705085
1691877,41521.87404705085
1691883,41521.87404705085
1691896,41521.87404705085
1691906,41521.87404705085
1691927,41521.87404705085
1691992,41521.87404705085
1692007,41521.87404705085
1692016,41521.87404705085
1692031,41521.87404705085
1692037,41521.87404705085
1692042,41521.87404705085
1692044,41521.87404705085
1692071,41521.87404705085
1692129,41521.87404705085
1692138,41521.87404705085
1692149,41521.87404705085
1692159,41521.87404705085
1692175,41521.87404705085
1692200,41521.87404705085
1692212,41521.87404705085
1692242,41521.87404705085
1692251,41521.87404705085
1692261,41521.87404705085
1692337,41521.87404705085
1692347,41521.87404705085
1692388,41521.87404705085
1692441,41521.87404705085
1692444,41521.87404705085
1692467,41521.87404705085
1692470,41521.87404705085
1692472,41521.87404705085
1692502,41521.87404705085
1692506,41521.87404705085
1692533,41521.87404705085
1692544,41521.87404705085
1692575,41521.87404705085
1692580,41521.87404705085
1692581,41521.87404705085
1692596,41521.87404705085
1692623,41521.87404705085
1692663,41521.87404705085
1692793,41521.87404705085
1692800,41521.87404705085
1692880,41521.87404705085
1692892,41521.87404705085
1692901,41521.87404705085
1692944,41521.87404705085
1692950,41521.87404705085
1692960,41521.87404705085
1692962,41521.87404705085
1692971,41521.87404705085
1692998,41521.87404705085
1693002,41521.87404705085
1693067,41521.87404705085
1693088,41521.87404705085
1693089,41521.87404705085
1693110,41521.87404705085
1693113,41521.87404705085
1693136,41521.87404705085
1693139,41521.87404705085
1693214,41521.87404705085
1693438,41521.87404705085
1693451,41521.87404705085
1693485,41521.87404705085
1693520,41521.87404705085
1693521,41521.87404705085
1693543,41521.87404705085
1693644,41521.87404705085
1693736,41521.87404705085
1697786,41521.87404705085
1697804,41521.87404705085
1697818,41521.87404705085
1697855,41521.87404705085
1697862,41521.87404705085
1697899,41521.87404705085
1697903,41521.87404705085
1697933,41521.87404705085
1697937,41521.87404705085
1697945,41521.87404705085
1697946,41521.87404705085
1697954,41521.87404705085
1697966,41521.87404705085
1697980,41521.87404705085
1698123,41521.87404705085
1698156,41521.87404705085
1698171,41521.87404705085
1698176,41521.87404705085
1698195,41521.87404705085
1698225,41521.87404705085
1698314,41521.87404705085
1698341,41521.87404705085
1698424,41521.87404705085
1698439,41521.87404705085
1698475,41521.87404705085
1698487,41521.87404705085
1698508,41521.87404705085
1698530,41521.87404705085
1698535,41521.87404705085
1698685,41521.87404705085
1698691,41521.87404705085
1698706,41521.87404705085
1698713,41521.87404705085
1698714,41521.87404705085
1698942,41521.87404705085
1698987,41521.87404705085
1699027,41521.87404705085
1699060,41521.87404705085
1699204,41521.87404705085
1699288,41521.87404705085
1699292,41521.87404705085
1699299,41521.87404705085
1705457,41521.87404705085
1705487,41521.87404705085
1705495,41521.87404705085
1705551,41521.87404705085
1705566,41521.87404705085
1705580,41521.87404705085
1706357,41521.87404705085
1706372,41521.87404705085
1706381,41521.87404705085
1706383,41521.87404705085
1706387,41521.87404705085
1706391,41521.87404705085
1706401,41521.87404705085
1706408,41521.87404705085
1706432,41521.87404705085
1706632,41521.87404705085
1706789,41521.87404705085
1706814,41521.87404705085
1706879,41521.87404705085
1707236,41521.87404705085
1707254,41521.87404705085
1707258,41521.87404705085
1709404,41521.87404705085
1709426,41521.87404705085
1709480,41521.87404705085
1711213,41521.87404705085
1711523,41521.87404705085
1711986,41521.87404705085
1711987,41521.87404705085
1712001,41521.87404705085
1712039,41521.87404705085
1712054,41521.87404705085
1712056,41521.87404705085
1712076,41521.87404705085
1712083,41521.87404705085
1712085,41521.87404705085
1712110,41521.87404705085
1712111,41521.87404705085
1712118,41521.87404705085
1712127,41521.87404705085
1712133,41521.87404705085
1712156,41521.87404705085
1712247,41521.87404705085
1712248,41521.87404705085
1712284,41521.87404705085
1712528,41521.87404705085
1712574,41521.87404705085
1712575,41521.87404705085
1713116,41521.87404705085
1713538,41521.87404705085
1713887,41521.87404705085
1713913,41521.87404705085
1713938,41521.87404705085
1714027,41521.87404705085
1714036,41521.87404705085
1714038,41521.87404705085
1714043,41521.87404705085
1716889,41521.87404705085
1716906,41521.87404705085
1717282,41521.87404705085
1717357,41521.87404705085
1717440,41521.87404705085
1717463,41521.87404705085
1717520,41521.87404705085
1717573,41521.87404705085
1717587,41521.87404705085
1717822,41521.87404705085
1717839,41521.87404705085
1717867,41521.87404705085
1718155,41521.87404705085
1718160,41521.87404705085
1718162,41521.87404705085
1718186,41521.87404705085
1718188,41521.87404705085
1718202,41521.87404705085
1718236,41521.87404705085
1718239,41521.87404705085
1718244,41521.87404705085
1718246,41521.87404705085
1718264,41521.87404705085
1718343,41521.87404705085
1718417,41521.87404705085
1718532,41521.87404705085
1718535,41521.87404705085
1718600,41521.87404705085
1718644,41521.87404705085
1718672,41521.87404705085
1718678,41521.87404705085
1718693,41521.87404705085
1718873,41521.87404705085
1718898,41521.87404705085
1718899,41521.87404705085
1718908,41521.87404705085
1718911,41521.87404705085
1718929,41521.87404705085
1718942,41521.87404705085
1718960,41521.87404705085
1718989,41521.87404705085
1719518,41521.87404705085
1719539,41521.87404705085
1719548,41521.87404705085
1719567,41521.87404705085
1719574,41521.87404705085
1719576,41521.87404705085
1719616,41521.87404705085
1719617,41521.87404705085
1719620,41521.87404705085
1719627,41521.87404705085
1719636,41521.87404705085
1719650,41521.87404705085
1719653,41521.87404705085
1719674,41521.87404705085
1719682,41521.87404705085
1719687,41521.87404705085
1719708,41521.87404705085
1719715,41521.87404705085
1719717,41521.87404705085
1719722,41521.87404705085
1719733,41521.87404705085
1719781,41521.87404705085
1719803,41521.87404705085
1719918,41521.87404705085
1719946,41521.87404705085
1719958,41521.87404705085
1719959,41521.87404705085
1719964,41521.87404705085
1719986,41521.87404705085
1719987,41521.87404705085
1719988,41521.87404705085
1720001,41521.87404705085
1720003,41521.87404705085
1720008,41521.87404705085
1720060,41521.87404705085
1720159,41521.87404705085
1720181,41521.87404705085
1720243,41521.87404705085
1720245,41521.87404705085
1720266,41521.87404705085
1720450,41521.87404705085
1720633,41521.87404705085
1720639,41521.87404705085
1720646,41521.87404705085
1720649,41521.87404705085
1720677,41521.87404705085
1720765,41521.87404705085
1720836,41521.87404705085
1720837,41521.87404705085
1720984,41521.87404705085
1721290,41521.87404705085
1721365,41521.87404705085
1721372,41521.87404705085
1721403,41521.87404705085
1721412,41521.87404705085
1721444,41521.87404705085
1721477,41521.87404705085
1721485,41521.87404705085
1721490,41521.87404705085
1721491,41521.87404705085
1721496,41521.87404705085
1721503,41521.87404705085
1721510,41521.87404705085
1721513,41521.87404705085
1721516,41521.87404705085
1721552,41521.87404705085
1721562,41521.87404705085
1721565,41521.87404705085
1721581,41521.87404705085
1721584,41521.87404705085
1721615,41521.87404705085
1721617,41521.87404705085
1721624,41521.87404705085
1721675,41521.87404705085
1721682,41521.87404705085
1721684,41521.87404705085
1721728,41521.87404705085
1721733,41521.87404705085
1721737,41521.87404705085
1721746,41521.87404705085
1721753,41521.87404705085
1721756,41521.87404705085
1721758,41521.87404705085
1721761,41521.87404705085
1721764,41521.87404705085
1721788,41521.87404705085
1721852,41521.87404705085
1721857,41521.87404705085
1721863,41521.87404705085
1721879,41521.87404705085
1721912,41521.87404705085
1721938,41521.87404705085
1721941,41521.87404705085
1722007,41521.87404705085
1722033,41521.87404705085
1722038,41521.87404705085
1722039,41521.87404705085
1722059,41521.87404705085
1722064,41521.87404705085
1722072,41521.87404705085
1722100,41521.87404705085
1722101,41521.87404705085
1722131,41521.87404705085
1722135,41521.87404705085
1722203,41521.87404705085
1722207,41521.87404705085
1722317,41521.87404705085
1722369,41521.87404705085
1722387,41521.87404705085
1722459,41521.87404705085
1722464,41521.87404705085
1722469,41521.87404705085
1722491,41521.87404705085
1722494,41521.87404705085
1722495,41521.87404705085
1722507,41521.87404705085
1722515,41521.87404705085
1722521,41521.87404705085
1722530,41521.87404705085
1722558,41521.87404705085
1722562,41521.87404705085
1722567,41521.87404705085
1722572,41521.87404705085
1722601,41521.87404705085
1722617,41521.87404705085
1722622,41521.87404705085
1722633,41521.87404705085
1722635,41521.87404705085
1722637,41521.87404705085
1722638,41521.87404705085
1722655,41521.87404705085
1722657,41521.87404705085
1722660,41521.87404705085
1722662,41521.87404705085
1722665,41521.87404705085
1722691,41521.87404705085
1722703,41521.87404705085
1722708,41521.87404705085
1722709,41521.87404705085
1722714,41521.87404705085
1722911,41521.87404705085
1722920,41521.87404705085
1722938,41521.87404705085
1722942,41521.87404705085
1722958,41521.87404705085
1722976,41521.87404705085
1722988,41521.87404705085
1723033,41521.87404705085
1723046,41521.87404705085
1723057,41521.87404705085
1723061,41521.87404705085
1723063,41521.87404705085
1723068,41521.87404705085
1723070,41521.87404705085
1723072,41521.87404705085
1723077,41521.87404705085
1723080,41521.87404705085
1723090,41521.87404705085
1723093,41521.87404705085
1723117,41521.87404705085
1723120,41521.87404705085
1723127,41521.87404705085
1723143,41521.87404705085
1723162,41521.87404705085
1723173,41521.87404705085
1723181,41521.87404705085
1723195,41521.87404705085
1723199,41521.87404705085
1723213,41521.87404705085
1723216,41521.87404705085
1723232,41521.87404705085
1723238,41521.87404705085
1723241,41521.87404705085
1723261,41521.87404705085
1723294,41521.87404705085
1723323,41521.87404705085
1723401,41521.87404705085
1723406,41521.87404705085
1723412,41521.87404705085
1723418,41521.87404705085
1723420,41521.87404705085
1723427,41521.87404705085
1723438,41521.87404705085
1723450,41521.87404705085
1723451,41521.87404705085
1723452,41521.87404705085
1723468,41521.87404705085
1723503,41521.87404705085
1723507,41521.87404705085
1723518,41521.87404705085
1723525,41521.87404705085
1723564,41521.87404705085
1723677,41521.87404705085
1723734,41521.87404705085
1723751,41521.87404705085
1723753,41521.87404705085
1723755,41521.87404705085
1723762,41521.87404705085
1723772,41521.87404705085
1723782,41521.87404705085
1723868,41521.87404705085
1723871,41521.87404705085
1723907,41521.87404705085
1724043,41521.87404705085
1724120,41521.87404705085
1724217,41521.87404705085
1724259,41521.87404705085
1724319,41521.87404705085
1724336,41521.87404705085
1724362,41521.87404705085
1724385,41521.87404705085
1724430,41521.87404705085
1724462,41521.87404705085
1724506,41521.87404705085
1724532,41521.87404705085
1724542,41521.87404705085
1724557,41521.87404705085
1724560,41521.87404705085
1724562,41521.87404705085
1724580,41521.87404705085
1724581,41521.87404705085
1724599,41521.87404705085
1724617,41521.87404705085
1724626,41521.87404705085
1724630,41521.87404705085
1724648,41521.87404705085
1724689,41521.87404705085
1724705,41521.87404705085
1724706,41521.87404705085
1724710,41521.87404705085
1724722,41521.87404705085
1724777,41521.87404705085
1724780,41521.87404705085
1724871,41521.87404705085
1724872,41521.87404705085
1724918,41521.87404705085
1724952,41521.87404705085
1724970,41521.87404705085
1724973,41521.87404705085
1724992,41521.87404705085
1724993,41521.87404705085
1725003,41521.87404705085
1725095,41521.87404705085
1725150,41521.87404705085
1725496,41521.87404705085
1725582,41521.87404705085
1725650,41521.87404705085
1725885,41521.87404705085
1725887,41521.87404705085
1725888,41521.87404705085
1726196,41521.87404705085
1726309,41521.87404705085
1726383,41521.87404705085
1726690,41521.87404705085
1726735,41521.87404705085
1726736,41521.87404705085
1726738,41521.87404705085
1726763,41521.87404705085
1726778,41521.87404705085
1726829,41521.87404705085
1727014,41521.87404705085
1727314,41521.87404705085
1727347,41521.87404705085
1727407,41521.87404705085
1727660,41521.87404705085
1727731,41521.87404705085
1727753,41521.87404705085
1727782,41521.87404705085
1727951,41521.87404705085
1727992,41521.87404705085
1728006,41521.87404705085
1728468,41521.87404705085
1728806,41521.87404705085
1728850,41521.87404705085
1728860,41521.87404705085
1729173,41521.87404705085
1729174,41521.87404705085
1729389,41521.87404705085
1729482,41521.87404705085
1729509,41521.87404705085
1729515,41521.87404705085
1729805,41521.87404705085
1729832,41521.87404705085
1729994,41521.87404705085
1730147,41521.87404705085
1730215,41521.87404705085
1730445,41521.87404705085
1730541,41521.87404705085
1730644,41521.87404705085
1730726,41521.87404705085
1730912,41521.87404705085
1730928,41521.87404705085
1730996,41521.87404705085
1731031,41521.87404705085
1731071,41521.87404705085
1731098,41521.87404705085
1731420,41521.87404705085
1731427,41521.87404705085
1731481,41521.87404705085
1731521,41521.87404705085
1731528,41521.87404705085
1731529,41521.87404705085
1731637,41521.87404705085
1731724,41521.87404705085
1731809,41521.87404705085
1731861,41521.87404705085
1731887,41521.87404705085
1731902,41521.87404705085
1731908,41521.87404705085
1731917,41521.87404705085
1731918,41521.87404705085
1732068,41521.87404705085
1732175,41521.87404705085
1732177,41521.87404705085
1732244,41521.87404705085
1732274,41521.87404705085
1732317,41521.87404705085
1732333,41521.87404705085
1732365,41521.87404705085
1732415,41521.87404705085
1732423,41521.87404705085
1732548,41521.87404705085
1732592,41521.87404705085
1732717,41521.87404705085
1732790,41521.87404705085
1732823,41521.87404705085
1732856,41521.87404705085
1732976,41521.87404705085
1733032,41521.87404705085
1733033,41521.87404705085
1733038,41521.87404705085
1733048,41521.87404705085
1733050,41521.87404705085
1733076,41521.87404705085
1733130,41521.87404705085
1733178,41521.87404705085
1733193,41521.87404705085
1733363,41521.87404705085
1733372,41521.87404705085
1733382,41521.87404705085
1733412,41521.87404705085
1733513,41521.87404705085
1733549,41521.87404705085
1733556,41521.87404705085
1733559,41521.87404705085
1733562,41521.87404705085
1733583,41521.87404705085
1733601,41521.87404705085
1733664,41521.87404705085
1733678,41521.87404705085
1733691,41521.87404705085
1733699,41521.87404705085
1733703,41521.87404705085
1733710,41521.87404705085
1733716,41521.87404705085
1733733,41521.87404705085
1733839,41521.87404705085
1733856,41521.87404705085
1733896,41521.87404705085
1733921,41521.87404705085
1733953,41521.87404705085
1734008,41521.87404705085
1734054,41521.87404705085
1734120,41521.87404705085
1734317,41521.87404705085
1734331,41521.87404705085
1734349,41521.87404705085
1734355,41521.87404705085
1734455,41521.87404705085
1734457,41521.87404705085
1734595,41521.87404705085
1734660,41521.87404705085
1734726,41521.87404705085
1734840,41521.87404705085
1734857,41521.87404705085
1734860,41521.87404705085
1734917,41521.87404705085
1735446,41521.87404705085
1735515,41521.87404705085
1735648,41521.87404705085
1735693,41521.87404705085
1735729,41521.87404705085
1735777,41521.87404705085
1735850,41521.87404705085
1735851,41521.87404705085
1736074,41521.87404705085
1736197,41521.87404705085
1736235,41521.87404705085
1736256,41521.87404705085
1736327,41521.87404705085
1736464,41521.87404705085
1736497,41521.87404705085
1736498,41521.87404705085
1736665,41521.87404705085
1736741,41521.87404705085
1736754,41521.87404705085
1736824,41521.87404705085
1736850,41521.87404705085
1736851,41521.87404705085
1737070,41521.87404705085
1737204,41521.87404705085
1737363,41521.87404705085
1737366,41521.87404705085
1737456,41521.87404705085
1737485,41521.87404705085
1737554,41521.87404705085
1737684,41521.87404705085
1737735,41521.87404705085
1737746,41521.87404705085
1737773,41521.87404705085
1737803,41521.87404705085
1737814,41521.87404705085
1737832,41521.87404705085
1737895,41521.87404705085
1737922,41521.87404705085
1737994,41521.87404705085
1738084,41521.87404705085
1738164,41521.87404705085
1738178,41521.87404705085
1738261,41521.87404705085
1738288,41521.87404705085
1738351,41521.87404705085
1738352,41521.87404705085
1738363,41521.87404705085
1738377,41521.87404705085
1738424,41521.87404705085
1738445,41521.87404705085
1738526,41521.87404705085
1738539,41521.87404705085
1738579,41521.87404705085
1738635,41521.87404705085
1738651,41521.87404705085
1738657,41521.87404705085
1738683,41521.87404705085
1738713,41521.87404705085
1738733,41521.87404705085
1738777,41521.87404705085
1738840,41521.87404705085
1738887,41521.87404705085
1738893,41521.87404705085
1738898,41521.87404705085
1738902,41521.87404705085
1738905,41521.87404705085
1738943,41521.87404705085
1738949,41521.87404705085
1738950,41521.87404705085
1739001,41521.87404705085
1739029,41521.87404705085
1739049,41521.87404705085
1739112,41521.87404705085
1739125,41521.87404705085
1739173,41521.87404705085
1739209,41521.87404705085
1739216,41521.87404705085
1739224,41521.87404705085
1739232,41521.87404705085
1739243,41521.87404705085
1739316,41521.87404705085
1739343,41521.87404705085
1739373,41521.87404705085
1739385,41521.87404705085
1739425,41521.87404705085
1739475,41521.87404705085
1739553,41521.87404705085
1739559,41521.87404705085
1739577,41521.87404705085
1739619,41521.87404705085
1739830,41521.87404705085
1739984,41521.87404705085
1740016,41521.87404705085
1740104,41521.87404705085
1740126,41521.87404705085
1740215,41521.87404705085
1740268,41521.87404705085
1740269,41521.87404705085
1740273,41521.87404705085
1740368,41521.87404705085
1740391,41521.87404705085
1740400,41521.87404705085
1740507,41521.87404705085
1740558,41521.87404705085
1740681,41521.87404705085
1740956,41521.87404705085
1741020,41521.87404705085
1741026,41521.87404705085
1741034,41521.87404705085
1741103,41521.87404705085
1741307,41521.87404705085
1741595,41521.87404705085
1741751,41521.87404705085
1741770,41521.87404705085
1741808,41521.87404705085
1741866,41521.87404705085
1741867,41521.87404705085
1741870,41521.87404705085
1741894,41521.87404705085
1741895,41521.87404705085
1742113,41521.87404705085
1742350,41521.87404705085
1742357,41521.87404705085
1742418,41521.87404705085
1742423,41521.87404705085
1742595,41521.87404705085
1742622,41521.87404705085
1742686,41521.87404705085
1742970,41521.87404705085
1743161,41521.87404705085
1743341,41521.87404705085
1743395,41521.87404705085
1743480,41521.87404705085
1743559,41521.87404705085
1743730,41521.87404705085
1743779,41521.87404705085
1743804,41521.87404705085
1743814,41521.87404705085
1743830,41521.87404705085
1743866,41521.87404705085
1744122,41521.87404705085
1744123,41521.87404705085
1744133,41521.87404705085
1744156,41521.87404705085
1744202,41521.87404705085
1744354,41521.87404705085
1744380,41521.87404705085
1744396,41521.87404705085
1744410,41521.87404705085
1744411,41521.87404705085
1744414,41521.87404705085
1744426,41521.87404705085
1744506,41521.87404705085
1744548,41521.87404705085
1744623,41521.87404705085
1744625,41521.87404705085
1744808,41521.87404705085
1744831,41521.87404705085
1744959,41521.87404705085
1745006,41521.87404705085
1745138,41521.87404705085
1745183,41521.87404705085
1745189,41521.87404705085
1745273,41521.87404705085
1745281,41521.87404705085
1745305,41521.87404705085
1745340,41521.87404705085
1745343,41521.87404705085
1745459,41521.87404705085
1745492,41521.87404705085
1745563,41521.87404705085
1745583,41521.87404705085
1745653,41521.87404705085
1745663,41521.87404705085
1745664,41521.87404705085
1745683,41521.87404705085
1745684,41521.87404705085
1745713,41521.87404705085
1745733,41521.87404705085
1745819,41521.87404705085
1745836,41521.87404705085
1746022,41521.87404705085
1746025,41521.87404705085
1746032,41521.87404705085
1746121,41521.87404705085
1746125,41521.87404705085
1746149,41521.87404705085
1746153,41521.87404705085
1746273,41521.87404705085
1746286,41521.87404705085
1746540,41521.87404705085
1746627,41521.87404705085
1746673,41521.87404705085
1746710,41521.87404705085
1746763,41521.87404705085
1746872,41521.87404705085
1746877,41521.87404705085
1746878,41521.87404705085
1746897,41521.87404705085
1746943,41521.87404705085
1747037,41521.87404705085
1747211,41521.87404705085
1748133,41521.87404705085
1748198,41521.87404705085
1748289,41521.87404705085
1748386,41521.87404705085
1748431,41521.87404705085
1748873,41521.87404705085
1748899,41521.87404705085
1749015,41521.87404705085
1749095,41521.87404705085
1749123,41521.87404705085
1749146,41521.87404705085
1749186,41521.87404705085
1749261,41521.87404705085
1749371,41521.87404705085
1749457,41521.87404705085
1749458,41521.87404705085
1749461,41521.87404705085
1749633,41521.87404705085
1749879,41521.87404705085
1750071,41521.87404705085
1750077,41521.87404705085
1750114,41521.87404705085
1750154,41521.87404705085
1750155,41521.87404705085
1750181,41521.87404705085
1750196,41521.87404705085
1750243,41521.87404705085
1750257,41521.87404705085
1750318,41521.87404705085
1750364,41521.87404705085
1750488,41521.87404705085
1750552,41521.87404705085
1750557,41521.87404705085
1750564,41521.87404705085
1750610,41521.87404705085
1750639,41521.87404705085
1750693,41521.87404705085
1750841,41521.87404705085
1750869,41521.87404705085
1751080,41521.87404705085
1751319,41521.87404705085
1751406,41521.87404705085
1751478,41521.87404705085
1751576,41521.87404705085
1751595,41521.87404705085
1751608,41521.87404705085
1751704,41521.87404705085
1751714,41521.87404705085
1751735,41521.87404705085
1751832,41521.87404705085
1751833,41521.87404705085
1751866,41521.87404705085
1751942,41521.87404705085
1752005,41521.87404705085
1752052,41521.87404705085
1752142,41521.87404705085
1752148,41521.87404705085
1752171,41521.87404705085
1752308,41521.87404705085
1752310,41521.87404705085
1752321,41521.87404705085
1752409,41521.87404705085
1752510,41521.87404705085
1752654,41521.87404705085
1752671,41521.87404705085
1752674,41521.87404705085
1752854,41521.87404705085
1752874,41521.87404705085
1752887,41521.87404705085
1752903,41521.87404705085
1752958,41521.87404705085
1752959,41521.87404705085
1752964,41521.87404705085
1752973,41521.87404705085
1752992,41521.87404705085
1752994,41521.87404705085
1753159,41521.87404705085
1753216,41521.87404705085
1753220,41521.87404705085
1753250,41521.87404705085
1753291,41521.87404705085
1753295,41521.87404705085
1753307,41521.87404705085
1753318,41521.87404705085
1753394,41521.87404705085
1753401,41521.87404705085
1753408,41521.87404705085
1753586,41521.87404705085
1753625,41521.87404705085
1753661,41521.87404705085
1753691,41521.87404705085
1753782,41521.87404705085
1753793,41521.87404705085
1753953,41521.87404705085
1754024,41521.87404705085
1754027,41521.87404705085
1754205,41521.87404705085
1754404,41521.87404705085
1754565,41521.87404705085
1754577,41521.87404705085
1754659,41521.87404705085
1754672,41521.87404705085
1755079,41521.87404705085
1755512,41521.87404705085
1755540,41521.87404705085
1755946,41521.87404705085
1756185,41521.87404705085
1756479,41521.87404705085
1756505,41521.87404705085
1756817,41521.87404705085
1756824,41521.87404705085
1756839,41521.87404705085
1756933,41521.87404705085
1756992,41521.87404705085
1757003,41521.87404705085
1757034,41521.87404705085
1757264,41521.87404705085
1757365,41521.87404705085
1757688,41521.87404705085
1757782,41521.87404705085
1757810,41521.87404705085
1757841,41521.87404705085
1758062,41521.87404705085
1758121,41521.87404705085
1758137,41521.87404705085
1758138,41521.87404705085
1758266,41521.87404705085
1758733,41521.87404705085
1758768,41521.87404705085
1758853,41521.87404705085
1758874,41521.87404705085
1758950,41521.87404705085
1759103,41521.87404705085
1759628,41521.87404705085
1759646,41521.87404705085
1759697,41521.87404705085
1759714,41521.87404705085
1759806,41521.87404705085
1759963,41521.87404705085
1760109,41521.87404705085
1760126,41521.87404705085
1760146,41521.87404705085
1760177,41521.87404705085
1760549,41521.87404705085
1760593,41521.87404705085
1760598,41521.87404705085
1760633,41521.87404705085
1760666,41521.87404705085
1760870,41521.87404705085
1760926,41521.87404705085
1760952,41521.87404705085
1761063,41521.87404705085
1761126,41521.87404705085
1761203,41521.87404705085
1761207,41521.87404705085
1761210,41521.87404705085
1761211,41521.87404705085
1761274,41521.87404705085
1761317,41521.87404705085
1761367,41521.87404705085
1761398,41521.87404705085
1761410,41521.87404705085
1761411,41521.87404705085
1761414,41521.87404705085
1761416,41521.87404705085
1761428,41521.87404705085
1761430,41521.87404705085
1761432,41521.87404705085
1761463,41521.87404705085
1761471,41521.87404705085
1761503,41521.87404705085
1761516,41521.87404705085
1761522,41521.87404705085
1761531,41521.87404705085
1761561,41521.87404705085
1761568,41521.87404705085
1761619,41521.87404705085
1761629,41521.87404705085
1761659,41521.87404705085
1761670,41521.87404705085
1761696,41521.87404705085
1761716,41521.87404705085
1761733,41521.87404705085
1761761,41521.87404705085
1761919,41521.87404705085
1762040,41521.87404705085
1762107,41521.87404705085
1762375,41521.87404705085
1762395,41521.87404705085
1762403,41521.87404705085
1762404,41521.87404705085
1762418,41521.87404705085
1762422,41521.87404705085
1762457,41521.87404705085
1762469,41521.87404705085
1762556,41521.87404705085
1762929,41521.87404705085
1763026,41521.87404705085
1763810,41521.87404705085
1764415,41521.87404705085
1764423,41521.87404705085
1764432,41521.87404705085
1764436,41521.87404705085
1764439,41521.87404705085
1764441,41521.87404705085
1764499,41521.87404705085
1764503,41521.87404705085
1764515,41521.87404705085
1764544,41521.87404705085
1764575,41521.87404705085
1764604,41521.87404705085
1764617,41521.87404705085
1764621,41521.87404705085
1764626,41521.87404705085
1764631,41521.87404705085
1764676,41521.87404705085
1764955,41521.87404705085
1765377,41521.87404705085
1765454,41521.87404705085
1765853,41521.87404705085
1765946,41521.87404705085
1766051,41521.87404705085
1766052,41521.87404705085
1766060,41521.87404705085
1766061,41521.87404705085
1766203,41521.87404705085
1766213,41521.87404705085
1766271,41521.87404705085
1766300,41521.87404705085
1766329,41521.87404705085
1766334,41521.87404705085
1766411,41521.87404705085
1766482,41521.87404705085
1766485,41521.87404705085
1766501,41521.87404705085
1766520,41521.87404705085
1766524,41521.87404705085
1766537,41521.87404705085
1766549,41521.87404705085
1766550,41521.87404705085
1766562,41521.87404705085
1766563,41521.87404705085
1766599,41521.87404705085
1766600,41521.87404705085
1766608,41521.87404705085
1766632,41521.87404705085
1766645,41521.87404705085
1766648,41521.87404705085
1766658,41521.87404705085
1766662,41521.87404705085
1766675,41521.87404705085
1766677,41521.87404705085
1766741,41521.87404705085
1766753,41521.87404705085
1766775,41521.87404705085
1766792,41521.87404705085
1766811,41521.87404705085
1766820,41521.87404705085
1766836,41521.87404705085
1766846,41521.87404705085
1766852,41521.87404705085
1766858,41521.87404705085
1766874,41521.87404705085
1766888,41521.87404705085
1766889,41521.87404705085
1766894,41521.87404705085
1766903,41521.87404705085
1766929,41521.87404705085
1766934,41521.87404705085
1766974,41521.87404705085
1766984,41521.87404705085
1767011,41521.87404705085
1767058,41521.87404705085
1767065,41521.87404705085
1767148,41521.87404705085
1767159,41521.87404705085
1767161,41521.87404705085
1767162,41521.87404705085
1767178,41521.87404705085
1767179,41521.87404705085
1767185,41521.87404705085
1767216,41521.87404705085
1767449,41521.87404705085
1767478,41521.87404705085
1767845,41521.87404705085
1767937,41521.87404705085
1767941,41521.87404705085
1767976,41521.87404705085
1767979,41521.87404705085
1768017,41521.87404705085
1768036,41521.87404705085
1768041,41521.87404705085
1768046,41521.87404705085
1768067,41521.87404705085
1768085,41521.87404705085
1768112,41521.87404705085
1768116,41521.87404705085
1768175,41521.87404705085
1768219,41521.87404705085
1768231,41521.87404705085
1768271,41521.87404705085
1768292,41521.87404705085
1768320,41521.87404705085
1768327,41521.87404705085
1768378,41521.87404705085
1768391,41521.87404705085
1768462,41521.87404705085
1768471,41521.87404705085
1768500,41521.87404705085
1768525,41521.87404705085
1768539,41521.87404705085
1768576,41521.87404705085
1768644,41521.87404705085
1768646,41521.87404705085
1768658,41521.87404705085
1768667,41521.87404705085
1768688,41521.87404705085
1768697,41521.87404705085
1768722,41521.87404705085
1768764,41521.87404705085
1768782,41521.87404705085
1768787,41521.87404705085
1768827,41521.87404705085
1768936,41521.87404705085
1768938,41521.87404705085
1768969,41521.87404705085
1768981,41521.87404705085
1769001,41521.87404705085
1769038,41521.87404705085
1769064,41521.87404705085
1769112,41521.87404705085
1769232,41521.87404705085
1769236,41521.87404705085
1769287,41521.87404705085
1769288,41521.87404705085
1769296,41521.87404705085
1769300,41521.87404705085
1769308,41521.87404705085
1769311,41521.87404705085
1769422,41521.87404705085
1769435,41521.87404705085
1769459,41521.87404705085
1769485,41521.87404705085
1769489,41521.87404705085
1769538,41521.87404705085
1769548,41521.87404705085
1769583,41521.87404705085
1769584,41521.87404705085
1769586,41521.87404705085
1769588,41521.87404705085
1769600,41521.87404705085
1769621,41521.87404705085
1769637,41521.87404705085
1769654,41521.87404705085
1769669,41521.87404705085
1769676,41521.87404705085
1769682,41521.87404705085
1769690,41521.87404705085
1769702,41521.87404705085
1769731,41521.87404705085
1769758,41521.87404705085
1769760,41521.87404705085
1769785,41521.87404705085
1769811,41521.87404705085
1769817,41521.87404705085
1769836,41521.87404705085
1769859,41521.87404705085
1769879,41521.87404705085
1769910,41521.87404705085
1769911,41521.87404705085
1769916,41521.87404705085
1769923,41521.87404705085
1769942,41521.87404705085
1769951,41521.87404705085
1769960,41521.87404705085
1769965,41521.87404705085
1769972,41521.87404705085
1769975,41521.87404705085
1770002,41521.87404705085
1770020,41521.87404705085
1770024,41521.87404705085
1770034,41521.87404705085
1770040,41521.87404705085
1770076,41521.87404705085
1770085,41521.87404705085
1770121,41521.87404705085
1770134,41521.87404705085
1770137,41521.87404705085
1770138,41521.87404705085
1770139,41521.87404705085
1770146,41521.87404705085
1770228,41521.87404705085
1770318,41521.87404705085
1770370,41521.87404705085
1770378,41521.87404705085
1770392,41521.87404705085
1770423,41521.87404705085
1770430,41521.87404705085
1770476,41521.87404705085
1770495,41521.87404705085
1770566,41521.87404705085
1770575,41521.87404705085
1770611,41521.87404705085
1770612,41521.87404705085
1770622,41521.87404705085
1770626,41521.87404705085
1770653,41521.87404705085
1770666,41521.87404705085
1770746,41521.87404705085
1770754,41521.87404705085
1770812,41521.87404705085
1770899,41521.87404705085
1770906,41521.87404705085
1770916,41521.87404705085
1770933,41521.87404705085
1770945,41521.87404705085
1770999,41521.87404705085
1771085,41521.87404705085
1771128,41521.87404705085
1771174,41521.87404705085
1771198,41521.87404705085
1771320,41521.87404705085
1771469,41521.87404705085
1771476,41521.87404705085
1771535,41521.87404705085
1771624,41521.87404705085
1771693,41521.87404705085
1771823,41521.87404705085
1771874,41521.87404705085
1771968,41521.87404705085
1772018,41521.87404705085
1772024,41521.87404705085
1772105,41521.87404705085
1772122,41521.87404705085
1772178,41521.87404705085
1772202,41521.87404705085
1772239,41521.87404705085
1772453,41521.87404705085
1772477,41521.87404705085
1773426,41521.87404705085
1773881,41521.87404705085
1773959,41521.87404705085
1773982,41521.87404705085
1774011,41521.87404705085
1774064,41521.87404705085
1774094,41521.87404705085
1774112,41521.87404705085
1774121,41521.87404705085
1774187,41521.87404705085
1774224,41521.87404705085
1774239,41521.87404705085
1774261,41521.87404705085
1774459,41521.87404705085
1774465,41521.87404705085
1774645,41521.87404705085
1774653,41521.87404705085
1774691,41521.87404705085
1775424,41521.87404705085
1775453,41521.87404705085
1775473,41521.87404705085
1775524,41521.87404705085
1775574,41521.87404705085
1776086,41521.87404705085
1776092,41521.87404705085
1776105,41521.87404705085
1776151,41521.87404705085
1776177,41521.87404705085
1776181,41521.87404705085
1776227,41521.87404705085
1776231,41521.87404705085
1776234,41521.87404705085
1776307,41521.87404705085
1776344,41521.87404705085
1776374,41521.87404705085
1776402,41521.87404705085
1776431,41521.87404705085
1776469,41521.87404705085
1776478,41521.87404705085
1776537,41521.87404705085
1776540,41521.87404705085
1776549,41521.87404705085
1776551,41521.87404705085
1776578,41521.87404705085
1776588,41521.87404705085
1776623,41521.87404705085
1776706,41521.87404705085
1776756,41521.87404705085
1776761,41521.87404705085
1776795,41521.87404705085
1777130,41521.87404705085
1777270,41521.87404705085
1777589,41521.87404705085
1778259,41521.87404705085
1778510,41521.87404705085
1778650,41521.87404705085
1778839,41521.87404705085
1778894,41521.87404705085
1778912,41521.87404705085
1778917,41521.87404705085
1778952,41521.87404705085
1778954,41521.87404705085
1778957,41521.87404705085
1779505,41521.87404705085
1779766,41521.87404705085
1780612,41521.87404705085
1780645,41521.87404705085
1780661,41521.87404705085
1780702,41521.87404705085
1781547,41521.87404705085
1781852,41521.87404705085
1782169,41521.87404705085
1782657,41521.87404705085
1782663,41521.87404705085
1782825,41521.87404705085
1783087,41521.87404705085
1783188,41521.87404705085
1783192,41521.87404705085
1783885,41521.87404705085
1783926,41521.87404705085
1784121,41521.87404705085
1788939,41521.87404705085
1789841,41521.87404705085
1789842,41521.87404705085
1789855,41521.87404705085
1789858,41521.87404705085
1790314,41521.87404705085
1790316,41521.87404705085
1790335,41521.87404705085
1790425,41521.87404705085
1790489,41521.87404705085
1790520,41521.87404705085
1790639,41521.87404705085
1790857,41521.87404705085
1802462,41521.87404705085
1802743,41521.87404705085
1808574,41521.87404705085
1814754,41521.87404705085
1814809,41521.87404705085
1816617,41521.87404705085
1816907,41521.87404705085
1817483,41521.87404705085
1817581,41521.87404705085
1818569,41521.87404705085
1818603,41521.87404705085
1818640,41521.87404705085
1818655,41521.87404705085
1818656,41521.87404705085
1818790,41521.87404705085
1818829,41521.87404705085
1818973,41521.87404705085
1818978,41521.87404705085
1819595,41521.87404705085
1819623,41521.87404705085
1819628,41521.87404705085
1819822,41521.87404705085
1819885,41521.87404705085
1821495,41521.87404705085
1825467,41521.87404705085
1825469,41521.87404705085
1825508,41521.87404705085
1825534,41521.87404705085
1825566,41521.87404705085
1825568,41521.87404705085
1825578,41521.87404705085
1825613,41521.87404705085
1825665,41521.87404705085
1825708,41521.87404705085
1825737,41521.87404705085
1825755,41521.87404705085
1825780,41521.87404705085
1825783,41521.87404705085
1825784,41521.87404705085
1825798,41521.87404705085
1825804,41521.87404705085
1825808,41521.87404705085
1825809,41521.87404705085
1825818,41521.87404705085
1825826,41521.87404705085
1825827,41521.87404705085
1825830,41521.87404705085
1825863,41521.87404705085
1825968,41521.87404705085
1826100,41521.87404705085
1826107,41521.87404705085
1826110,41521.87404705085
1826163,41521.87404705085
1826173,41521.87404705085
1826174,41521.87404705085
1826187,41521.87404705085
1826242,41521.87404705085
1826248,41521.87404705085
1826253,41521.87404705085
1826262,41521.87404705085
1826284,41521.87404705085
1826292,41521.87404705085
1826295,41521.87404705085
1826307,41521.87404705085
1826321,41521.87404705085
1826414,41521.87404705085
1826421,41521.87404705085
1826427,41521.87404705085
1826434,41521.87404705085
1826458,41521.87404705085
1826467,41521.87404705085
1826535,41521.87404705085
1826633,41521.87404705085
1826707,41521.87404705085
1826721,41521.87404705085
1826754,41521.87404705085
1826762,41521.87404705085
1826873,41521.87404705085
1826885,41521.87404705085
1826887,41521.87404705085
1826893,41521.87404705085
1826935,41521.87404705085
1826938,41521.87404705085
1826951,41521.87404705085
1826954,41521.87404705085
1826957,41521.87404705085
1826966,41521.87404705085
1826973,41521.87404705085
1826982,41521.87404705085
1826987,41521.87404705085
1826995,41521.87404705085
1826998,41521.87404705085
1827026,41521.87404705085
1827034,41521.87404705085
1827166,41521.87404705085
1827278,41521.87404705085
1828221,41521.87404705085
1828223,41521.87404705085
1828230,41521.87404705085
1828481,41521.87404705085
1828493,41521.87404705085
1831361,41521.87404705085
1832091,41521.87404705085
1832758,41521.87404705085
1840149,41521.87404705085
1840183,41521.87404705085
1840195,41521.87404705085
1840214,41521.87404705085
1840224,41521.87404705085
1840250,41521.87404705085
1840267,41521.87404705085
1840277,41521.87404705085
1840283,41521.87404705085
1842601,41521.87404705085
1844759,41521.87404705085
1844769,41521.87404705085
1845435,41521.87404705085
1845458,41521.87404705085
1845463,41521.87404705085
1852262,41521.87404705085
1852266,41521.87404705085
1853523,41521.87404705085
1853721,41521.87404705085
1853727,41521.87404705085
1855057,41521.87404705085
1855086,41521.87404705085
1855088,41521.87404705085
1855112,41521.87404705085
1855113,41521.87404705085
1855121,41521.87404705085
1855132,41521.87404705085
1855148,41521.87404705085
1858255,41521.87404705085
1858265,41521.87404705085
1858552,41521.87404705085
1858579,41521.87404705085
1858608,41521.87404705085
1858616,41521.87404705085
1858636,41521.87404705085
1858643,41521.87404705085
1858651,41521.87404705085
1882651,41521.87404705085
1883169,41521.87404705085
1883682,41521.87404705085
1883824,41521.87404705085
1883976,41521.87404705085
1884120,41521.87404705085
1884815,41521.87404705085
1885113,41521.87404705085
1885295,41521.87404705085
1885484,41521.87404705085
1885807,41521.87404705085
1885817,41521.87404705085
1885822,41521.87404705085
1893624,41521.87404705085
1894225,41521.87404705085
1894348,41521.87404705085
1894550,41521.87404705085
1894732,41521.87404705085
1894818,41521.87404705085
1894858,41521.87404705085
1894970,41521.87404705085
1895141,41521.87404705085
1895158,41521.87404705085
1895216,41521.87404705085
1895388,41521.87404705085
1895488,41521.87404705085
1895493,41521.87404705085
1895509,41521.87404705085
1895535,41521.87404705085
1895538,41521.87404705085
1895614,41521.87404705085
1895615,41521.87404705085
1895676,41521.87404705085
1895718,41521.87404705085
1896326,41521.87404705085
1898395,41521.87404705085
1898453,41521.87404705085
1898461,41521.87404705085
1898465,41521.87404705085
1898637,41521.87404705085
1899633,41521.87404705085
1899699,41521.87404705085
1899705,41521.87404705085
1900365,41521.87404705085
1901963,41521.87404705085
1902015,41521.87404705085
1902022,41521.87404705085
1902324,41521.87404705085
1902333,41521.87404705085
1902336,41521.87404705085
1902375,41521.87404705085
1902459,41521.87404705085
1902467,41521.87404705085
1902474,41521.87404705085
1902475,41521.87404705085
1902541,41521.87404705085
1902551,41521.87404705085
1902716,41521.87404705085
1902731,41521.87404705085
1902777,41521.87404705085
1902793,41521.87404705085
1902795,41521.87404705085
1902814,41521.87404705085
1902824,41521.87404705085
1902833,41521.87404705085
1902841,41521.87404705085
1903047,41521.87404705085
1903052,41521.87404705085
1903057,41521.87404705085
1903085,41521.87404705085
1903099,41521.87404705085
1903105,41521.87404705085
1903113,41521.87404705085
1903133,41521.87404705085
1903139,41521.87404705085
1903188,41521.87404705085
1903191,41521.87404705085
1903236,41521.87404705085
1903241,41521.87404705085
1903249,41521.87404705085
1903273,41521.87404705085
1903276,41521.87404705085
1903280,41521.87404705085
1903283,41521.87404705085
1903296,41521.87404705085
2195869,41521.87404705085
2196012,41521.87404705085
2196321,41521.87404705085
2196733,41521.87404705085
2196939,41521.87404705085
2196998,41521.87404705085
2197324,41521.87404705085
2197347,41521.87404705085
2197936,41521.87404705085
2198837,41521.87404705085
2198853,41521.87404705085
2198895,41521.87404705085
2198903,41521.87404705085
2198940,41521.87404705085
2199217,41521.87404705085
2199224,41521.87404705085
2199244,41521.87404705085
2199481,41521.87404705085
2199739,41521.87404705085
2199759,41521.87404705085
2199802,41521.87404705085
2199803,41521.87404705085
2199820,41521.87404705085
2199824,41521.87404705085
2199865,41521.87404705085
2199882,41521.87404705085
2199894,41521.87404705085
2199904,41521.87404705085
2199917,41521.87404705085
2199919,41521.87404705085
2199920,41521.87404705085
2199929,41521.87404705085
2199973,41521.87404705085
2200023,41521.87404705085
2200040,41521.87404705085
2200043,41521.87404705085
2200061,41521.87404705085
2200064,41521.87404705085
2200139,41521.87404705085
2200207,41521.87404705085
2200214,41521.87404705085
2200247,41521.87404705085
2200262,41521.87404705085
2200294,41521.87404705085
2200341,41521.87404705085
2200430,41521.87404705085
2200460,41521.87404705085
2200463,41521.87404705085
2200483,41521.87404705085
2200495,41521.87404705085
2200512,41521.87404705085
2200514,41521.87404705085
2200522,41521.87404705085
2200533,41521.87404705085
2200538,41521.87404705085
2200588,41521.87404705085
2200626,41521.87404705085
2200655,41521.87404705085
2200663,41521.87404705085
2200669,41521.87404705085
2200683,41521.87404705085
2200685,41521.87404705085
2200686,41521.87404705085
2200702,41521.87404705085
2200707,41521.87404705085
2200718,41521.87404705085
2201230,41521.87404705085
2201239,41521.87404705085
2201250,41521.87404705085
2201389,41521.87404705085
2201436,41521.87404705085
2201447,41521.87404705085
2201466,41521.87404705085
2201467,41521.87404705085
2201500,41521.87404705085
2204212,41521.87404705085
2204456,41521.87404705085
2204530,41521.87404705085
2204567,41521.87404705085
2204597,41521.87404705085
2204602,41521.87404705085
2204617,41521.87404705085
2204659,41521.87404705085
2204697,41521.87404705085
2204716,41521.87404705085
2204840,41521.87404705085
2204858,41521.87404705085
2204990,41521.87404705085
2205006,41521.87404705085
2205165,41521.87404705085
2205178,41521.87404705085
2205203,41521.87404705085
2205213,41521.87404705085
2205224,41521.87404705085
2205281,41521.87404705085
2205292,41521.87404705085
2205326,41521.87404705085
2205330,41521.87404705085
2205445,41521.87404705085
2205455,41521.87404705085
2206440,41521.87404705085
2206578,41521.87404705085
2206719,41521.87404705085
2207057,41521.87404705085
2207062,41521.87404705085
2207301,41521.87404705085
2207306,41521.87404705085
2207316,41521.87404705085
2207319,41521.87404705085
2207573,41521.87404705085
2207911,41521.87404705085
2207926,41521.87404705085
2207936,41521.87404705085
2207980,41521.87404705085
2208035,41521.87404705085
2208106,41521.87404705085
2208356,41521.87404705085
2208452,41521.87404705085
2208536,41521.87404705085
2208563,41521.87404705085
2208565,41521.87404705085
2208576,41521.87404705085
2208577,41521.87404705085
2208580,41521.87404705085
2208631,41521.87404705085
2208873,41521.87404705085
2208918,41521.87404705085
2209081,41521.87404705085
2209396,41521.87404705085
2209535,41521.87404705085
2209879,41521.87404705085
2209986,41521.87404705085
2210323,41521.87404705085
2210464,41521.87404705085
2210491,41521.87404705085
2210998,41521.87404705085
2211049,41521.87404705085
2211080,41521.87404705085
2211093,41521.87404705085
2211097,41521.87404705085
2211151,41521.87404705085
2211183,41521.87404705085
2211248,41521.87404705085
2211311,41521.87404705085
2211342,41521.87404705085
2211374,41521.87404705085
2211383,41521.87404705085
2211406,41521.87404705085
2211418,41521.87404705085
2211420,41521.87404705085
2211432,41521.87404705085
2211488,41521.87404705085
2211507,41521.87404705085
2211566,41521.87404705085
2211594,41521.87404705085
2211627,41521.87404705085
2211684,41521.87404705085
2211714,41521.87404705085
2211753,41521.87404705085
2211754,41521.87404705085
2211762,41521.87404705085
2211789,41521.87404705085
2211833,41521.87404705085
2212324,41521.87404705085
2212330,41521.87404705085
2212335,41521.87404705085
2212357,41521.87404705085
2212361,41521.87404705085
2212362,41521.87404705085
2212372,41521.87404705085
2212431,41521.87404705085
2212464,41521.87404705085
2212479,41521.87404705085
2212481,41521.87404705085
2212492,41521.87404705085
2212509,41521.87404705085
2212532,41521.87404705085
2212586,41521.87404705085
2212619,41521.87404705085
2212665,41521.87404705085
2212742,41521.87404705085
2212757,41521.87404705085
2212793,41521.87404705085
2213286,41521.87404705085
2213310,41521.87404705085
2213318,41521.87404705085
2213345,41521.87404705085
2213363,41521.87404705085
2213399,41521.87404705085
2214265,41521.87404705085
2214492,41521.87404705085
2214725,41521.87404705085
2215047,41521.87404705085
2215177,41521.87404705085
2215180,41521.87404705085
2215268,41521.87404705085
2215274,41521.87404705085
2215280,41521.87404705085
2215297,41521.87404705085
2215304,41521.87404705085
2215306,41521.87404705085
2215314,41521.87404705085
2215322,41521.87404705085
2215456,41521.87404705085
2215824,41521.87404705085
2215860,41521.87404705085
2216080,41521.87404705085
2216286,41521.87404705085
2216322,41521.87404705085
2216497,41521.87404705085
2216498,41521.87404705085
2216710,41521.87404705085
2216717,41521.87404705085
2216745,41521.87404705085
2216746,41521.87404705085
2216749,41521.87404705085
2216753,41521.87404705085
2216777,41521.87404705085
2216811,41521.87404705085
2217172,41521.87404705085
2217322,41521.87404705085
2218806,41521.87404705085
2218811,41521.87404705085
2218840,41521.87404705085
2218963,41521.87404705085
2219029,41521.87404705085
2219036,41521.87404705085
2219051,41521.87404705085
2219090,41521.87404705085
2219091,41521.87404705085
2219095,41521.87404705085
2219096,41521.87404705085
2219098,41521.87404705085
2219100,41521.87404705085
2219130,41521.87404705085
2219163,41521.87404705085
2219673,41521.87404705085
2219676,41521.87404705085
2219885,41521.87404705085
2220300,41521.87404705085
2220303,41521.87404705085
2220307,41521.87404705085
2220314,41521.87404705085
2220315,41521.87404705085
2220377,41521.87404705085
2220458,41521.87404705085
2220480,41521.87404705085
2220493,41521.87404705085
2220503,41521.87404705085
2220574,41521.87404705085
2220587,41521.87404705085
2220595,41521.87404705085
2220750,41521.87404705085
2220751,41521.87404705085
2220938,41521.87404705085
2220986,41521.87404705085
2221053,41521.87404705085
2221069,41521.87404705085
2221072,41521.87404705085
2221085,41521.87404705085
2221086,41521.87404705085
2221101,41521.87404705085
2221105,41521.87404705085
2221245,41521.87404705085
2221407,41521.87404705085
2221613,41521.87404705085
2221761,41521.87404705085
2221823,41521.87404705085
2221893,41521.87404705085
2221897,41521.87404705085
2221901,41521.87404705085
2221915,41521.87404705085
2221927,41521.87404705085
2221939,41521.87404705085
2221953,41521.87404705085
2223031,41521.87404705085
2223046,41521.87404705085
2223070,41521.87404705085
2223078,41521.87404705085
2223079,41521.87404705085
2223090,41521.87404705085
2223103,41521.87404705085
2223158,41521.87404705085
2223179,41521.87404705085
2223180,41521.87404705085
2223204,41521.87404705085
2224524,41521.87404705085
2225101,41521.87404705085
2225160,41521.87404705085
2225339,41521.87404705085
2225365,41521.87404705085
2225382,41521.87404705085
2225390,41521.87404705085
2225393,41521.87404705085
2225421,41521.87404705085
2225422,41521.87404705085
2225432,41521.87404705085
2225441,41521.87404705085
2225457,41521.87404705085
2225492,41521.87404705085
2225510,41521.87404705085
2225511,41521.87404705085
2225527,41521.87404705085
2225556,41521.87404705085
2225585,41521.87404705085
2225609,41521.87404705085
2225758,41521.87404705085
2225989,41521.87404705085
2226032,41521.87404705085
2226035,41521.87404705085
2226043,41521.87404705085
2226047,41521.87404705085
2226050,41521.87404705085
2226060,41521.87404705085
2226064,41521.87404705085
2226065,41521.87404705085
2226085,41521.87404705085
2226103,41521.87404705085
2226104,41521.87404705085
2226118,41521.87404705085
2226171,41521.87404705085
2226172,41521.87404705085
2226198,41521.87404705085
2226223,41521.87404705085
2226228,41521.87404705085
2226233,41521.87404705085
2226260,41521.87404705085
2226296,41521.87404705085
2226298,41521.87404705085
2226305,41521.87404705085
2226310,41521.87404705085
2226381,41521.87404705085
2226411,41521.87404705085
2226419,41521.87404705085
2226476,41521.87404705085
2226500,41521.87404705085
2226512,41521.87404705085
2226524,41521.87404705085
2226535,41521.87404705085
2226589,41521.87404705085
2226597,41521.87404705085
2226598,41521.87404705085
2226608,41521.87404705085
2226610,41521.87404705085
2226614,41521.87404705085
2226632,41521.87404705085
2226635,41521.87404705085
2226637,41521.87404705085
2226692,41521.87404705085
2226698,41521.87404705085
2226753,41521.87404705085
2226757,41521.87404705085
2226770,41521.87404705085
2226798,41521.87404705085
2226868,41521.87404705085
2227010,41521.87404705085
2227060,41521.87404705085
2227091,41521.87404705085
2227092,41521.87404705085
2227185,41521.87404705085
2227197,41521.87404705085
2227218,41521.87404705085
2227289,41521.87404705085
2227313,41521.87404705085
2227315,41521.87404705085
2227329,41521.87404705085
2227390,41521.87404705085
2227396,41521.87404705085
2227633,41521.87404705085
2227807,41521.87404705085
2228145,41521.87404705085
2228158,41521.87404705085
2228232,41521.87404705085
2228306,41521.87404705085
2228308,41521.87404705085
2228319,41521.87404705085
2228320,41521.87404705085
2228331,41521.87404705085
2228337,41521.87404705085
2228372,41521.87404705085
2228390,41521.87404705085
2228431,41521.87404705085
2228443,41521.87404705085
2228476,41521.87404705085
2228485,41521.87404705085
2228514,41521.87404705085
2228529,41521.87404705085
2228553,41521.87404705085
2228556,41521.87404705085
2228572,41521.87404705085
2228585,41521.87404705085
2228587,41521.87404705085
2228598,41521.87404705085
2228599,41521.87404705085
2228616,41521.87404705085
2228625,41521.87404705085
2228649,41521.87404705085
2228698,41521.87404705085
2228705,41521.87404705085
2228711,41521.87404705085
2228716,41521.87404705085
2228724,41521.87404705085
2228759,41521.87404705085
2228805,41521.87404705085
2228809,41521.87404705085
2228816,41521.87404705085
2228851,41521.87404705085
2228859,41521.87404705085
2228866,41521.87404705085
2228867,41521.87404705085
2228914,41521.87404705085
2228944,41521.87404705085
2228949,41521.87404705085
2228951,41521.87404705085
2228978,41521.87404705085
2228980,41521.87404705085
2228995,41521.87404705085
2229026,41521.87404705085
2229130,41521.87404705085
2229747,41521.87404705085
2229771,41521.87404705085
2229797,41521.87404705085
2229801,41521.87404705085
2229953,41521.87404705085
2230162,41521.87404705085
2230173,41521.87404705085
2230190,41521.87404705085
2230203,41521.87404705085
2230220,41521.87404705085
2230331,41521.87404705085
2230361,41521.87404705085
2230368,41521.87404705085
2230397,41521.87404705085
2230523,41521.87404705085
2230654,41521.87404705085
2230664,41521.87404705085
2230743,41521.87404705085
2230757,41521.87404705085
2230763,41521.87404705085
2230768,41521.87404705085
2230780,41521.87404705085
2231394,41521.87404705085
2231400,41521.87404705085
2231436,41521.87404705085
2231447,41521.87404705085
2231468,41521.87404705085
2231513,41521.87404705085
2231519,41521.87404705085
2231528,41521.87404705085
2231647,41521.87404705085
2231649,41521.87404705085
2231970,41521.87404705085
2231973,41521.87404705085
2231974,41521.87404705085
2231980,41521.87404705085
2232019,41521.87404705085
2232032,41521.87404705085
2232060,41521.87404705085
2232071,41521.87404705085
2232136,41521.87404705085
2232191,41521.87404705085
2232202,41521.87404705085
2232223,41521.87404705085
2232242,41521.87404705085
2232255,41521.87404705085
2232260,41521.87404705085
2232266,41521.87404705085
2232268,41521.87404705085
2232350,41521.87404705085
2232374,41521.87404705085
2232378,41521.87404705085
2232429,41521.87404705085
2232447,41521.87404705085
2232479,41521.87404705085
2232485,41521.87404705085
2232496,41521.87404705085
2232569,41521.87404705085
2232601,41521.87404705085
2232608,41521.87404705085
2232619,41521.87404705085
2232633,41521.87404705085
2232686,41521.87404705085
2232713,41521.87404705085
2232728,41521.87404705085
2232763,41521.87404705085
2232767,41521.87404705085
2232777,41521.87404705085
2233245,41521.87404705085
2233259,41521.87404705085
2233265,41521.87404705085
2233274,41521.87404705085
2233279,41521.87404705085
2233313,41521.87404705085
2233343,41521.87404705085
2233374,41521.87404705085
2233635,41521.87404705085
2234057,41521.87404705085
2234061,41521.87404705085
2234084,41521.87404705085
2234087,41521.87404705085
2234098,41521.87404705085
2234108,41521.87404705085
2234377,41521.87404705085
2234398,41521.87404705085
2234418,41521.87404705085
2234426,41521.87404705085
2234462,41521.87404705085
2234481,41521.87404705085
2234482,41521.87404705085
2234498,41521.87404705085
2234499,41521.87404705085
2234511,41521.87404705085
2234521,41521.87404705085
2234543,41521.87404705085
2234554,41521.87404705085
2234605,41521.87404705085
2234655,41521.87404705085
2234663,41521.87404705085
2234739,41521.87404705085
2234869,41521.87404705085
2234875,41521.87404705085
2234881,41521.87404705085
2234883,41521.87404705085
2234915,41521.87404705085
2234927,41521.87404705085
2234934,41521.87404705085
2235008,41521.87404705085
2235049,41521.87404705085
2235076,41521.87404705085
2235081,41521.87404705085
2235094,41521.87404705085
2235095,41521.87404705085
2235097,41521.87404705085
2235104,41521.87404705085
2235118,41521.87404705085
2235239,41521.87404705085
2235248,41521.87404705085
2235265,41521.87404705085
2235308,41521.87404705085
2235404,41521.87404705085
2235421,41521.87404705085
2235531,41521.87404705085
2235559,41521.87404705085
2235570,41521.87404705085
2235581,41521.87404705085
2235588,41521.87404705085
2235613,41521.87404705085
2237802,41521.87404705085
2237810,41521.87404705085
2237837,41521.87404705085
2237858,41521.87404705085
2237883,41521.87404705085
2237973,41521.87404705085
2238007,41521.87404705085
2238019,41521.87404705085
2238041,41521.87404705085
2238065,41521.87404705085
2238131,41521.87404705085
2238136,41521.87404705085
2238186,41521.87404705085
2238217,41521.87404705085
2238238,41521.87404705085
2238254,41521.87404705085
2238255,41521.87404705085
2238268,41521.87404705085
2238270,41521.87404705085
2238275,41521.87404705085
2238302,41521.87404705085
2238323,41521.87404705085
2238369,41521.87404705085
2238377,41521.87404705085
2238389,41521.87404705085
2238390,41521.87404705085
2238422,41521.87404705085
2238444,41521.87404705085
2238543,41521.87404705085
2238546,41521.87404705085
2238554,41521.87404705085
2238573,41521.87404705085
2238576,41521.87404705085
2238588,41521.87404705085
2238599,41521.87404705085
2238657,41521.87404705085
2238830,41521.87404705085
2238831,41521.87404705085
2238834,41521.87404705085
2238839,41521.87404705085
2238845,41521.87404705085
2238850,41521.87404705085
2238851,41521.87404705085
2238920,41521.87404705085
2238940,41521.87404705085
2239000,41521.87404705085
2239024,41521.87404705085
2239029,41521.87404705085
2239081,41521.87404705085
2239122,41521.87404705085
2239149,41521.87404705085
2239190,41521.87404705085
2239202,41521.87404705085
2239259,41521.87404705085
2239263,41521.87404705085
2239270,41521.87404705085
2239287,41521.87404705085
2239317,41521.87404705085
2239365,41521.87404705085
2239618,41521.87404705085
2239629,41521.87404705085
2239637,41521.87404705085
2239647,41521.87404705085
2239701,41521.87404705085
2239750,41521.87404705085
2239753,41521.87404705085
2239775,41521.87404705085
2239777,41521.87404705085
2239787,41521.87404705085
2239862,41521.87404705085
2239869,41521.87404705085
2239881,41521.87404705085
2239882,41521.87404705085
2239892,41521.87404705085
2239972,41521.87404705085
2240102,41521.87404705085
2240200,41521.87404705085
2240201,41521.87404705085
2240356,41521.87404705085
2240441,41521.87404705085
2240722,41521.87404705085
2240729,41521.87404705085
2240736,41521.87404705085
2240740,41521.87404705085
2240743,41521.87404705085
2240787,41521.87404705085
2240811,41521.87404705085
2240825,41521.87404705085
2240839,41521.87404705085
2240842,41521.87404705085
2240859,41521.87404705085
2240875,41521.87404705085
2240887,41521.87404705085
2240890,41521.87404705085
2240895,41521.87404705085
2241089,41521.87404705085
2241098,41521.87404705085
2241128,41521.87404705085
2241133,41521.87404705085
2241141,41521.87404705085
2241163,41521.87404705085
2241172,41521.87404705085
2241210,41521.87404705085
2241227,41521.87404705085
2241233,41521.87404705085
2241396,41521.87404705085
2241415,41521.87404705085
2241424,41521.87404705085
2241462,41521.87404705085
2241476,41521.87404705085
2241495,41521.87404705085
2241508,41521.87404705085
2241512,41521.87404705085
2241515,41521.87404705085
2241577,41521.87404705085
2241592,41521.87404705085
2241593,41521.87404705085
2241596,41521.87404705085
2241604,41521.87404705085
2241626,41521.87404705085
2241638,41521.87404705085
2241653,41521.87404705085
2241655,41521.87404705085
2241671,41521.87404705085
2241675,41521.87404705085
2241688,41521.87404705085
2241709,41521.87404705085
2241735,41521.87404705085
2241747,41521.87404705085
2241799,41521.87404705085
2241811,41521.87404705085
2241820,41521.87404705085
2241842,41521.87404705085
2241843,41521.87404705085
2241866,41521.87404705085
2241883,41521.87404705085
2241894,41521.87404705085
2241904,41521.87404705085
2241925,41521.87404705085
2241928,41521.87404705085
2241929,41521.87404705085
2241956,41521.87404705085
2241967,41521.87404705085
2241976,41521.87404705085
2242023,41521.87404705085
2242029,41521.87404705085
2242036,41521.87404705085
2242045,41521.87404705085
2242052,41521.87404705085
2242064,41521.87404705085
2242070,41521.87404705085
2242330,41521.87404705085
2242748,41521.87404705085
2242777,41521.87404705085
2243065,41521.87404705085
2243152,41521.87404705085
2243206,41521.87404705085
2243221,41521.87404705085
2243227,41521.87404705085
2243232,41521.87404705085
2243274,41521.87404705085
2243282,41521.87404705085
2243283,41521.87404705085
2243306,41521.87404705085
2243308,41521.87404705085
2243314,41521.87404705085
2243353,41521.87404705085
2243356,41521.87404705085
2243366,41521.87404705085
2243367,41521.87404705085
2243384,41521.87404705085
2243420,41521.87404705085
2243464,41521.87404705085
2243553,41521.87404705085
2243637,41521.87404705085
2243643,41521.87404705085
2243659,41521.87404705085
2243688,41521.87404705085
2243691,41521.87404705085
2243695,41521.87404705085
2243701,41521.87404705085
2244012,41521.87404705085
2244293,41521.87404705085
2244303,41521.87404705085
2244320,41521.87404705085
2244321,41521.87404705085
2244325,41521.87404705085
2244336,41521.87404705085
2244344,41521.87404705085
2244346,41521.87404705085
2244353,41521.87404705085
2244366,41521.87404705085
2244381,41521.87404705085
2244385,41521.87404705085
2244395,41521.87404705085
2244531,41521.87404705085
2244642,41521.87404705085
2244653,41521.87404705085
2244681,41521.87404705085
2244692,41521.87404705085
2244694,41521.87404705085
2244722,41521.87404705085
2244821,41521.87404705085
2244991,41521.87404705085
2245024,41521.87404705085
2245025,41521.87404705085
2245033,41521.87404705085
2245061,41521.87404705085
2245140,41521.87404705085
2245142,41521.87404705085
2245156,41521.87404705085
2245191,41521.87404705085
2245232,41521.87404705085
2245267,41521.87404705085
2245281,41521.87404705085
2245286,41521.87404705085
2245379,41521.87404705085
2245383,41521.87404705085
2245389,41521.87404705085
2245402,41521.87404705085
2245429,41521.87404705085
2245450,41521.87404705085
2245478,41521.87404705085
2245486,41521.87404705085
2245836,41521.87404705085
2245841,41521.87404705085
2245842,41521.87404705085
2245847,41521.87404705085
2245853,41521.87404705085
2245854,41521.87404705085
2245860,41521.87404705085
2245867,41521.87404705085
2245932,41521.87404705085
2245950,41521.87404705085
2245951,41521.87404705085
2245952,41521.87404705085
2246516,41521.87404705085
2246518,41521.87404705085
2246521,41521.87404705085
2246580,41521.87404705085
2246594,41521.87404705085
2246610,41521.87404705085
2246634,41521.87404705085
2246656,41521.87404705085
2246694,41521.87404705085
2246741,41521.87404705085
2246759,41521.87404705085
2246766,41521.87404705085
2246774,41521.87404705085
2246791,41521.87404705085
2246809,41521.87404705085
2246838,41521.87404705085
2246859,41521.87404705085
2246890,41521.87404705085
2246902,41521.87404705085
2246916,41521.87404705085
2246945,41521.87404705085
2247042,41521.87404705085
2247088,41521.87404705085
2247791,41521.87404705085
2247804,41521.87404705085
2247820,41521.87404705085
2247831,41521.87404705085
2247881,41521.87404705085
2247921,41521.87404705085
2247938,41521.87404705085
2247940,41521.87404705085
2247975,41521.87404705085
2247976,41521.87404705085
2247980,41521.87404705085
2247985,41521.87404705085
2247986,41521.87404705085
2247993,41521.87404705085
2248008,41521.87404705085
2248011,41521.87404705085
2248022,41521.87404705085
2248028,41521.87404705085
2248067,41521.87404705085
2248085,41521.87404705085
2248098,41521.87404705085
2248126,41521.87404705085
2248130,41521.87404705085
2248172,41521.87404705085
2248211,41521.87404705085
2249000,41521.87404705085
2249360,41521.87404705085
2249361,41521.87404705085
2249383,41521.87404705085
2249386,41521.87404705085
2249391,41521.87404705085
2249394,41521.87404705085
2249403,41521.87404705085
2249520,41521.87404705085
2249555,41521.87404705085
2249561,41521.87404705085
2249575,41521.87404705085
2249586,41521.87404705085
2249630,41521.87404705085
2249662,41521.87404705085
2249675,41521.87404705085
2249696,41521.87404705085
2250000,41521.87404705085
2250295,41521.87404705085
2250304,41521.87404705085
2250305,41521.87404705085
2250313,41521.87404705085
2250327,41521.87404705085
2250334,41521.87404705085
2250403,41521.87404705085
2250416,41521.87404705085
2250426,41521.87404705085
2250446,41521.87404705085
2250481,41521.87404705085
2250496,41521.87404705085
2250511,41521.87404705085
2250522,41521.87404705085
2250548,41521.87404705085
2250564,41521.87404705085
2250584,41521.87404705085
2250587,41521.87404705085
2250607,41521.87404705085
2250609,41521.87404705085
2250624,41521.87404705085
2250638,41521.87404705085
2250649,41521.87404705085
2250663,41521.87404705085
2250703,41521.87404705085
2250724,41521.87404705085
2250731,41521.87404705085
2250772,41521.87404705085
2250792,41521.87404705085
2250828,41521.87404705085
2250843,41521.87404705085
2250881,41521.87404705085
2250888,41521.87404705085
2250895,41521.87404705085
2250912,41521.87404705085
2250919,41521.87404705085
2250923,41521.87404705085
2250930,41521.87404705085
2250941,41521.87404705085
2250952,41521.87404705085
2250965,41521.87404705085
2250967,41521.87404705085
2250974,41521.87404705085
2250976,41521.87404705085
2250997,41521.87404705085
2250999,41521.87404705085
2251028,41521.87404705085
2251433,41521.87404705085
2251689,41521.87404705085
2251694,41521.87404705085
2251701,41521.87404705085
2251720,41521.87404705085
2251723,41521.87404705085
2251761,41521.87404705085
2251765,41521.87404705085
2251778,41521.87404705085
2251816,41521.87404705085
2251841,41521.87404705085
2251847,41521.87404705085
2251861,41521.87404705085
2251874,41521.87404705085
2251900,41521.87404705085
2251901,41521.87404705085
2251913,41521.87404705085
2251972,41521.87404705085
2251973,41521.87404705085
2251999,41521.87404705085
2252005,41521.87404705085
2252010,41521.87404705085
2252023,41521.87404705085
2252038,41521.87404705085
2252041,41521.87404705085
2252054,41521.87404705085
2252057,41521.87404705085
2252061,41521.87404705085
2252070,41521.87404705085
2252079,41521.87404705085
2252080,41521.87404705085
2252086,41521.87404705085
2252091,41521.87404705085
2252092,41521.87404705085
2252186,41521.87404705085
2252190,41521.87404705085
2252192,41521.87404705085
2252292,41521.87404705085
2252304,41521.87404705085
2252319,41521.87404705085
2253180,41521.87404705085
2253186,41521.87404705085
2253203,41521.87404705085
2253596,41521.87404705085
2253600,41521.87404705085
2253607,41521.87404705085
2253653,41521.87404705085
2253657,41521.87404705085
2253662,41521.87404705085
2253707,41521.87404705085
2253709,41521.87404705085
2253714,41521.87404705085
2253733,41521.87404705085
2253754,41521.87404705085
2253775,41521.87404705085
2253782,41521.87404705085
2253801,41521.87404705085
2253808,41521.87404705085
2253825,41521.87404705085
2253827,41521.87404705085
2253835,41521.87404705085
2253853,41521.87404705085
2253854,41521.87404705085
2253856,41521.87404705085
2253870,41521.87404705085
2253884,41521.87404705085
2253897,41521.87404705085
2253914,41521.87404705085
2253925,41521.87404705085
2254077,41521.87404705085
2254225,41521.87404705085
2254246,41521.87404705085
2254252,41521.87404705085
2254265,41521.87404705085
2254291,41521.87404705085
2254338,41521.87404705085
2254339,41521.87404705085
2254385,41521.87404705085
2254391,41521.87404705085
2254408,41521.87404705085
2254444,41521.87404705085
2254467,41521.87404705085
2254484,41521.87404705085
2254513,41521.87404705085
2254519,41521.87404705085
2254569,41521.87404705085
2254583,41521.87404705085
2254589,41521.87404705085
2254591,41521.87404705085
2254592,41521.87404705085
2254594,41521.87404705085
2254624,41521.87404705085
2254638,41521.87404705085
2254643,41521.87404705085
2254661,41521.87404705085
2254669,41521.87404705085
2254680,41521.87404705085
2254723,41521.87404705085
2254726,41521.87404705085
2254732,41521.87404705085
2254749,41521.87404705085
2255005,41521.87404705085
2255008,41521.87404705085
2255144,41521.87404705085
2255152,41521.87404705085
2255156,41521.87404705085
2255176,41521.87404705085
2255189,41521.87404705085
2255202,41521.87404705085
2255238,41521.87404705085
2255270,41521.87404705085
2255311,41521.87404705085
2255314,41521.87404705085
2255317,41521.87404705085
2255319,41521.87404705085
2255333,41521.87404705085
2255368,41521.87404705085
2255375,41521.87404705085
2255390,41521.87404705085
2255398,41521.87404705085
2255401,41521.87404705085
2255411,41521.87404705085
2255429,41521.87404705085
2255453,41521.87404705085
2255463,41521.87404705085
2255484,41521.87404705085
2255638,41521.87404705085
2256289,41521.87404705085
2256659,41521.87404705085
2256664,41521.87404705085
2256667,41521.87404705085
2256700,41521.87404705085
2256701,41521.87404705085
2256726,41521.87404705085
2256742,41521.87404705085
2256769,41521.87404705085
2256772,41521.87404705085
2256778,41521.87404705085
2256800,41521.87404705085
2256801,41521.87404705085
2256955,41521.87404705085
2257407,41521.87404705085
2257549,41521.87404705085
2257723,41521.87404705085
2257726,41521.87404705085
2257737,41521.87404705085
2257806,41521.87404705085
2257834,41521.87404705085
2257840,41521.87404705085
2257864,41521.87404705085
2257873,41521.87404705085
2257875,41521.87404705085
2258066,41521.87404705085
2258220,41521.87404705085
2258232,41521.87404705085
2258244,41521.87404705085
2258256,41521.87404705085
2258263,41521.87404705085
2258269,41521.87404705085
2258273,41521.87404705085
2258316,41521.87404705085
2258628,41521.87404705085
2258711,41521.87404705085
2258730,41521.87404705085
2258736,41521.87404705085
2258741,41521.87404705085
2258764,41521.87404705085
2258784,41521.87404705085
2258805,41521.87404705085
2258806,41521.87404705085
2258814,41521.87404705085
2258826,41521.87404705085
2258829,41521.87404705085
2258836,41521.87404705085
2258839,41521.87404705085
2258851,41521.87404705085
2258870,41521.87404705085
2258888,41521.87404705085
2258892,41521.87404705085
2258895,41521.87404705085
2258901,41521.87404705085
2258907,41521.87404705085
2258936,41521.87404705085
2258950,41521.87404705085
2258962,41521.87404705085
2258971,41521.87404705085
2258990,41521.87404705085
2258996,41521.87404705085
2259005,41521.87404705085
2259023,41521.87404705085
2259025,41521.87404705085
2259050,41521.87404705085
2259056,41521.87404705085
2259069,41521.87404705085
2259074,41521.87404705085
2259096,41521.87404705085
2259114,41521.87404705085
2259118,41521.87404705085
2259144,41521.87404705085
2259145,41521.87404705085
2259159,41521.87404705085
2259160,41521.87404705085
2259166,41521.87404705085
2259175,41521.87404705085
2259176,41521.87404705085
2259177,41521.87404705085
2259201,41521.87404705085
2259208,41521.87404705085
2259220,41521.87404705085
2259229,41521.87404705085
2259264,41521.87404705085
2259278,41521.87404705085
2259283,41521.87404705085
2259301,41521.87404705085
2259321,41521.87404705085
2259329,41521.87404705085
2259335,41521.87404705085
2259346,41521.87404705085
2259364,41521.87404705085
2259380,41521.87404705085
2259400,41521.87404705085
2259405,41521.87404705085
2259414,41521.87404705085
2259425,41521.87404705085
2259445,41521.87404705085
2259454,41521.87404705085
2259455,41521.87404705085
2259474,41521.87404705085
2259476,41521.87404705085
2259537,41521.87404705085
2259557,41521.87404705085
2259562,41521.87404705085
2259572,41521.87404705085
2259578,41521.87404705085
2259580,41521.87404705085
2259590,41521.87404705085
2259594,41521.87404705085
2259607,41521.87404705085
2259622,41521.87404705085
2259633,41521.87404705085
2259639,41521.87404705085
2259671,41521.87404705085
2259679,41521.87404705085
2259767,41521.87404705085
2259833,41521.87404705085
2259839,41521.87404705085
2259853,41521.87404705085
2259867,41521.87404705085
2259871,41521.87404705085
2259996,41521.87404705085
2260017,41521.87404705085
2260019,41521.87404705085
2260034,41521.87404705085
2260135,41521.87404705085
2260140,41521.87404705085
2260141,41521.87404705085
2260160,41521.87404705085
2260166,41521.87404705085
2260173,41521.87404705085
2260185,41521.87404705085
2260352,41521.87404705085
2260354,41521.87404705085
2260358,41521.87404705085
2260388,41521.87404705085
2260391,41521.87404705085
2260409,41521.87404705085
2260429,41521.87404705085
2260440,41521.87404705085
2260463,41521.87404705085
2260474,41521.87404705085
2260498,41521.87404705085
2260517,41521.87404705085
2260545,41521.87404705085
2260547,41521.87404705085
2260572,41521.87404705085
2260610,41521.87404705085
2260645,41521.87404705085
2262014,41521.87404705085
2262016,41521.87404705085
2262224,41521.87404705085
2262331,41521.87404705085
2262394,41521.87404705085
2262398,41521.87404705085
2262404,41521.87404705085
2262418,41521.87404705085
2262424,41521.87404705085
2262492,41521.87404705085
2262503,41521.87404705085
2262562,41521.87404705085
2262595,41521.87404705085
2262606,41521.87404705085
2262610,41521.87404705085
2262681,41521.87404705085
2262695,41521.87404705085
2262700,41521.87404705085
2262726,41521.87404705085
2262739,41521.87404705085
2262947,41521.87404705085
2263170,41521.87404705085
2263288,41521.87404705085
2263290,41521.87404705085
2263411,41521.87404705085
2263457,41521.87404705085
2263462,41521.87404705085
2263471,41521.87404705085
2263558,41521.87404705085
2263579,41521.87404705085
2263727,41521.87404705085
2263732,41521.87404705085
2263735,41521.87404705085
2263745,41521.87404705085
2263748,41521.87404705085
2263766,41521.87404705085
2263793,41521.87404705085
2263881,41521.87404705085
2263894,41521.87404705085
2263965,41521.87404705085
2263976,41521.87404705085
2264013,41521.87404705085
2264031,41521.87404705085
2264043,41521.87404705085
2264049,41521.87404705085
2264056,41521.87404705085
2264100,41521.87404705085
2264304,41521.87404705085
2264314,41521.87404705085
2264317,41521.87404705085
2264333,41521.87404705085
2264364,41521.87404705085
2264418,41521.87404705085
2264512,41521.87404705085
2264552,41521.87404705085
2264561,41521.87404705085
2264586,41521.87404705085
2264649,41521.87404705085
2264675,41521.87404705085
2264755,41521.87404705085
2264774,41521.87404705085
2264803,41521.87404705085
2264816,41521.87404705085
2264886,41521.87404705085
2264928,41521.87404705085
2265139,41521.87404705085
2265241,41521.87404705085
2265280,41521.87404705085
2265291,41521.87404705085
2265307,41521.87404705085
2265319,41521.87404705085
2265527,41521.87404705085
2265979,41521.87404705085
2266100,41521.87404705085
2266107,41521.87404705085
2266108,41521.87404705085
2268150,41521.87404705085
2268151,41521.87404705085
2268170,41521.87404705085
2268183,41521.87404705085
2268212,41521.87404705085
2268219,41521.87404705085
2268226,41521.87404705085
2268251,41521.87404705085
2268259,41521.87404705085
2268269,41521.87404705085
2268296,41521.87404705085
2268304,41521.87404705085
2268344,41521.87404705085
2268373,41521.87404705085
2268383,41521.87404705085
2268394,41521.87404705085
2268440,41521.87404705085
2268666,41521.87404705085
2268728,41521.87404705085
2268744,41521.87404705085
2268796,41521.87404705085
2268814,41521.87404705085
2268816,41521.87404705085
2268828,41521.87404705085
2268834,41521.87404705085
2268849,41521.87404705085
2268859,41521.87404705085
2268878,41521.87404705085
2268889,41521.87404705085
2268976,41521.87404705085
2268978,41521.87404705085
2268989,41521.87404705085
2269017,41521.87404705085
2269024,41521.87404705085
2269026,41521.87404705085
2269033,41521.87404705085
2269036,41521.87404705085
2269199,41521.87404705085
2269210,41521.87404705085
2269214,41521.87404705085
2269313,41521.87404705085
2269329,41521.87404705085
2269332,41521.87404705085
2269333,41521.87404705085
2269339,41521.87404705085
2269357,41521.87404705085
2269358,41521.87404705085
2269377,41521.87404705085
2269378,41521.87404705085
2269392,41521.87404705085
2269420,41521.87404705085
2269435,41521.87404705085
2269476,41521.87404705085
2269487,41521.87404705085
2269520,41521.87404705085
2269559,41521.87404705085
2269595,41521.87404705085
2269631,41521.87404705085
2269643,41521.87404705085
2269657,41521.87404705085
2269672,41521.87404705085
2269682,41521.87404705085
2269688,41521.87404705085
2269690,41521.87404705085
2269697,41521.87404705085
2269706,41521.87404705085
2269717,41521.87404705085
2269768,41521.87404705085
2269781,41521.87404705085
2269789,41521.87404705085
2269798,41521.87404705085
2269841,41521.87404705085
2269972,41521.87404705085
2269976,41521.87404705085
2269985,41521.87404705085
2270066,41521.87404705085
2270082,41521.87404705085
2270091,41521.87404705085
2270130,41521.87404705085
2270149,41521.87404705085
2270156,41521.87404705085
2270178,41521.87404705085
2270193,41521.87404705085
2270198,41521.87404705085
2270200,41521.87404705085
2270230,41521.87404705085
2270240,41521.87404705085
2270254,41521.87404705085
2270283,41521.87404705085
2270338,41521.87404705085
2270342,41521.87404705085
2270347,41521.87404705085
2270826,41521.87404705085
2270839,41521.87404705085
2270883,41521.87404705085
2270887,41521.87404705085
2270889,41521.87404705085
2270902,41521.87404705085
2270905,41521.87404705085
2270911,41521.87404705085
2270941,41521.87404705085
2270943,41521.87404705085
2271324,41521.87404705085
2271387,41521.87404705085
2271658,41521.87404705085
2271660,41521.87404705085
2271667,41521.87404705085
2271678,41521.87404705085
2271688,41521.87404705085
2271696,41521.87404705085
2271698,41521.87404705085
2271699,41521.87404705085
2271703,41521.87404705085
2271704,41521.87404705085
2271707,41521.87404705085
2271724,41521.87404705085
2271727,41521.87404705085
2271730,41521.87404705085
2271797,41521.87404705085
2271895,41521.87404705085
2271899,41521.87404705085
2271906,41521.87404705085
2272303,41521.87404705085
2272315,41521.87404705085
2272380,41521.87404705085
2272452,41521.87404705085
2272628,41521.87404705085
2272634,41521.87404705085
2272678,41521.87404705085
2272699,41521.87404705085
2272746,41521.87404705085
2272770,41521.87404705085
2272793,41521.87404705085
2272803,41521.87404705085
2272876,41521.87404705085
2272952,41521.87404705085
2273123,41521.87404705085
2273198,41521.87404705085
2273210,41521.87404705085
2273491,41521.87404705085
2273565,41521.87404705085
2274844,41521.87404705085
2274847,41521.87404705085
2274883,41521.87404705085
2274926,41521.87404705085
2274935,41521.87404705085
2274952,41521.87404705085
2275012,41521.87404705085
2275014,41521.87404705085
2275078,41521.87404705085
2275294,41521.87404705085
2275552,41521.87404705085
2275553,41521.87404705085
2275554,41521.87404705085
2275557,41521.87404705085
2275563,41521.87404705085
2275575,41521.87404705085
2275578,41521.87404705085
2275735,41521.87404705085
2275787,41521.87404705085
2275830,41521.87404705085
2275865,41521.87404705085
2275866,41521.87404705085
2275886,41521.87404705085
2275890,41521.87404705085
2275907,41521.87404705085
2275916,41521.87404705085
2275918,41521.87404705085
2275924,41521.87404705085
2275940,41521.87404705085
2275942,41521.87404705085
2275953,41521.87404705085
2275956,41521.87404705085
2275962,41521.87404705085
2275980,41521.87404705085
2276138,41521.87404705085
2276145,41521.87404705085
2276174,41521.87404705085
2276184,41521.87404705085
2276197,41521.87404705085
2276226,41521.87404705085
2276228,41521.87404705085
2276230,41521.87404705085
2276259,41521.87404705085
2276422,41521.87404705085
2276444,41521.87404705085
2276447,41521.87404705085
2276452,41521.87404705085
2276471,41521.87404705085
2276475,41521.87404705085
2276483,41521.87404705085
2276489,41521.87404705085
2276517,41521.87404705085
2276518,41521.87404705085
2276519,41521.87404705085
2276571,41521.87404705085
2276582,41521.87404705085
2276603,41521.87404705085
2276647,41521.87404705085
2276660,41521.87404705085
2276662,41521.87404705085
2277275,41521.87404705085
2277487,41521.87404705085
2277490,41521.87404705085
2277493,41521.87404705085
2277500,41521.87404705085
2277639,41521.87404705085
2277692,41521.87404705085
2277726,41521.87404705085
2277801,41521.87404705085
2277903,41521.87404705085
2277909,41521.87404705085
2277970,41521.87404705085
2277982,41521.87404705085
2278011,41521.87404705085
2278027,41521.87404705085
2278037,41521.87404705085
2278052,41521.87404705085
2278054,41521.87404705085
2278056,41521.87404705085
2278134,41521.87404705085
2278144,41521.87404705085
2278145,41521.87404705085
2278157,41521.87404705085
2278164,41521.87404705085
2278206,41521.87404705085
2278209,41521.87404705085
2278229,41521.87404705085
2278258,41521.87404705085
2278274,41521.87404705085
2278278,41521.87404705085
2278279,41521.87404705085
2278284,41521.87404705085
2278285,41521.87404705085
2278288,41521.87404705085
2278315,41521.87404705085
2278359,41521.87404705085
2278366,41521.87404705085
2278369,41521.87404705085
2278371,41521.87404705085
2278454,41521.87404705085
2278457,41521.87404705085
2278458,41521.87404705085
2278496,41521.87404705085
2278500,41521.87404705085
2278510,41521.87404705085
2278584,41521.87404705085
2278596,41521.87404705085
2278602,41521.87404705085
2278644,41521.87404705085
2278667,41521.87404705085
2278673,41521.87404705085
2278680,41521.87404705085
2278681,41521.87404705085
2278688,41521.87404705085
2278707,41521.87404705085
2278718,41521.87404705085
2278729,41521.87404705085
2278780,41521.87404705085
2279157,41521.87404705085
2279200,41521.87404705085
2279203,41521.87404705085
2279205,41521.87404705085
2279217,41521.87404705085
2279248,41521.87404705085
2279267,41521.87404705085
2279308,41521.87404705085
2279327,41521.87404705085
2279346,41521.87404705085
2279385,41521.87404705085
2279407,41521.87404705085
2279433,41521.87404705085
2279436,41521.87404705085
2279437,41521.87404705085
2279522,41521.87404705085
2279523,41521.87404705085
2279529,41521.87404705085
2279555,41521.87404705085
2279686,41521.87404705085
2279692,41521.87404705085
2279698,41521.87404705085
2279746,41521.87404705085
2279783,41521.87404705085
2279800,41521.87404705085
2279836,41521.87404705085
2280359,41521.87404705085
2280361,41521.87404705085
2280370,41521.87404705085
2280371,41521.87404705085
2280405,41521.87404705085
2280423,41521.87404705085
2280430,41521.87404705085
2280435,41521.87404705085
2280451,41521.87404705085
2281203,41521.87404705085
2281307,41521.87404705085
2281308,41521.87404705085
2281322,41521.87404705085
2281324,41521.87404705085
2281337,41521.87404705085
2281344,41521.87404705085
2281357,41521.87404705085
2281511,41521.87404705085
2281824,41521.87404705085
2281854,41521.87404705085
2281894,41521.87404705085
2281934,41521.87404705085
2282010,41521.87404705085
2282068,41521.87404705085
2282243,41521.87404705085
2282300,41521.87404705085
2282356,41521.87404705085
2282557,41521.87404705085
2282608,41521.87404705085
2282666,41521.87404705085
2282676,41521.87404705085
2282684,41521.87404705085
2282693,41521.87404705085
2282717,41521.87404705085
2282769,41521.87404705085
2282833,41521.87404705085
2282834,41521.87404705085
2283439,41521.87404705085
2283464,41521.87404705085
2283465,41521.87404705085
2283467,41521.87404705085
2283471,41521.87404705085
2283486,41521.87404705085
2283511,41521.87404705085
2283512,41521.87404705085
2283527,41521.87404705085
2283535,41521.87404705085
2283541,41521.87404705085
2283554,41521.87404705085
2283563,41521.87404705085
2283566,41521.87404705085
2283569,41521.87404705085
2283579,41521.87404705085
2283583,41521.87404705085
2283594,41521.87404705085
2283600,41521.87404705085
2283618,41521.87404705085
2283625,41521.87404705085
2283636,41521.87404705085
2283651,41521.87404705085
2283701,41521.87404705085
2283801,41521.87404705085
2283833,41521.87404705085
2283858,41521.87404705085
2283895,41521.87404705085
2283901,41521.87404705085
2283907,41521.87404705085
2283914,41521.87404705085
2283943,41521.87404705085
2283961,41521.87404705085
2283967,41521.87404705085
2283981,41521.87404705085
2283990,41521.87404705085
2284039,41521.87404705085
2284042,41521.87404705085
2284052,41521.87404705085
2284062,41521.87404705085
2284077,41521.87404705085
2284102,41521.87404705085
2284126,41521.87404705085
2284255,41521.87404705085
2284261,41521.87404705085
2284300,41521.87404705085
2284308,41521.87404705085
2284313,41521.87404705085
2284333,41521.87404705085
2284349,41521.87404705085
2284370,41521.87404705085
2284371,41521.87404705085
2284385,41521.87404705085
2284411,41521.87404705085
2284458,41521.87404705085
2284519,41521.87404705085
2284564,41521.87404705085
2284578,41521.87404705085
2284627,41521.87404705085
2284634,41521.87404705085
2284650,41521.87404705085
2284668,41521.87404705085
2284755,41521.87404705085
2284778,41521.87404705085
2284850,41521.87404705085
2284982,41521.87404705085
2284986,41521.87404705085
2284998,41521.87404705085
2285023,41521.87404705085
2285079,41521.87404705085
2285107,41521.87404705085
2285122,41521.87404705085
2285220,41521.87404705085
2285231,41521.87404705085
2285287,41521.87404705085
2285342,41521.87404705085
2285350,41521.87404705085
2285410,41521.87404705085
2285420,41521.87404705085
2285427,41521.87404705085
2285455,41521.87404705085
2285481,41521.87404705085
2285485,41521.87404705085
2285490,41521.87404705085
2285493,41521.87404705085
2285507,41521.87404705085
2285544,41521.87404705085
2285591,41521.87404705085
2285659,41521.87404705085
2285722,41521.87404705085
2285726,41521.87404705085
2285908,41521.87404705085
2285918,41521.87404705085
2285921,41521.87404705085
2285938,41521.87404705085
2285961,41521.87404705085
2285979,41521.87404705085
2285994,41521.87404705085
2286001,41521.87404705085
2286003,41521.87404705085
2286025,41521.87404705085
2286034,41521.87404705085
2286040,41521.87404705085
2286053,41521.87404705085
2286054,41521.87404705085
2286062,41521.87404705085
2286066,41521.87404705085
2286089,41521.87404705085
2286102,41521.87404705085
2286138,41521.87404705085
2286171,41521.87404705085
2286198,41521.87404705085
2286202,41521.87404705085
2286204,41521.87404705085
2286258,41521.87404705085
2286283,41521.87404705085
2286393,41521.87404705085
2286449,41521.87404705085
2286454,41521.87404705085
2286458,41521.87404705085
2286650,41521.87404705085
2286706,41521.87404705085
2286908,41521.87404705085
2286985,41521.87404705085
2287799,41521.87404705085
2287849,41521.87404705085
2287877,41521.87404705085
2287884,41521.87404705085
2288046,41521.87404705085
2288243,41521.87404705085
2288412,41521.87404705085
2288992,41521.87404705085
2289017,41521.87404705085
2289046,41521.87404705085
2289101,41521.87404705085
2289112,41521.87404705085
2289122,41521.87404705085
2289161,41521.87404705085
2289234,41521.87404705085
2289378,41521.87404705085
2289419,41521.87404705085
2289469,41521.87404705085
2289488,41521.87404705085
2290486,41521.87404705085
2290509,41521.87404705085
2290510,41521.87404705085
2290580,41521.87404705085
2290587,41521.87404705085
2290588,41521.87404705085
2290606,41521.87404705085
2290622,41521.87404705085
2290760,41521.87404705085
2290871,41521.87404705085
2290878,41521.87404705085
2290883,41521.87404705085
2290884,41521.87404705085
2290895,41521.87404705085
2290939,41521.87404705085
2290998,41521.87404705085
2291024,41521.87404705085
2291025,41521.87404705085
2291026,41521.87404705085
2291027,41521.87404705085
2291031,41521.87404705085
2291716,41521.87404705085
2291718,41521.87404705085
2291732,41521.87404705085
2291735,41521.87404705085
2291745,41521.87404705085
2291751,41521.87404705085
2291764,41521.87404705085
2291800,41521.87404705085
2292089,41521.87404705085
2292110,41521.87404705085
2292134,41521.87404705085
2292140,41521.87404705085
2292168,41521.87404705085
2292176,41521.87404705085
2292213,41521.87404705085
2292218,41521.87404705085
2292238,41521.87404705085
2292256,41521.87404705085
2292264,41521.87404705085
2292273,41521.87404705085
2292287,41521.87404705085
2292296,41521.87404705085
2292300,41521.87404705085
2292303,41521.87404705085
2292311,41521.87404705085
2292312,41521.87404705085
2292316,41521.87404705085
2292340,41521.87404705085
2292363,41521.87404705085
2292371,41521.87404705085
2292383,41521.87404705085
2292490,41521.87404705085
2292604,41521.87404705085
2292666,41521.87404705085
2292688,41521.87404705085
2292753,41521.87404705085
2292764,41521.87404705085
2292787,41521.87404705085
2292820,41521.87404705085
2292879,41521.87404705085
2292971,41521.87404705085
2293021,41521.87404705085
2293064,41521.87404705085
2293143,41521.87404705085
2293287,41521.87404705085
2293307,41521.87404705085
2293416,41521.87404705085
2293429,41521.87404705085
2293441,41521.87404705085
2293443,41521.87404705085
2293450,41521.87404705085
2293807,41521.87404705085
2293831,41521.87404705085
2293901,41521.87404705085
2293938,41521.87404705085
2294011,41521.87404705085
2294193,41521.87404705085
2294301,41521.87404705085
2294368,41521.87404705085
2294417,41521.87404705085
2294435,41521.87404705085
2294445,41521.87404705085
2294450,41521.87404705085
2294456,41521.87404705085
2294483,41521.87404705085
2294492,41521.87404705085
2294517,41521.87404705085
2294575,41521.87404705085
2294580,41521.87404705085
2294735,41521.87404705085
2294897,41521.87404705085
2294971,41521.87404705085
2294988,41521.87404705085
2295028,41521.87404705085
2295193,41521.87404705085
2295195,41521.87404705085
2295333,41521.87404705085
2295358,41521.87404705085
2295360,41521.87404705085
2295382,41521.87404705085
2295697,41521.87404705085
2295698,41521.87404705085
2295712,41521.87404705085
2295720,41521.87404705085
2295977,41521.87404705085
2296051,41521.87404705085
2296131,41521.87404705085
2296152,41521.87404705085
2296423,41521.87404705085
2296431,41521.87404705085
2296432,41521.87404705085
2296452,41521.87404705085
2296457,41521.87404705085
2296460,41521.87404705085
2296480,41521.87404705085
2296504,41521.87404705085
2296519,41521.87404705085
2296521,41521.87404705085
2296530,41521.87404705085
2296613,41521.87404705085
2296634,41521.87404705085
2296671,41521.87404705085
2296689,41521.87404705085
2296703,41521.87404705085
2296707,41521.87404705085
2296718,41521.87404705085
2296719,41521.87404705085
2296824,41521.87404705085
2296828,41521.87404705085
2296830,41521.87404705085
2296852,41521.87404705085
2296859,41521.87404705085
2296871,41521.87404705085
2296918,41521.87404705085
2296926,41521.87404705085
2296933,41521.87404705085
2296934,41521.87404705085
2296943,41521.87404705085
2296949,41521.87404705085
2296979,41521.87404705085
2297041,41521.87404705085
2297064,41521.87404705085
2297078,41521.87404705085
2297079,41521.87404705085
2297175,41521.87404705085
2297211,41521.87404705085
2297314,41521.87404705085
2297322,41521.87404705085
2297325,41521.87404705085
2297330,41521.87404705085
2297511,41521.87404705085
2297679,41521.87404705085
2297970,41521.87404705085
2298256,41521.87404705085
2298270,41521.87404705085
2298273,41521.87404705085
2298274,41521.87404705085
2298277,41521.87404705085
2298278,41521.87404705085
2298489,41521.87404705085
2298555,41521.87404705085
2298602,41521.87404705085
2298631,41521.87404705085
2298651,41521.87404705085
2298657,41521.87404705085
2298672,41521.87404705085
2298701,41521.87404705085
2298705,41521.87404705085
2298723,41521.87404705085
2298745,41521.87404705085
2298760,41521.87404705085
2298770,41521.87404705085
2298781,41521.87404705085
2298805,41521.87404705085
2298820,41521.87404705085
2298834,41521.87404705085
2298856,41521.87404705085
2298872,41521.87404705085
2298887,41521.87404705085
2298898,41521.87404705085
2298913,41521.87404705085
2298916,41521.87404705085
2299021,41521.87404705085
2299026,41521.87404705085
2299091,41521.87404705085
2299119,41521.87404705085
2299121,41521.87404705085
2299134,41521.87404705085
2299167,41521.87404705085
2299175,41521.87404705085
2299183,41521.87404705085
2299186,41521.87404705085
2299192,41521.87404705085
2300773,41521.87404705085
2300795,41521.87404705085
2300803,41521.87404705085
2300834,41521.87404705085
2300852,41521.87404705085
2300856,41521.87404705085
2300878,41521.87404705085
2300881,41521.87404705085
2300889,41521.87404705085
2300894,41521.87404705085
2300922,41521.87404705085
2300934,41521.87404705085
2300944,41521.87404705085
2300953,41521.87404705085
2300965,41521.87404705085
2300968,41521.87404705085
2300970,41521.87404705085
2300989,41521.87404705085
2301014,41521.87404705085
2301016,41521.87404705085
2301042,41521.87404705085
2301079,41521.87404705085
2301268,41521.87404705085
2301289,41521.87404705085
2301297,41521.87404705085
2301299,41521.87404705085
2301354,41521.87404705085
2301372,41521.87404705085
2301413,41521.87404705085
2301438,41521.87404705085
2301780,41521.87404705085
2301781,41521.87404705085
2302052,41521.87404705085
2302094,41521.87404705085
2302109,41521.87404705085
2302183,41521.87404705085
2302184,41521.87404705085
2302218,41521.87404705085
2302256,41521.87404705085
2302263,41521.87404705085
2302706,41521.87404705085
2302712,41521.87404705085
2302739,41521.87404705085
2302777,41521.87404705085
2302785,41521.87404705085
2302796,41521.87404705085
2302810,41521.87404705085
2302831,41521.87404705085
2302843,41521.87404705085
2302860,41521.87404705085
2303069,41521.87404705085
2303077,41521.87404705085
2303082,41521.87404705085
2303092,41521.87404705085
2303128,41521.87404705085
2303129,41521.87404705085
2303148,41521.87404705085
2303155,41521.87404705085
2303158,41521.87404705085
2303161,41521.87404705085
2303180,41521.87404705085
2303226,41521.87404705085
2303240,41521.87404705085
2303253,41521.87404705085
2303259,41521.87404705085
2303270,41521.87404705085
2303280,41521.87404705085
2303300,41521.87404705085
2303330,41521.87404705085
2303358,41521.87404705085
2303408,41521.87404705085
2303414,41521.87404705085
2303575,41521.87404705085
2303581,41521.87404705085
2303583,41521.87404705085
2303604,41521.87404705085
2303613,41521.87404705085
2303624,41521.87404705085
2303634,41521.87404705085
2303679,41521.87404705085
2303686,41521.87404705085
2303715,41521.87404705085
2303716,41521.87404705085
2303730,41521.87404705085
2303770,41521.87404705085
2303780,41521.87404705085
2303803,41521.87404705085
2303816,41521.87404705085
2303875,41521.87404705085
2303895,41521.87404705085
2303898,41521.87404705085
2303932,41521.87404705085
2303943,41521.87404705085
2303981,41521.87404705085
2304012,41521.87404705085
2304022,41521.87404705085
2304049,41521.87404705085
2304068,41521.87404705085
2304075,41521.87404705085
2304101,41521.87404705085
2304163,41521.87404705085
2304235,41521.87404705085
2304250,41521.87404705085
2304266,41521.87404705085
2304283,41521.87404705085
2304332,41521.87404705085
2304372,41521.87404705085
2304382,41521.87404705085
2304400,41521.87404705085
2304403,41521.87404705085
2304409,41521.87404705085
2304421,41521.87404705085
2304438,41521.87404705085
2304450,41521.87404705085
2304451,41521.87404705085
2304461,41521.87404705085
2304500,41521.87404705085
2304502,41521.87404705085
2304525,41521.87404705085
2304527,41521.87404705085
2304529,41521.87404705085
2304537,41521.87404705085
2304597,41521.87404705085
2304636,41521.87404705085
2304639,41521.87404705085
2304650,41521.87404705085
2304916,41521.87404705085
2304932,41521.87404705085
2304939,41521.87404705085
2304948,41521.87404705085
2304958,41521.87404705085
2305042,41521.87404705085
2305052,41521.87404705085
2305268,41521.87404705085
2305661,41521.87404705085
2305787,41521.87404705085
2305788,41521.87404705085
2305795,41521.87404705085
2305816,41521.87404705085
2305858,41521.87404705085
2306153,41521.87404705085
2306211,41521.87404705085
2306229,41521.87404705085
2306293,41521.87404705085
2306525,41521.87404705085
2306548,41521.87404705085
2306573,41521.87404705085
2306700,41521.87404705085
2306909,41521.87404705085
2306919,41521.87404705085
2307022,41521.87404705085
2307124,41521.87404705085
2307221,41521.87404705085
2307233,41521.87404705085
2307305,41521.87404705085
2307365,41521.87404705085
2307419,41521.87404705085
2307538,41521.87404705085
2307641,41521.87404705085
2307705,41521.87404705085
2307732,41521.87404705085
2307774,41521.87404705085
2307805,41521.87404705085
2307852,41521.87404705085
2307855,41521.87404705085
2307882,41521.87404705085
2308066,41521.87404705085
2308262,41521.87404705085
2308432,41521.87404705085
2308476,41521.87404705085
2308492,41521.87404705085
2308532,41521.87404705085
2308534,41521.87404705085
2308903,41521.87404705085
2309000,41521.87404705085
2309004,41521.87404705085
2309022,41521.87404705085
2309148,41521.87404705085
2309177,41521.87404705085
2309192,41521.87404705085
2309540,41521.87404705085
2309543,41521.87404705085
2309545,41521.87404705085
2309559,41521.87404705085
2310115,41521.87404705085
2310117,41521.87404705085
2310185,41521.87404705085
2310238,41521.87404705085
2310649,41521.87404705085
2310666,41521.87404705085
2310698,41521.87404705085
2310740,41521.87404705085
2310851,41521.87404705085
2311033,41521.87404705085
2311141,41521.87404705085
2311195,41521.87404705085
2311199,41521.87404705085
2311225,41521.87404705085
2311281,41521.87404705085
2311477,41521.87404705085
2311482,41521.87404705085
2311501,41521.87404705085
2311522,41521.87404705085
2311792,41521.87404705085
2311852,41521.87404705085
2311886,41521.87404705085
2311904,41521.87404705085
2311905,41521.87404705085
2312007,41521.87404705085
2312571,41521.87404705085
2312888,41521.87404705085
2312889,41521.87404705085
2312980,41521.87404705085
2313037,41521.87404705085
2313055,41521.87404705085
2313085,41521.87404705085
2313088,41521.87404705085
2313799,41521.87404705085
2313817,41521.87404705085
2313833,41521.87404705085
2313840,41521.87404705085
2313892,41521.87404705085
2313942,41521.87404705085
2314598,41521.87404705085
2314609,41521.87404705085
2315318,41521.87404705085
2315567,41521.87404705085
2315570,41521.87404705085
2315626,41521.87404705085
2315635,41521.87404705085
2315661,41521.87404705085
2315679,41521.87404705085
2315691,41521.87404705085
2315711,41521.87404705085
2315723,41521.87404705085
2315749,41521.87404705085
2315752,41521.87404705085
2315830,41521.87404705085
2315833,41521.87404705085
2315844,41521.87404705085
2315849,41521.87404705085
2315855,41521.87404705085
2315886,41521.87404705085
2315896,41521.87404705085
2315898,41521.87404705085
2315905,41521.87404705085
2315923,41521.87404705085
2315940,41521.87404705085
2315941,41521.87404705085
2315967,41521.87404705085
2316012,41521.87404705085
2316013,41521.87404705085
2316018,41521.87404705085
2316031,41521.87404705085
2316041,41521.87404705085
2316049,41521.87404705085
2316054,41521.87404705085
2316061,41521.87404705085
2316088,41521.87404705085
2316110,41521.87404705085
2316123,41521.87404705085
2316124,41521.87404705085
2316164,41521.87404705085
2316180,41521.87404705085
2316194,41521.87404705085
2316207,41521.87404705085
2316220,41521.87404705085
2316223,41521.87404705085
2316230,41521.87404705085
2316240,41521.87404705085
2316249,41521.87404705085
2316265,41521.87404705085
2316266,41521.87404705085
2316288,41521.87404705085
2316302,41521.87404705085
2316319,41521.87404705085
2316335,41521.87404705085
2316350,41521.87404705085
2316369,41521.87404705085
2316414,41521.87404705085
2316418,41521.87404705085
2316423,41521.87404705085
2316445,41521.87404705085
2316516,41521.87404705085
2316582,41521.87404705085
2316612,41521.87404705085
2316661,41521.87404705085
2316669,41521.87404705085
2316671,41521.87404705085
2316678,41521.87404705085
2316679,41521.87404705085
2316721,41521.87404705085
2317148,41521.87404705085
2317159,41521.87404705085
2317170,41521.87404705085
2317225,41521.87404705085
2317236,41521.87404705085
2317237,41521.87404705085
2317271,41521.87404705085
2317287,41521.87404705085
2317307,41521.87404705085
2317311,41521.87404705085
2317666,41521.87404705085
2317692,41521.87404705085
2318000,41521.87404705085
2318013,41521.87404705085
2318071,41521.87404705085
2318400,41521.87404705085
2318467,41521.87404705085
2318481,41521.87404705085
2318507,41521.87404705085
2318575,41521.87404705085
2318599,41521.87404705085
2318605,41521.87404705085
2318844,41521.87404705085
2318847,41521.87404705085
2318865,41521.87404705085
2318904,41521.87404705085
2318909,41521.87404705085
2318913,41521.87404705085
2318917,41521.87404705085
2318955,41521.87404705085
2318976,41521.87404705085
2318994,41521.87404705085
2319008,41521.87404705085
2319043,41521.87404705085
2319066,41521.87404705085
2319090,41521.87404705085
2319802,41521.87404705085
2319868,41521.87404705085
2323321,41521.87404705085
2323451,41521.87404705085
2323483,41521.87404705085
2323546,41521.87404705085
2323559,41521.87404705085
2323608,41521.87404705085
2323615,41521.87404705085
2323627,41521.87404705085
2323629,41521.87404705085
2323640,41521.87404705085
2323703,41521.87404705085
2323717,41521.87404705085
2323876,41521.87404705085
2323888,41521.87404705085
2324158,41521.87404705085
2324233,41521.87404705085
2324236,41521.87404705085
2324250,41521.87404705085
2324579,41521.87404705085
2324627,41521.87404705085
2324680,41521.87404705085
2325320,41521.87404705085
2325337,41521.87404705085
2325361,41521.87404705085
2325403,41521.87404705085
2325444,41521.87404705085
2325447,41521.87404705085
2325468,41521.87404705085
2325469,41521.87404705085
2325539,41521.87404705085
2325547,41521.87404705085
2325577,41521.87404705085
2325617,41521.87404705085
2325631,41521.87404705085
2325641,41521.87404705085
2325645,41521.87404705085
2325677,41521.87404705085
2325679,41521.87404705085
2325707,41521.87404705085
2325714,41521.87404705085
2325716,41521.87404705085
2325741,41521.87404705085
2325744,41521.87404705085
2325805,41521.87404705085
2325935,41521.87404705085
2325982,41521.87404705085
2325993,41521.87404705085
2326018,41521.87404705085
2326078,41521.87404705085
2326083,41521.87404705085
2326092,41521.87404705085
2326102,41521.87404705085
2326112,41521.87404705085
2326114,41521.87404705085
2326142,41521.87404705085
2326430,41521.87404705085
2326558,41521.87404705085
2326897,41521.87404705085
2326958,41521.87404705085
2327018,41521.87404705085
2327025,41521.87404705085
2327030,41521.87404705085
2327073,41521.87404705085
2327187,41521.87404705085
2327596,41521.87404705085
2327903,41521.87404705085
2327942,41521.87404705085
2327962,41521.87404705085
2328018,41521.87404705085
2328021,41521.87404705085
2328030,41521.87404705085
2328049,41521.87404705085
2328055,41521.87404705085
2328115,41521.87404705085
2328124,41521.87404705085
2328133,41521.87404705085
2328156,41521.87404705085
2328168,41521.87404705085
2328219,41521.87404705085
2328233,41521.87404705085
2328352,41521.87404705085
2328370,41521.87404705085
2328384,41521.87404705085
2328396,41521.87404705085
2328400,41521.87404705085
2328408,41521.87404705085
2328409,41521.87404705085
2328419,41521.87404705085
2328439,41521.87404705085
2328455,41521.87404705085
2328457,41521.87404705085
2328470,41521.87404705085
2328483,41521.87404705085
2328498,41521.87404705085
2328524,41521.87404705085
2328586,41521.87404705085
2328588,41521.87404705085
2328595,41521.87404705085
2328596,41521.87404705085
2328610,41521.87404705085
2328653,41521.87404705085
2328684,41521.87404705085
2328692,41521.87404705085
2328709,41521.87404705085
2328720,41521.87404705085
2328730,41521.87404705085
2328738,41521.87404705085
2328756,41521.87404705085
2328821,41521.87404705085
2328840,41521.87404705085
2329011,41521.87404705085
2329049,41521.87404705085
2329066,41521.87404705085
2329115,41521.87404705085
2329127,41521.87404705085
2329349,41521.87404705085
2329375,41521.87404705085
2329697,41521.87404705085
2329956,41521.87404705085
2330071,41521.87404705085
2330100,41521.87404705085
2330101,41521.87404705085
2330119,41521.87404705085
2330181,41521.87404705085
2330776,41521.87404705085
2330933,41521.87404705085
2331185,41521.87404705085
2331195,41521.87404705085
2331258,41521.87404705085
2331280,41521.87404705085
2331285,41521.87404705085
2331439,41521.87404705085
2331496,41521.87404705085
2331502,41521.87404705085
2331560,41521.87404705085
2331565,41521.87404705085
2331605,41521.87404705085
2331643,41521.87404705085
2331666,41521.87404705085
2331695,41521.87404705085
2331732,41521.87404705085
2331739,41521.87404705085
2331744,41521.87404705085
2331775,41521.87404705085
2331875,41521.87404705085
2331932,41521.87404705085
2332014,41521.87404705085
2332178,41521.87404705085
2332216,41521.87404705085
2332235,41521.87404705085
2332446,41521.87404705085
2332497,41521.87404705085
2332515,41521.87404705085
2332541,41521.87404705085
2332544,41521.87404705085
2332561,41521.87404705085
2332673,41521.87404705085
2332684,41521.87404705085
2332716,41521.87404705085
2332863,41521.87404705085
2332949,41521.87404705085
2333085,41521.87404705085
2333115,41521.87404705085
2333117,41521.87404705085
2333279,41521.87404705085
2333304,41521.87404705085
2333333,41521.87404705085
2333380,41521.87404705085
2333381,41521.87404705085
2333396,41521.87404705085
2333400,41521.87404705085
2333434,41521.87404705085
2333441,41521.87404705085
2333875,41521.87404705085
2333938,41521.87404705085
2334254,41521.87404705085
2334321,41521.87404705085
2334348,41521.87404705085
2334410,41521.87404705085
2334846,41521.87404705085
2335395,41521.87404705085
2335523,41521.87404705085
2335558,41521.87404705085
2335617,41521.87404705085
2335667,41521.87404705085
2335699,41521.87404705085
2335700,41521.87404705085
2335705,41521.87404705085
2335746,41521.87404705085
2335750,41521.87404705085
2335820,41521.87404705085
2335878,41521.87404705085
2335886,41521.87404705085
2336001,41521.87404705085
2336014,41521.87404705085
2336062,41521.87404705085
2336118,41521.87404705085
2336124,41521.87404705085
2336291,41521.87404705085
2336526,41521.87404705085
2336611,41521.87404705085
2336671,41521.87404705085
2336872,41521.87404705085
2337497,41521.87404705085
2337498,41521.87404705085
2337507,41521.87404705085
2337523,41521.87404705085
2337568,41521.87404705085
2337576,41521.87404705085
2337577,41521.87404705085
2338423,41521.87404705085
2338583,41521.87404705085
2338680,41521.87404705085
2338682,41521.87404705085
2338683,41521.87404705085
2338724,41521.87404705085
2338747,41521.87404705085
2338769,41521.87404705085
2338844,41521.87404705085
2338890,41521.87404705085
2338900,41521.87404705085
2338903,41521.87404705085
2339009,41521.87404705085
2339027,41521.87404705085
2339042,41521.87404705085
2339069,41521.87404705085
2339071,41521.87404705085
2339093,41521.87404705085
2339128,41521.87404705085
2339179,41521.87404705085
2339185,41521.87404705085
2339202,41521.87404705085
2339251,41521.87404705085
2339278,41521.87404705085
2339292,41521.87404705085
2339319,41521.87404705085
2339376,41521.87404705085
2339398,41521.87404705085
2339420,41521.87404705085
2339422,41521.87404705085
2339430,41521.87404705085
2339445,41521.87404705085
2339466,41521.87404705085
2339507,41521.87404705085
2339551,41521.87404705085
2339557,41521.87404705085
2339561,41521.87404705085
2339579,41521.87404705085
2339585,41521.87404705085
2339588,41521.87404705085
2339611,41521.87404705085
2339612,41521.87404705085
2339616,41521.87404705085
2339630,41521.87404705085
2339631,41521.87404705085
2339643,41521.87404705085
2339644,41521.87404705085
2339811,41521.87404705085
2339846,41521.87404705085
2339852,41521.87404705085
2339853,41521.87404705085
2339863,41521.87404705085
2339873,41521.87404705085
2339877,41521.87404705085
2339890,41521.87404705085
2339906,41521.87404705085
2339927,41521.87404705085
2339973,41521.87404705085
2339980,41521.87404705085
2340200,41521.87404705085
2340215,41521.87404705085
2340237,41521.87404705085
2340240,41521.87404705085
2340260,41521.87404705085
2340265,41521.87404705085
2340269,41521.87404705085
2340270,41521.87404705085
2340272,41521.87404705085
2340274,41521.87404705085
2340291,41521.87404705085
2340377,41521.87404705085
2340384,41521.87404705085
2340386,41521.87404705085
2340387,41521.87404705085
2340392,41521.87404705085
2340409,41521.87404705085
2340469,41521.87404705085
2340470,41521.87404705085
2340473,41521.87404705085
2340475,41521.87404705085
2340504,41521.87404705085
2340517,41521.87404705085
2340522,41521.87404705085
2340564,41521.87404705085
2340571,41521.87404705085
2340617,41521.87404705085
2340628,41521.87404705085
2340666,41521.87404705085
2340682,41521.87404705085
2340701,41521.87404705085
2340707,41521.87404705085
2340722,41521.87404705085
2340949,41521.87404705085
2340975,41521.87404705085
2340982,41521.87404705085
2341013,41521.87404705085
2341017,41521.87404705085
2341028,41521.87404705085
2341043,41521.87404705085
2341054,41521.87404705085
2341055,41521.87404705085
2341076,41521.87404705085
2341120,41521.87404705085
2341143,41521.87404705085
2341159,41521.87404705085
2341226,41521.87404705085
2341231,41521.87404705085
2341233,41521.87404705085
2341267,41521.87404705085
2341269,41521.87404705085
2341275,41521.87404705085
2341278,41521.87404705085
2341311,41521.87404705085
2341318,41521.87404705085
2341320,41521.87404705085
2341325,41521.87404705085
2341342,41521.87404705085
2341358,41521.87404705085
2341369,41521.87404705085
2341405,41521.87404705085
2341430,41521.87404705085
2341458,41521.87404705085
2341757,41521.87404705085
2341862,41521.87404705085
2341865,41521.87404705085
2341882,41521.87404705085
2341897,41521.87404705085
2341899,41521.87404705085
2341930,41521.87404705085
2341983,41521.87404705085
2341985,41521.87404705085
2341996,41521.87404705085
2342003,41521.87404705085
2342038,41521.87404705085
2342058,41521.87404705085
2342114,41521.87404705085
2342145,41521.87404705085
2342178,41521.87404705085
2342179,41521.87404705085
2342200,41521.87404705085
2342213,41521.87404705085
2342217,41521.87404705085
2342221,41521.87404705085
2342222,41521.87404705085
2342282,41521.87404705085
2342286,41521.87404705085
2342290,41521.87404705085
2342376,41521.87404705085
2342407,41521.87404705085
2342413,41521.87404705085
2342434,41521.87404705085
2342475,41521.87404705085
2342482,41521.87404705085
2342490,41521.87404705085
2342491,41521.87404705085
2342498,41521.87404705085
2342505,41521.87404705085
2342509,41521.87404705085
2342520,41521.87404705085
2342528,41521.87404705085
2342558,41521.87404705085
2342567,41521.87404705085
2342592,41521.87404705085
2342629,41521.87404705085
2342637,41521.87404705085
2342643,41521.87404705085
2342652,41521.87404705085
2342667,41521.87404705085
2342705,41521.87404705085
2342719,41521.87404705085
2342762,41521.87404705085
2342765,41521.87404705085
2342781,41521.87404705085
2342786,41521.87404705085
2342801,41521.87404705085
2342820,41521.87404705085
2342823,41521.87404705085
2342826,41521.87404705085
2342831,41521.87404705085
2342847,41521.87404705085
2342907,41521.87404705085
2342993,41521.87404705085
2343026,41521.87404705085
2343061,41521.87404705085
2343102,41521.87404705085
2343110,41521.87404705085
2343138,41521.87404705085
2343178,41521.87404705085
2343210,41521.87404705085
2343230,41521.87404705085
2343236,41521.87404705085
2343238,41521.87404705085
2343262,41521.87404705085
2343272,41521.87404705085
2343273,41521.87404705085
2343275,41521.87404705085
2343309,41521.87404705085
2343332,41521.87404705085
2343338,41521.87404705085
2343352,41521.87404705085
2343409,41521.87404705085
2343415,41521.87404705085
2343434,41521.87404705085
2343486,41521.87404705085
2343518,41521.87404705085
2343541,41521.87404705085
2343572,41521.87404705085
2343601,41521.87404705085
2343617,41521.87404705085
2343630,41521.87404705085
2343642,41521.87404705085
2343643,41521.87404705085
2343658,41521.87404705085
2343688,41521.87404705085
2343703,41521.87404705085
2343727,41521.87404705085
2343781,41521.87404705085
2343799,41521.87404705085
2343832,41521.87404705085
2343836,41521.87404705085
2343968,41521.87404705085
2343974,41521.87404705085
2343975,41521.87404705085
2343979,41521.87404705085
2343994,41521.87404705085
2344012,41521.87404705085
2344064,41521.87404705085
2344093,41521.87404705085
2344096,41521.87404705085
2344099,41521.87404705085
2344103,41521.87404705085
2344121,41521.87404705085
2344124,41521.87404705085
2344137,41521.87404705085
2344168,41521.87404705085
2344170,41521.87404705085
2344238,41521.87404705085
2344296,41521.87404705085
2344362,41521.87404705085
2344370,41521.87404705085
2344373,41521.87404705085
2344375,41521.87404705085
2344390,41521.87404705085
2344403,41521.87404705085
2344409,41521.87404705085
2344411,41521.87404705085
2344424,41521.87404705085
2344435,41521.87404705085
2344485,41521.87404705085
2344490,41521.87404705085
2344525,41521.87404705085
2344559,41521.87404705085
2344581,41521.87404705085
2344590,41521.87404705085
2344610,41521.87404705085
2344698,41521.87404705085
2344735,41521.87404705085
2344758,41521.87404705085
2344760,41521.87404705085
2344769,41521.87404705085
2344816,41521.87404705085
2344843,41521.87404705085
2344849,41521.87404705085
2344859,41521.87404705085
2344869,41521.87404705085
2344906,41521.87404705085
2344925,41521.87404705085
2344956,41521.87404705085
2345005,41521.87404705085
2345017,41521.87404705085
2345022,41521.87404705085
2345030,41521.87404705085
2345034,41521.87404705085
2345042,41521.87404705085
2345050,41521.87404705085
2345062,41521.87404705085
2345066,41521.87404705085
2345070,41521.87404705085
2345075,41521.87404705085
2345090,41521.87404705085
2345092,41521.87404705085
2345094,41521.87404705085
2345108,41521.87404705085
2345148,41521.87404705085
2345162,41521.87404705085
2345189,41521.87404705085
2345240,41521.87404705085
2345245,41521.87404705085
2345300,41521.87404705085
2345309,41521.87404705085
2345320,41521.87404705085
2345321,41521.87404705085
2345327,41521.87404705085
2345395,41521.87404705085
2345436,41521.87404705085
2346052,41521.87404705085
2346261,41521.87404705085
2346319,41521.87404705085
2346368,41521.87404705085
2346506,41521.87404705085
2346554,41521.87404705085
2346558,41521.87404705085
2346589,41521.87404705085
2346617,41521.87404705085
2346635,41521.87404705085
2346640,41521.87404705085
2346647,41521.87404705085
2346664,41521.87404705085
2346687,41521.87404705085
2346702,41521.87404705085
2346716,41521.87404705085
2346742,41521.87404705085
2346760,41521.87404705085
2346840,41521.87404705085
2347776,41521.87404705085
2347863,41521.87404705085
2348673,41521.87404705085
2349006,41521.87404705085
2349244,41521.87404705085
2349639,41521.87404705085
2349903,41521.87404705085
2349949,41521.87404705085
2349959,41521.87404705085
2350259,41521.87404705085
2350291,41521.87404705085
2350293,41521.87404705085
2350315,41521.87404705085
2350316,41521.87404705085
2350416,41521.87404705085
2350442,41521.87404705085
2350447,41521.87404705085
2350472,41521.87404705085
2350475,41521.87404705085
2350486,41521.87404705085
2350531,41521.87404705085
2350688,41521.87404705085
2350701,41521.87404705085
2350848,41521.87404705085
2350881,41521.87404705085
2350889,41521.87404705085
2350918,41521.87404705085
2350947,41521.87404705085
2350957,41521.87404705085
2351014,41521.87404705085
2351820,41521.87404705085
2351841,41521.87404705085
2351843,41521.87404705085
2351846,41521.87404705085
2351936,41521.87404705085
2351940,41521.87404705085
2351955,41521.87404705085
2352064,41521.87404705085
2352628,41521.87404705085
2352837,41521.87404705085
2353115,41521.87404705085
2353139,41521.87404705085
2353208,41521.87404705085
2353211,41521.87404705085
2353242,41521.87404705085
2353650,41521.87404705085
2353655,41521.87404705085
2353689,41521.87404705085
2354170,41521.87404705085
2354222,41521.87404705085
2354314,41521.87404705085
2354648,41521.87404705085
2354864,41521.87404705085
2355098,41521.87404705085
2355139,41521.87404705085
2355499,41521.87404705085
2355516,41521.87404705085
2356047,41521.87404705085
2356094,41521.87404705085
2356139,41521.87404705085
2356378,41521.87404705085
2356384,41521.87404705085
2356432,41521.87404705085
2356444,41521.87404705085
2356476,41521.87404705085
2356512,41521.87404705085
2356997,41521.87404705085
2357109,41521.87404705085
2357167,41521.87404705085
2357199,41521.87404705085
2357212,41521.87404705085
2357213,41521.87404705085
2357223,41521.87404705085
2357237,41521.87404705085
2357254,41521.87404705085
2357273,41521.87404705085
2357274,41521.87404705085
2357326,41521.87404705085
2357410,41521.87404705085
2357523,41521.87404705085
2357539,41521.87404705085
2357584,41521.87404705085
2357596,41521.87404705085
2357637,41521.87404705085
2357659,41521.87404705085
2357680,41521.87404705085
2357695,41521.87404705085
2357696,41521.87404705085
2357705,41521.87404705085
2357718,41521.87404705085
2357826,41521.87404705085
2359080,41521.87404705085
2359096,41521.87404705085
2359469,41521.87404705085
2359681,41521.87404705085
2359743,41521.87404705085
2359755,41521.87404705085
2360363,41521.87404705085
2360369,41521.87404705085
2360382,41521.87404705085
2360400,41521.87404705085
2360440,41521.87404705085
2360533,41521.87404705085
2360536,41521.87404705085
2360537,41521.87404705085
2360544,41521.87404705085
2360545,41521.87404705085
2360608,41521.87404705085
2360613,41521.87404705085
2360647,41521.87404705085
2360792,41521.87404705085
2364635,41521.87404705085
2364916,41521.87404705085
2365103,41521.87404705085
2365339,41521.87404705085
2365340,41521.87404705085
2365376,41521.87404705085
2365438,41521.87404705085
2365447,41521.87404705085
2365564,41521.87404705085
2365620,41521.87404705085
2365659,41521.87404705085
2365669,41521.87404705085
2365751,41521.87404705085
2365762,41521.87404705085
2365781,41521.87404705085
2366009,41521.87404705085
2366405,41521.87404705085
2366784,41521.87404705085
2366911,41521.87404705085
2366941,41521.87404705085
2366969,41521.87404705085
2366986,41521.87404705085
2366992,41521.87404705085
2366996,41521.87404705085
2367024,41521.87404705085
2367050,41521.87404705085
2367054,41521.87404705085
2368017,41521.87404705085
2368041,41521.87404705085
2368057,41521.87404705085
2368116,41521.87404705085
2368124,41521.87404705085
2368151,41521.87404705085
2368455,41521.87404705085
2368509,41521.87404705085
2368541,41521.87404705085
2368714,41521.87404705085
2368758,41521.87404705085
2368830,41521.87404705085
2368898,41521.87404705085
2368904,41521.87404705085
2368921,41521.87404705085
2368922,41521.87404705085
2368963,41521.87404705085
2369013,41521.87404705085
2369100,41521.87404705085
2369101,41521.87404705085
2369171,41521.87404705085
2369213,41521.87404705085
2369214,41521.87404705085
2369239,41521.87404705085
2369248,41521.87404705085
2369310,41521.87404705085
2369313,41521.87404705085
2369343,41521.87404705085
2369369,41521.87404705085
2369375,41521.87404705085
2369424,41521.87404705085
2369440,41521.87404705085
2369539,41521.87404705085
2369540,41521.87404705085
2369541,41521.87404705085
2369632,41521.87404705085
2369633,41521.87404705085
2369645,41521.87404705085
2369647,41521.87404705085
2369670,41521.87404705085
2369679,41521.87404705085
2369693,41521.87404705085
2369698,41521.87404705085
2369751,41521.87404705085
2369760,41521.87404705085
2369782,41521.87404705085
2369786,41521.87404705085
2369810,41521.87404705085
2369845,41521.87404705085
2369851,41521.87404705085
2369866,41521.87404705085
2369872,41521.87404705085
2369958,41521.87404705085
2369981,41521.87404705085
2369999,41521.87404705085
2370005,41521.87404705085
2370006,41521.87404705085
2370047,41521.87404705085
2370088,41521.87404705085
2370092,41521.87404705085
2370094,41521.87404705085
2370163,41521.87404705085
2370223,41521.87404705085
2370229,41521.87404705085
2370242,41521.87404705085
2370245,41521.87404705085
2370262,41521.87404705085
2370278,41521.87404705085
2370285,41521.87404705085
2370384,41521.87404705085
2370405,41521.87404705085
2370458,41521.87404705085
2370464,41521.87404705085
2370472,41521.87404705085
2370479,41521.87404705085
2370485,41521.87404705085
2370486,41521.87404705085
2370492,41521.87404705085
2370535,41521.87404705085
2370553,41521.87404705085
2370606,41521.87404705085
2370611,41521.87404705085
2370612,41521.87404705085
2370615,41521.87404705085
2370632,41521.87404705085
2370657,41521.87404705085
2370740,41521.87404705085
2370759,41521.87404705085
2370775,41521.87404705085
2370828,41521.87404705085
2371063,41521.87404705085
2371108,41521.87404705085
2371137,41521.87404705085
2371157,41521.87404705085
2371166,41521.87404705085
2371257,41521.87404705085
2371480,41521.87404705085
2371527,41521.87404705085
2371588,41521.87404705085
2371805,41521.87404705085
2371868,41521.87404705085
2371899,41521.87404705085
2371904,41521.87404705085
2371943,41521.87404705085
2372022,41521.87404705085
2372060,41521.87404705085
2372062,41521.87404705085
2372070,41521.87404705085
2372071,41521.87404705085
2372112,41521.87404705085
2372117,41521.87404705085
2372130,41521.87404705085
2372174,41521.87404705085
2372175,41521.87404705085
2372194,41521.87404705085
2372266,41521.87404705085
2372281,41521.87404705085
2372310,41521.87404705085
2372496,41521.87404705085
2372520,41521.87404705085
2372567,41521.87404705085
2372610,41521.87404705085
2372657,41521.87404705085
2373114,41521.87404705085
2373323,41521.87404705085
2373331,41521.87404705085
2373336,41521.87404705085
2373343,41521.87404705085
2373355,41521.87404705085
2373387,41521.87404705085
2373501,41521.87404705085
2373502,41521.87404705085
2373513,41521.87404705085
2373519,41521.87404705085
2373597,41521.87404705085
2373603,41521.87404705085
2373729,41521.87404705085
2373737,41521.87404705085
2373744,41521.87404705085
2373803,41521.87404705085
2373823,41521.87404705085
2373914,41521.87404705085
2373986,41521.87404705085
2373992,41521.87404705085
2373996,41521.87404705085
2374066,41521.87404705085
2374091,41521.87404705085
2374107,41521.87404705085
2374132,41521.87404705085
2374140,41521.87404705085
2374141,41521.87404705085
2374144,41521.87404705085
2374146,41521.87404705085
2374257,41521.87404705085
2374277,41521.87404705085
2374278,41521.87404705085
2374333,41521.87404705085
2374377,41521.87404705085
2374400,41521.87404705085
2374698,41521.87404705085
2377434,41521.87404705085
2377435,41521.87404705085
2377464,41521.87404705085
2377467,41521.87404705085
2377530,41521.87404705085
2377538,41521.87404705085
2377858,41521.87404705085
2377880,41521.87404705085
2377978,41521.87404705085
2377995,41521.87404705085
2377997,41521.87404705085
2378000,41521.87404705085
2378088,41521.87404705085
2378152,41521.87404705085
2378226,41521.87404705085
2378276,41521.87404705085
2378335,41521.87404705085
2378382,41521.87404705085
2378588,41521.87404705085
2378589,41521.87404705085
2378592,41521.87404705085
2378602,41521.87404705085
2378605,41521.87404705085
2378614,41521.87404705085
2378618,41521.87404705085
2386074,41521.87404705085
2386742,41521.87404705085
2387195,41521.87404705085
2388589,41521.87404705085
2388627,41521.87404705085
2388699,41521.87404705085
2390220,41521.87404705085
2390665,41521.87404705085
2390702,41521.87404705085
2390803,41521.87404705085
2391196,41521.87404705085
2391217,41521.87404705085
2391233,41521.87404705085
2391258,41521.87404705085
2391358,41521.87404705085
2391428,41521.87404705085
2391509,41521.87404705085
2391852,41521.87404705085
2391913,41521.87404705085
2391927,41521.87404705085
2391929,41521.87404705085
2393281,41521.87404705085
2393369,41521.87404705085
2393383,41521.87404705085
2393428,41521.87404705085
2393429,41521.87404705085
2393741,41521.87404705085
2393742,41521.87404705085
2393757,41521.87404705085
2393810,41521.87404705085
2393830,41521.87404705085
2393836,41521.87404705085
2393925,41521.87404705085
2393938,41521.87404705085
2393940,41521.87404705085
2393976,41521.87404705085
2393978,41521.87404705085
2394004,41521.87404705085
2394011,41521.87404705085
2394017,41521.87404705085
2394030,41521.87404705085
2394034,41521.87404705085
2394115,41521.87404705085
2394128,41521.87404705085
2394130,41521.87404705085
2394137,41521.87404705085
2394146,41521.87404705085
2394160,41521.87404705085
2394197,41521.87404705085
2394216,41521.87404705085
2394236,41521.87404705085
2394284,41521.87404705085
2394286,41521.87404705085
2394293,41521.87404705085
2394297,41521.87404705085
2394318,41521.87404705085
2394320,41521.87404705085
2394327,41521.87404705085
2394362,41521.87404705085
2394370,41521.87404705085
2394380,41521.87404705085
2394419,41521.87404705085
2394503,41521.87404705085
2394514,41521.87404705085
2394532,41521.87404705085
2394536,41521.87404705085
2394549,41521.87404705085
2394561,41521.87404705085
2394580,41521.87404705085
2394594,41521.87404705085
2394602,41521.87404705085
2394615,41521.87404705085
2394639,41521.87404705085
2394691,41521.87404705085
2394912,41521.87404705085
2395097,41521.87404705085
2395710,41521.87404705085
2395796,41521.87404705085
2395921,41521.87404705085
2395927,41521.87404705085
2395953,41521.87404705085
2396046,41521.87404705085
2396172,41521.87404705085
2396224,41521.87404705085
2396240,41521.87404705085
2396245,41521.87404705085
2396272,41521.87404705085
2396473,41521.87404705085
2396568,41521.87404705085
2397220,41521.87404705085
2397261,41521.87404705085
2397451,41521.87404705085
2397606,41521.87404705085
2397688,41521.87404705085
2397813,41521.87404705085
2397826,41521.87404705085
2397904,41521.87404705085
2397924,41521.87404705085
2397951,41521.87404705085
2398009,41521.87404705085
2398113,41521.87404705085
2398404,41521.87404705085
2398841,41521.87404705085
2399041,41521.87404705085
2399333,41521.87404705085
2399371,41521.87404705085
2399437,41521.87404705085
2399651,41521.87404705085
2399676,41521.87404705085
2399753,41521.87404705085
2399771,41521.87404705085
2399863,41521.87404705085
2399899,41521.87404705085
2399999,41521.87404705085
2400096,41521.87404705085
2400112,41521.87404705085
2400124,41521.87404705085
2400148,41521.87404705085
2400207,41521.87404705085
2400219,41521.87404705085
2400223,41521.87404705085
2400248,41521.87404705085
2400273,41521.87404705085
2400294,41521.87404705085
2400322,41521.87404705085
2400363,41521.87404705085
2400509,41521.87404705085
2400539,41521.87404705085
2400892,41521.87404705085
2400948,41521.87404705085
2401172,41521.87404705085
2401178,41521.87404705085
2401345,41521.87404705085
2401349,41521.87404705085
2401418,41521.87404705085
2401450,41521.87404705085
2401688,41521.87404705085
2401721,41521.87404705085
2401755,41521.87404705085
2401791,41521.87404705085
2401884,41521.87404705085
2401990,41521.87404705085
2402054,41521.87404705085
2402098,41521.87404705085
2402136,41521.87404705085
2402182,41521.87404705085
2402219,41521.87404705085
2402221,41521.87404705085
2402228,41521.87404705085
2402236,41521.87404705085
2402263,41521.87404705085
2402356,41521.87404705085
2402516,41521.87404705085
2402519,41521.87404705085
2402558,41521.87404705085
2402632,41521.87404705085
2402638,41521.87404705085
2402650,41521.87404705085
2402762,41521.87404705085
2402879,41521.87404705085
2402914,41521.87404705085
2402920,41521.87404705085
2402976,41521.87404705085
2403040,41521.87404705085
2403076,41521.87404705085
2403204,41521.87404705085
2403337,41521.87404705085
2403435,41521.87404705085
2403669,41521.87404705085
2403732,41521.87404705085
2403821,41521.87404705085
2403993,41521.87404705085
2404034,41521.87404705085
2404383,41521.87404705085
2404428,41521.87404705085
2404574,41521.87404705085
2404694,41521.87404705085
2404712,41521.87404705085
2404915,41521.87404705085
2405076,41521.87404705085
2405122,41521.87404705085
2405187,41521.87404705085
2405349,41521.87404705085
2405521,41521.87404705085
2405536,41521.87404705085
2405538,41521.87404705085
2405550,41521.87404705085
2405571,41521.87404705085
2405640,41521.87404705085
2405678,41521.87404705085
2405851,41521.87404705085
2405998,41521.87404705085
2406024,41521.87404705085
2406076,41521.87404705085
2406079,41521.87404705085
2406143,41521.87404705085
2406243,41521.87404705085
2406253,41521.87404705085
2406655,41521.87404705085
2406683,41521.87404705085
2406718,41521.87404705085
2406739,41521.87404705085
2406782,41521.87404705085
2406804,41521.87404705085
2406829,41521.87404705085
2407095,41521.87404705085
2407209,41521.87404705085
2407217,41521.87404705085
2407290,41521.87404705085
2407296,41521.87404705085
2407388,41521.87404705085
2407398,41521.87404705085
2407607,41521.87404705085
2407639,41521.87404705085
2407928,41521.87404705085
2407996,41521.87404705085
2408043,41521.87404705085
2408083,41521.87404705085
2408102,41521.87404705085
2408257,41521.87404705085
2408269,41521.87404705085
2408275,41521.87404705085
2408336,41521.87404705085
2408438,41521.87404705085
2408442,41521.87404705085
2408455,41521.87404705085
2408539,41521.87404705085
2408554,41521.87404705085
2408659,41521.87404705085
2408668,41521.87404705085
2408772,41521.87404705085
2408809,41521.87404705085
2408871,41521.87404705085
2408877,41521.87404705085
2408878,41521.87404705085
2408879,41521.87404705085
2408882,41521.87404705085
2408916,41521.87404705085
2408943,41521.87404705085
2409008,41521.87404705085
2409009,41521.87404705085
2409012,41521.87404705085
2409052,41521.87404705085
2409065,41521.87404705085
2409073,41521.87404705085
2409093,41521.87404705085
2409172,41521.87404705085
2409201,41521.87404705085
2409208,41521.87404705085
2409229,41521.87404705085
2409372,41521.87404705085
2409381,41521.87404705085
2409433,41521.87404705085
2409434,41521.87404705085
2409474,41521.87404705085
2409614,41521.87404705085
2409618,41521.87404705085
2409619,41521.87404705085
2409714,41521.87404705085
2409745,41521.87404705085
2409831,41521.87404705085
2409918,41521.87404705085
2410076,41521.87404705085
2410250,41521.87404705085
2410285,41521.87404705085
2410356,41521.87404705085
2410376,41521.87404705085
2410381,41521.87404705085
2410509,41521.87404705085
2410539,41521.87404705085
2410606,41521.87404705085
2410648,41521.87404705085
2410718,41521.87404705085
2410847,41521.87404705085
2410964,41521.87404705085
2411001,41521.87404705085
2411018,41521.87404705085
2411028,41521.87404705085
2411116,41521.87404705085
2411120,41521.87404705085
2411145,41521.87404705085
2411168,41521.87404705085
2411257,41521.87404705085
2411258,41521.87404705085
2411338,41521.87404705085
2411401,41521.87404705085
2411444,41521.87404705085
2411579,41521.87404705085
2411601,41521.87404705085
2411662,41521.87404705085
2411672,41521.87404705085
2411727,41521.87404705085
2411755,41521.87404705085
2411781,41521.87404705085
2411867,41521.87404705085
2411868,41521.87404705085
2412008,41521.87404705085
2412144,41521.87404705085
2412150,41521.87404705085
2412232,41521.87404705085
2412233,41521.87404705085
2412368,41521.87404705085
2412386,41521.87404705085
2412433,41521.87404705085
2412444,41521.87404705085
2412461,41521.87404705085
2412529,41521.87404705085
2412639,41521.87404705085
2412640,41521.87404705085
2412643,41521.87404705085
2412686,41521.87404705085
2412749,41521.87404705085
2412750,41521.87404705085
2412825,41521.87404705085
2412835,41521.87404705085
2412841,41521.87404705085
2412881,41521.87404705085
2412984,41521.87404705085
2413013,41521.87404705085
2413017,41521.87404705085
2413066,41521.87404705085
2413086,41521.87404705085
2413116,41521.87404705085
2413118,41521.87404705085
2413133,41521.87404705085
2413134,41521.87404705085
2413156,41521.87404705085
2413160,41521.87404705085
2413185,41521.87404705085
2413217,41521.87404705085
2413242,41521.87404705085
2413257,41521.87404705085
2413273,41521.87404705085
2413398,41521.87404705085
2413567,41521.87404705085
2413591,41521.87404705085
2413661,41521.87404705085
2413753,41521.87404705085
2413774,41521.87404705085
2413788,41521.87404705085
2413798,41521.87404705085
2413801,41521.87404705085
2413852,41521.87404705085
2413856,41521.87404705085
2413877,41521.87404705085
2413926,41521.87404705085
2414098,41521.87404705085
2414109,41521.87404705085
2414123,41521.87404705085
2414175,41521.87404705085
2414286,41521.87404705085
2414312,41521.87404705085
2414326,41521.87404705085
2414345,41521.87404705085
2414354,41521.87404705085
2414392,41521.87404705085
2414427,41521.87404705085
2414432,41521.87404705085
2414433,41521.87404705085
2414439,41521.87404705085
2414484,41521.87404705085
2414557,41521.87404705085
2414608,41521.87404705085
2414626,41521.87404705085
2414654,41521.87404705085
2414668,41521.87404705085
2414669,41521.87404705085
2414672,41521.87404705085
2414684,41521.87404705085
2414757,41521.87404705085
2414775,41521.87404705085
2414784,41521.87404705085
2414794,41521.87404705085
2414822,41521.87404705085
2414834,41521.87404705085
2414841,41521.87404705085
2414846,41521.87404705085
2414865,41521.87404705085
2414889,41521.87404705085
2414894,41521.87404705085
2414899,41521.87404705085
2414900,41521.87404705085
2414943,41521.87404705085
2414948,41521.87404705085
2414952,41521.87404705085
2414955,41521.87404705085
2414963,41521.87404705085
2414968,41521.87404705085
2415013,41521.87404705085
2415014,41521.87404705085
2415015,41521.87404705085
2415020,41521.87404705085
2415035,41521.87404705085
2415037,41521.87404705085
2415042,41521.87404705085
2415051,41521.87404705085
2415076,41521.87404705085
2415081,41521.87404705085
2415097,41521.87404705085
2415108,41521.87404705085
2415115,41521.87404705085
2415133,41521.87404705085
2415137,41521.87404705085
2415140,41521.87404705085
2415175,41521.87404705085
2415184,41521.87404705085
2415192,41521.87404705085
2415202,41521.87404705085
2415213,41521.87404705085
2415221,41521.87404705085
2415244,41521.87404705085
2415245,41521.87404705085
2415286,41521.87404705085
2415348,41521.87404705085
2415356,41521.87404705085
2415428,41521.87404705085
2415494,41521.87404705085
2415497,41521.87404705085
2415502,41521.87404705085
2415523,41521.87404705085
2415626,41521.87404705085
2415629,41521.87404705085
2415639,41521.87404705085
2415640,41521.87404705085
2415644,41521.87404705085
2415649,41521.87404705085
2415681,41521.87404705085
2415691,41521.87404705085
2415709,41521.87404705085
2415715,41521.87404705085
2415720,41521.87404705085
2415820,41521.87404705085
2415834,41521.87404705085
2415838,41521.87404705085
2415861,41521.87404705085
2415931,41521.87404705085
2415937,41521.87404705085
2415944,41521.87404705085
2415963,41521.87404705085
2415968,41521.87404705085
2415997,41521.87404705085
2416057,41521.87404705085
2416086,41521.87404705085
2416105,41521.87404705085
2416156,41521.87404705085
2416206,41521.87404705085
2416244,41521.87404705085
2416282,41521.87404705085
2416313,41521.87404705085
2416361,41521.87404705085
2416366,41521.87404705085
2416372,41521.87404705085
2416379,41521.87404705085
2416396,41521.87404705085
2416404,41521.87404705085
2416435,41521.87404705085
2416468,41521.87404705085
2416802,41521.87404705085
2416818,41521.87404705085
2416842,41521.87404705085
2417010,41521.87404705085
2417033,41521.87404705085
2417074,41521.87404705085
2417081,41521.87404705085
2417240,41521.87404705085
2417253,41521.87404705085
2417254,41521.87404705085
2417289,41521.87404705085
2417293,41521.87404705085
2417298,41521.87404705085
2417300,41521.87404705085
2417307,41521.87404705085
2417310,41521.87404705085
2417322,41521.87404705085
2417381,41521.87404705085
2417401,41521.87404705085
2417415,41521.87404705085
2418295,41521.87404705085
2418539,41521.87404705085
2418555,41521.87404705085
2418577,41521.87404705085
2418685,41521.87404705085
2418996,41521.87404705085
2419299,41521.87404705085
2419395,41521.87404705085
2419450,41521.87404705085
2419458,41521.87404705085
2419542,41521.87404705085
2419592,41521.87404705085
2419609,41521.87404705085
2419628,41521.87404705085
2419838,41521.87404705085
2419845,41521.87404705085
2419882,41521.87404705085
2419927,41521.87404705085
2420058,41521.87404705085
2420117,41521.87404705085
2420122,41521.87404705085
2420139,41521.87404705085
2420311,41521.87404705085
2420466,41521.87404705085
2420482,41521.87404705085
2420499,41521.87404705085
2420540,41521.87404705085
2420544,41521.87404705085
2420638,41521.87404705085
2420697,41521.87404705085
2420702,41521.87404705085
2420740,41521.87404705085
2420744,41521.87404705085
2420758,41521.87404705085
2420760,41521.87404705085
2420762,41521.87404705085
2420800,41521.87404705085
2420816,41521.87404705085
2420863,41521.87404705085
2420880,41521.87404705085
2420924,41521.87404705085
2420928,41521.87404705085
2420962,41521.87404705085
2421001,41521.87404705085
2421067,41521.87404705085
2421106,41521.87404705085
2421136,41521.87404705085
2421151,41521.87404705085
2421159,41521.87404705085
2421164,41521.87404705085
2421209,41521.87404705085
2421214,41521.87404705085
2421240,41521.87404705085
2421324,41521.87404705085
2421364,41521.87404705085
2421370,41521.87404705085
2421441,41521.87404705085
2421483,41521.87404705085
2421512,41521.87404705085
2421638,41521.87404705085
2421639,41521.87404705085
2421648,41521.87404705085
2421680,41521.87404705085
2421689,41521.87404705085
2421698,41521.87404705085
2421709,41521.87404705085
2421758,41521.87404705085
2421785,41521.87404705085
2421806,41521.87404705085
2421811,41521.87404705085
2421821,41521.87404705085
2421831,41521.87404705085
2421837,41521.87404705085
2421848,41521.87404705085
2421849,41521.87404705085
2421859,41521.87404705085
2421866,41521.87404705085
2421868,41521.87404705085
2421874,41521.87404705085
2421881,41521.87404705085
2421938,41521.87404705085
2421982,41521.87404705085
2422009,41521.87404705085
2423221,41521.87404705085
2423646,41521.87404705085
2423693,41521.87404705085
2423926,41521.87404705085
2424065,41521.87404705085
2424201,41521.87404705085
2424228,41521.87404705085
2424261,41521.87404705085
2425512,41521.87404705085
2425703,41521.87404705085
2425704,41521.87404705085
2425732,41521.87404705085
2425745,41521.87404705085
2425777,41521.87404705085
2426008,41521.87404705085
2426049,41521.87404705085
2426059,41521.87404705085
2426076,41521.87404705085
2426085,41521.87404705085
2426107,41521.87404705085
2426122,41521.87404705085
2426126,41521.87404705085
2426163,41521.87404705085
2426247,41521.87404705085
2427861,41521.87404705085
2427886,41521.87404705085
2427944,41521.87404705085
2427960,41521.87404705085
2428002,41521.87404705085
2428020,41521.87404705085
2428077,41521.87404705085
2428093,41521.87404705085
2428107,41521.87404705085
2428110,41521.87404705085
2428115,41521.87404705085
2428135,41521.87404705085
2428144,41521.87404705085
2428149,41521.87404705085
2428150,41521.87404705085
2428153,41521.87404705085
2428156,41521.87404705085
2428186,41521.87404705085
2428222,41521.87404705085
2428223,41521.87404705085
2428241,41521.87404705085
2428298,41521.87404705085
2428342,41521.87404705085
2428361,41521.87404705085
2428363,41521.87404705085
2428380,41521.87404705085
2428382,41521.87404705085
2428392,41521.87404705085
2428416,41521.87404705085
2428430,41521.87404705085
2428437,41521.87404705085
2428442,41521.87404705085
2428489,41521.87404705085
2428498,41521.87404705085
2428505,41521.87404705085
2428510,41521.87404705085
2428522,41521.87404705085
2428530,41521.87404705085
2428582,41521.87404705085
2428611,41521.87404705085
2428612,41521.87404705085
2428624,41521.87404705085
2428625,41521.87404705085
2428662,41521.87404705085
2428664,41521.87404705085
2428697,41521.87404705085
2428727,41521.87404705085
2428729,41521.87404705085
2428730,41521.87404705085
2428733,41521.87404705085
2428754,41521.87404705085
2429993,41521.87404705085
2430508,41521.87404705085
2431545,41521.87404705085
2433372,41521.87404705085
2433375,41521.87404705085
2434566,41521.87404705085
2434626,41521.87404705085
2434707,41521.87404705085
2434713,41521.87404705085
2435330,41521.87404705085
2435383,41521.87404705085
2435872,41521.87404705085
2438013,41521.87404705085
2438052,41521.87404705085
2438057,41521.87404705085
2438340,41521.87404705085
2438348,41521.87404705085
2438357,41521.87404705085
2439376,41521.87404705085
2439435,41521.87404705085
2439686,41521.87404705085
2440728,41521.87404705085
2440789,41521.87404705085
2441075,41521.87404705085
2441222,41521.87404705085
2441863,41521.87404705085
2441896,41521.87404705085
2441916,41521.87404705085
2441949,41521.87404705085
2441963,41521.87404705085
2441968,41521.87404705085
2441972,41521.87404705085
2441990,41521.87404705085
2441991,41521.87404705085
2442062,41521.87404705085
2442075,41521.87404705085
2442106,41521.87404705085
2443727,41521.87404705085
2443891,41521.87404705085
2443901,41521.87404705085
2443950,41521.87404705085
2444014,41521.87404705085
2444053,41521.87404705085
2444066,41521.87404705085
2444072,41521.87404705085
2444073,41521.87404705085
2444074,41521.87404705085
2444210,41521.87404705085
2444548,41521.87404705085
2444810,41521.87404705085
2446844,41521.87404705085
2446863,41521.87404705085
2446903,41521.87404705085
2446917,41521.87404705085
2446918,41521.87404705085
2446927,41521.87404705085
2446932,41521.87404705085
2446942,41521.87404705085
2447455,41521.87404705085
2447461,41521.87404705085
2447472,41521.87404705085
2447517,41521.87404705085
2447534,41521.87404705085
2447558,41521.87404705085
2449378,41521.87404705085
2449383,41521.87404705085
2449390,41521.87404705085
2449393,41521.87404705085
2449413,41521.87404705085
2450088,41521.87404705085
2450283,41521.87404705085
2450337,41521.87404705085
2450702,41521.87404705085
2450869,41521.87404705085
2450883,41521.87404705085
2450897,41521.87404705085
2451127,41521.87404705085
2452355,41521.87404705085
2452779,41521.87404705085
2454455,41521.87404705085
2454533,41521.87404705085
2454549,41521.87404705085
2454606,41521.87404705085
2454657,41521.87404705085
2454682,41521.87404705085
2454726,41521.87404705085
2454747,41521.87404705085
2454804,41521.87404705085
2454827,41521.87404705085
2455048,41521.87404705085
2455052,41521.87404705085
2455123,41521.87404705085
2455124,41521.87404705085
2455129,41521.87404705085
2455151,41521.87404705085
2455159,41521.87404705085
2455277,41521.87404705085
2455320,41521.87404705085
2455339,41521.87404705085
2455341,41521.87404705085
2455451,41521.87404705085
2455457,41521.87404705085
2455527,41521.87404705085
2455564,41521.87404705085
2455603,41521.87404705085
2455676,41521.87404705085
2455695,41521.87404705085
2455754,41521.87404705085
2455791,41521.87404705085
2455859,41521.87404705085
2455877,41521.87404705085
2455923,41521.87404705085
2455953,41521.87404705085
2456261,41521.87404705085
2456372,41521.87404705085
2456383,41521.87404705085
2456411,41521.87404705085
2456419,41521.87404705085
2456466,41521.87404705085
2456474,41521.87404705085
2456487,41521.87404705085
2456494,41521.87404705085
2456512,41521.87404705085
2456523,41521.87404705085
2456547,41521.87404705085
2456561,41521.87404705085
2456605,41521.87404705085
2456610,41521.87404705085
2456859,41521.87404705085
2457052,41521.87404705085
2457151,41521.87404705085
2457155,41521.87404705085
2457195,41521.87404705085
2457216,41521.87404705085
2457251,41521.87404705085
2457293,41521.87404705085
2457298,41521.87404705085
2457317,41521.87404705085
2458631,41521.87404705085
2461725,41521.87404705085
2461726,41521.87404705085
2461747,41521.87404705085
2461749,41521.87404705085
2461760,41521.87404705085
2461761,41521.87404705085
2461835,41521.87404705085
2461854,41521.87404705085
2461859,41521.87404705085
2466576,41521.87404705085
2466679,41521.87404705085
2466757,41521.87404705085
2466834,41521.87404705085
2466858,41521.87404705085
2466890,41521.87404705085
2466894,41521.87404705085
2466983,41521.87404705085
2467079,41521.87404705085
2467080,41521.87404705085
2467083,41521.87404705085
2467104,41521.87404705085
2467108,41521.87404705085
2467118,41521.87404705085
2467129,41521.87404705085
2467252,41521.87404705085
2467275,41521.87404705085
2470349,41521.87404705085
2470723,41521.87404705085
2473029,41521.87404705085
2475493,41521.87404705085
2475528,41521.87404705085
2475542,41521.87404705085
2475642,41521.87404705085
2475648,41521.87404705085
2475658,41521.87404705085
2488752,41521.87404705085
2488793,41521.87404705085
2489036,41521.87404705085
2489040,41521.87404705085
2489161,41521.87404705085
2489462,41521.87404705085
2490183,41521.87404705085
2490321,41521.87404705085
2490515,41521.87404705085
2490860,41521.87404705085
2490968,41521.87404705085
2491912,41521.87404705085
2491922,41521.87404705085
2492010,41521.87404705085
2492198,41521.87404705085
2492200,41521.87404705085
2492201,41521.87404705085
2492212,41521.87404705085
2492424,41521.87404705085
2493299,41521.87404705085
2494109,41521.87404705085
2494197,41521.87404705085
2497919,41521.87404705085
2497985,41521.87404705085
2498001,41521.87404705085
2498294,41521.87404705085
2498342,41521.87404705085
2498850,41521.87404705085
2499065,41521.87404705085
2499124,41521.87404705085
2499249,41521.87404705085
2499259,41521.87404705085
2499436,41521.87404705085
2499527,41521.87404705085
2500026,41521.87404705085
2500177,41521.87404705085
2500270,41521.87404705085
2500397,41521.87404705085
2500434,41521.87404705085
2500466,41521.87404705085
2500467,41521.87404705085
2500716,41521.87404705085
2500819,41521.87404705085
2500896,41521.87404705085
2500930,41521.87404705085
2500939,41521.87404705085
2501372,41521.87404705085
2501385,41521.87404705085
2501487,41521.87404705085
2501822,41521.87404705085
2501854,41521.87404705085
2502085,41521.87404705085
2502138,41521.87404705085
2502696,41521.87404705085
2502700,41521.87404705085
2502801,41521.87404705085
2502978,41521.87404705085
2503053,41521.87404705085
2503106,41521.87404705085
2503280,41521.87404705085
2503283,41521.87404705085
2503389,41521.87404705085
2503476,41521.87404705085
2503485,41521.87404705085
2503522,41521.87404705085
2503542,41521.87404705085
2503571,41521.87404705085
2503590,41521.87404705085
2503593,41521.87404705085
2503628,41521.87404705085
2503653,41521.87404705085
2503671,41521.87404705085
2503946,41521.87404705085
2504453,41521.87404705085
2504587,41521.87404705085
2504782,41521.87404705085
2504835,41521.87404705085
2504842,41521.87404705085
2504962,41521.87404705085
2506925,41521.87404705085
2507051,41521.87404705085
2509695,41521.87404705085
2510947,41521.87404705085
2511231,41521.87404705085
2511232,41521.87404705085
2511235,41521.87404705085
2511669,41521.87404705085
2511711,41521.87404705085
2511718,41521.87404705085
2512847,41521.87404705085
2513024,41521.87404705085
2513025,41521.87404705085
2513035,41521.87404705085
2513099,41521.87404705085
2513849,41521.87404705085
2514008,41521.87404705085
2514046,41521.87404705085
2514241,41521.87404705085
2514253,41521.87404705085
2514262,41521.87404705085
2515064,41521.87404705085
2515175,41521.87404705085
2516600,41521.87404705085
2516610,41521.87404705085
2516614,41521.87404705085
2518632,41521.87404705085
2518748,41521.87404705085
2519337,41521.87404705085
2519342,41521.87404705085
2519499,41521.87404705085
2519642,41521.87404705085
2519658,41521.87404705085
2519722,41521.87404705085
2520374,41521.87404705085
2520428,41521.87404705085
2520536,41521.87404705085
2520762,41521.87404705085
2520816,41521.87404705085
2520867,41521.87404705085
2520886,41521.87404705085
2520970,41521.87404705085
2521056,41521.87404705085
2521101,41521.87404705085
2521226,41521.87404705085
2521264,41521.87404705085
2521306,41521.87404705085
2521325,41521.87404705085
2521388,41521.87404705085
2521421,41521.87404705085
2521424,41521.87404705085
2521470,41521.87404705085
2521508,41521.87404705085
2521566,41521.87404705085
2522022,41521.87404705085
2522051,41521.87404705085
2522705,41521.87404705085
2523671,41521.87404705085
2523753,41521.87404705085
2524042,41521.87404705085
2524198,41521.87404705085
2524204,41521.87404705085
2524296,41521.87404705085
2524338,41521.87404705085
2524370,41521.87404705085
2524382,41521.87404705085
2524403,41521.87404705085
2524744,41521.87404705085
2525144,41521.87404705085
2525477,41521.87404705085
2525559,41521.87404705085
2525610,41521.87404705085
2525845,41521.87404705085
2525847,41521.87404705085
2525876,41521.87404705085
2525962,41521.87404705085
2526010,41521.87404705085
2526153,41521.87404705085
2526167,41521.87404705085
2526176,41521.87404705085
2526244,41521.87404705085
2526398,41521.87404705085
2526445,41521.87404705085
2526561,41521.87404705085
2526562,41521.87404705085
2527072,41521.87404705085
2527126,41521.87404705085
2527777,41521.87404705085
2527946,41521.87404705085
2528063,41521.87404705085
2528771,41521.87404705085
2528839,41521.87404705085
2528941,41521.87404705085
2528945,41521.87404705085
2529048,41521.87404705085
2529095,41521.87404705085
2529265,41521.87404705085
2529475,41521.87404705085
2529650,41521.87404705085
2529654,41521.87404705085
2529667,41521.87404705085
2529696,41521.87404705085
2529730,41521.87404705085
2529929,41521.87404705085
2530017,41521.87404705085
2530023,41521.87404705085
2530050,41521.87404705085
2530070,41521.87404705085
2530075,41521.87404705085
2530256,41521.87404705085
2530310,41521.87404705085
2530556,41521.87404705085
2531081,41521.87404705085
2531662,41521.87404705085
2531665,41521.87404705085
2531675,41521.87404705085
2531715,41521.87404705085
2531766,41521.87404705085
2531767,41521.87404705085
2531823,41521.87404705085
2531860,41521.87404705085
2531928,41521.87404705085
2532098,41521.87404705085
2532173,41521.87404705085
2532194,41521.87404705085
2532248,41521.87404705085
2532566,41521.87404705085
2532608,41521.87404705085
2532619,41521.87404705085
2532699,41521.87404705085
2532940,41521.87404705085
2532967,41521.87404705085
2533083,41521.87404705085
2533096,41521.87404705085
2533219,41521.87404705085
2533248,41521.87404705085
2533778,41521.87404705085
2533811,41521.87404705085
2534214,41521.87404705085
2534287,41521.87404705085
2534389,41521.87404705085
2534395,41521.87404705085
2534435,41521.87404705085
2534554,41521.87404705085
2534714,41521.87404705085
2534730,41521.87404705085
2534732,41521.87404705085
2534894,41521.87404705085
2535161,41521.87404705085
2535180,41521.87404705085
2535804,41521.87404705085
2535899,41521.87404705085
2535926,41521.87404705085
2535973,41521.87404705085
2535980,41521.87404705085
2536518,41521.87404705085
2536740,41521.87404705085
2537420,41521.87404705085
2537494,41521.87404705085
2537506,41521.87404705085
2537519,41521.87404705085
2537770,41521.87404705085
2538081,41521.87404705085
2538192,41521.87404705085
2538255,41521.87404705085
2538327,41521.87404705085
2538503,41521.87404705085
2538518,41521.87404705085
2538795,41521.87404705085
2538814,41521.87404705085
2538831,41521.87404705085
2538867,41521.87404705085
2538935,41521.87404705085
2538971,41521.87404705085
2538975,41521.87404705085
2538984,41521.87404705085
2539086,41521.87404705085
2539096,41521.87404705085
2539135,41521.87404705085
2539153,41521.87404705085
2539169,41521.87404705085
2539235,41521.87404705085
2539793,41521.87404705085
2539972,41521.87404705085
2539980,41521.87404705085
2540023,41521.87404705085
2540084,41521.87404705085
2540138,41521.87404705085
2540189,41521.87404705085
2540250,41521.87404705085
2540598,41521.87404705085
2541314,41521.87404705085
2541807,41521.87404705085
2541949,41521.87404705085
2542196,41521.87404705085
2542711,41521.87404705085
2542712,41521.87404705085
2542889,41521.87404705085
2543486,41521.87404705085
2543712,41521.87404705085
2544015,41521.87404705085
2544144,41521.87404705085
2544255,41521.87404705085
2544280,41521.87404705085
2544304,41521.87404705085
2544790,41521.87404705085
2544872,41521.87404705085
2544951,41521.87404705085
2545141,41521.87404705085
2545412,41521.87404705085
2545426,41521.87404705085
2545466,41521.87404705085
2545691,41521.87404705085
2545814,41521.87404705085
2545823,41521.87404705085
2545829,41521.87404705085
2545909,41521.87404705085
2546013,41521.87404705085
2546015,41521.87404705085
2546057,41521.87404705085
2546094,41521.87404705085
2546142,41521.87404705085
2546287,41521.87404705085
2546366,41521.87404705085
2546500,41521.87404705085
2546502,41521.87404705085
2546526,41521.87404705085
2546650,41521.87404705085
2546653,41521.87404705085
2546855,41521.87404705085
2547110,41521.87404705085
2547141,41521.87404705085
2547356,41521.87404705085
2548371,41521.87404705085
2548421,41521.87404705085
2549006,41521.87404705085
2549280,41521.87404705085
2549282,41521.87404705085
2549325,41521.87404705085
2549462,41521.87404705085
2549610,41521.87404705085
2549991,41521.87404705085
2550176,41521.87404705085
2550205,41521.87404705085
2550225,41521.87404705085
2550768,41521.87404705085
2550795,41521.87404705085
2550852,41521.87404705085
2550918,41521.87404705085
2551055,41521.87404705085
2551090,41521.87404705085
2551116,41521.87404705085
2551137,41521.87404705085
2551149,41521.87404705085
2551163,41521.87404705085
2551176,41521.87404705085
2552107,41521.87404705085
2553476,41521.87404705085
2553529,41521.87404705085
2553533,41521.87404705085
2553590,41521.87404705085
2553603,41521.87404705085
2553604,41521.87404705085
2553668,41521.87404705085
2553719,41521.87404705085
2554010,41521.87404705085
2554178,41521.87404705085
2554263,41521.87404705085
2554356,41521.87404705085
2554490,41521.87404705085
2554493,41521.87404705085
2554511,41521.87404705085
2554512,41521.87404705085
2554627,41521.87404705085
2554638,41521.87404705085
2554703,41521.87404705085
2554740,41521.87404705085
2554840,41521.87404705085
2555736,41521.87404705085
2556007,41521.87404705085
2556048,41521.87404705085
2556052,41521.87404705085
2556135,41521.87404705085
2556317,41521.87404705085
2556320,41521.87404705085
2556390,41521.87404705085
2556401,41521.87404705085
2556690,41521.87404705085
2556905,41521.87404705085
2557163,41521.87404705085
2557193,41521.87404705085
2557472,41521.87404705085
2557526,41521.87404705085
2557683,41521.87404705085
2557692,41521.87404705085
2557717,41521.87404705085
2558653,41521.87404705085
2559028,41521.87404705085
2559054,41521.87404705085
2559109,41521.87404705085
2559411,41521.87404705085
2559886,41521.87404705085
2559925,41521.87404705085
2559934,41521.87404705085
2560160,41521.87404705085
2560171,41521.87404705085
2560368,41521.87404705085
2560401,41521.87404705085
2560423,41521.87404705085
2560540,41521.87404705085
2560543,41521.87404705085
2560561,41521.87404705085
2561041,41521.87404705085
2561476,41521.87404705085
2561681,41521.87404705085
2561756,41521.87404705085
2562106,41521.87404705085
2562240,41521.87404705085
2562260,41521.87404705085
2562277,41521.87404705085
2562739,41521.87404705085
2562830,41521.87404705085
2562838,41521.87404705085
2562839,41521.87404705085
2563103,41521.87404705085
2563175,41521.87404705085
2563182,41521.87404705085
2563189,41521.87404705085
2563275,41521.87404705085
2563322,41521.87404705085
2563428,41521.87404705085
2563535,41521.87404705085
2563593,41521.87404705085
2563677,41521.87404705085
2563718,41521.87404705085
2563733,41521.87404705085
2563743,41521.87404705085
2563747,41521.87404705085
2563814,41521.87404705085
2564407,41521.87404705085
2564435,41521.87404705085
2564457,41521.87404705085
2564486,41521.87404705085
2565729,41521.87404705085
2565735,41521.87404705085
2566151,41521.87404705085
2566194,41521.87404705085
2566241,41521.87404705085
2566491,41521.87404705085
2567163,41521.87404705085
2567215,41521.87404705085
2567224,41521.87404705085
2567367,41521.87404705085
2567442,41521.87404705085
2567497,41521.87404705085
2567840,41521.87404705085
2567870,41521.87404705085
2567917,41521.87404705085
2568361,41521.87404705085
2568479,41521.87404705085
2568481,41521.87404705085
2568623,41521.87404705085
2568632,41521.87404705085
2568807,41521.87404705085
2568924,41521.87404705085
2569136,41521.87404705085
2569157,41521.87404705085
2569372,41521.87404705085
2569923,41521.87404705085
2570023,41521.87404705085
2570441,41521.87404705085
2571263,41521.87404705085
2571274,41521.87404705085
2571378,41521.87404705085
2571391,41521.87404705085
2571611,41521.87404705085
2571817,41521.87404705085
2571841,41521.87404705085
2572218,41521.87404705085
2572307,41521.87404705085
2572326,41521.87404705085
2574181,41521.87404705085
2574931,41521.87404705085
2576055,41521.87404705085
2576274,41521.87404705085
2576287,41521.87404705085
2576439,41521.87404705085
2576465,41521.87404705085
2576475,41521.87404705085
2576630,41521.87404705085
2576669,41521.87404705085
2576679,41521.87404705085
2576994,41521.87404705085
2577304,41521.87404705085
2577332,41521.87404705085
2577365,41521.87404705085
2577560,41521.87404705085
2577564,41521.87404705085
2577868,41521.87404705085
2577941,41521.87404705085
2578262,41521.87404705085
2578276,41521.87404705085
2578364,41521.87404705085
2578998,41521.87404705085
2579557,41521.87404705085
2579567,41521.87404705085
2580616,41521.87404705085
2581175,41521.87404705085
2581473,41521.87404705085
2581898,41521.87404705085
2582440,41521.87404705085
2583958,41521.87404705085
2584029,41521.87404705085
2584168,41521.87404705085
2585231,41521.87404705085
2585320,41521.87404705085
2585325,41521.87404705085
2585389,41521.87404705085
2585558,41521.87404705085
2586042,41521.87404705085
2586410,41521.87404705085
2586422,41521.87404705085
2586643,41521.87404705085
2586898,41521.87404705085
2587802,41521.87404705085
2588732,41521.87404705085
2588805,41521.87404705085
2589778,41521.87404705085
2590216,41521.87404705085
2590229,41521.87404705085
2590318,41521.87404705085
2590453,41521.87404705085
2590594,41521.87404705085
2590849,41521.87404705085
2591245,41521.87404705085
2591277,41521.87404705085
2591293,41521.87404705085
2591517,41521.87404705085
2592357,41521.87404705085
2593403,41521.87404705085
2593426,41521.87404705085
2593476,41521.87404705085
2594759,41521.87404705085
2595497,41521.87404705085
2596699,41521.87404705085
2596740,41521.87404705085
2596779,41521.87404705085
2596914,41521.87404705085
2596930,41521.87404705085
2601741,41521.87404705085
2602432,41521.87404705085
2603324,41521.87404705085
2603328,41521.87404705085
2605479,41521.87404705085
2606821,41521.87404705085
2607005,41521.87404705085
2607049,41521.87404705085
2607063,41521.87404705085
2609391,41521.87404705085
2609392,41521.87404705085
2609405,41521.87404705085
2609491,41521.87404705085
2609511,41521.87404705085
2609581,41521.87404705085
2610020,41521.87404705085
2610349,41521.87404705085
2610354,41521.87404705085
2610364,41521.87404705085
2610400,41521.87404705085
2614749,41521.87404705085
2614796,41521.87404705085
2615013,41521.87404705085
2615282,41521.87404705085
2615328,41521.87404705085
2615347,41521.87404705085
2616102,41521.87404705085
2618230,41521.87404705085
2618254,41521.87404705085
2618258,41521.87404705085
2618449,41521.87404705085
2618494,41521.87404705085
2618531,41521.87404705085
2618559,41521.87404705085
2618611,41521.87404705085
2618711,41521.87404705085
2619185,41521.87404705085
2621231,41521.87404705085
2621238,41521.87404705085
2621243,41521.87404705085
2621355,41521.87404705085
2621360,41521.87404705085
2621406,41521.87404705085
2621916,41521.87404705085
2621986,41521.87404705085
2621987,41521.87404705085
2622023,41521.87404705085
2622091,41521.87404705085
2622189,41521.87404705085
2622607,41521.87404705085
2622807,41521.87404705085
2623067,41521.87404705085
2623555,41521.87404705085
2625283,41521.87404705085
2625790,41521.87404705085
2626196,41521.87404705085
2626548,41521.87404705085
2626618,41521.87404705085
2626619,41521.87404705085
2626675,41521.87404705085
2626944,41521.87404705085
2626957,41521.87404705085
2627213,41521.87404705085
2627378,41521.87404705085
2627563,41521.87404705085
2627792,41521.87404705085
2627857,41521.87404705085
2627920,41521.87404705085
2627932,41521.87404705085
2627975,41521.87404705085
2628195,41521.87404705085
2628585,41521.87404705085
2628637,41521.87404705085
2628662,41521.87404705085
2629812,41521.87404705085
2630351,41521.87404705085
2630403,41521.87404705085
2630639,41521.87404705085
2631357,41521.87404705085
2631421,41521.87404705085
2631434,41521.87404705085
2631711,41521.87404705085
2632170,41521.87404705085
2632681,41521.87404705085
2632706,41521.87404705085
2632762,41521.87404705085
2633664,41521.87404705085
2633706,41521.87404705085
2634216,41521.87404705085
2634222,41521.87404705085
2634254,41521.87404705085
2634280,41521.87404705085
2634304,41521.87404705085
2634383,41521.87404705085
2634391,41521.87404705085
2634443,41521.87404705085
2634456,41521.87404705085
2634617,41521.87404705085
2634815,41521.87404705085
2634880,41521.87404705085
2634975,41521.87404705085
2635003,41521.87404705085
2635043,41521.87404705085
2635085,41521.87404705085
2635495,41521.87404705085
2635611,41521.87404705085
2635619,41521.87404705085
2636070,41521.87404705085
2636080,41521.87404705085
2636148,41521.87404705085
2636189,41521.87404705085
2636191,41521.87404705085
2636233,41521.87404705085
2636270,41521.87404705085
2636280,41521.87404705085
2636386,41521.87404705085
2636387,41521.87404705085
2637003,41521.87404705085
2637173,41521.87404705085
2637180,41521.87404705085
2637206,41521.87404705085
2637403,41521.87404705085
2637802,41521.87404705085
2637938,41521.87404705085
2638019,41521.87404705085
2638414,41521.87404705085
2639144,41521.87404705085
2639272,41521.87404705085
2639866,41521.87404705085
2640300,41521.87404705085
2640896,41521.87404705085
2641055,41521.87404705085
2641302,41521.87404705085
2641382,41521.87404705085
2641411,41521.87404705085
2641743,41521.87404705085
2643934,41521.87404705085
2643952,41521.87404705085
2643955,41521.87404705085
2644147,41521.87404705085
2644348,41521.87404705085
2644381,41521.87404705085
2644443,41521.87404705085
2644499,41521.87404705085
2644535,41521.87404705085
2644594,41521.87404705085
2644640,41521.87404705085
2644789,41521.87404705085
2644822,41521.87404705085
2644859,41521.87404705085
2644889,41521.87404705085
2644915,41521.87404705085
2644937,41521.87404705085
2644941,41521.87404705085
2644945,41521.87404705085
2644955,41521.87404705085
2644980,41521.87404705085
2645016,41521.87404705085
2645136,41521.87404705085
2645262,41521.87404705085
2645429,41521.87404705085
2645557,41521.87404705085
2645564,41521.87404705085
2645680,41521.87404705085
2645753,41521.87404705085
2645879,41521.87404705085
2645938,41521.87404705085
2646096,41521.87404705085
2646169,41521.87404705085
2646341,41521.87404705085
2646388,41521.87404705085
2646445,41521.87404705085
2646459,41521.87404705085
2646517,41521.87404705085
2646570,41521.87404705085
2646621,41521.87404705085
2646760,41521.87404705085
2646860,41521.87404705085
2648367,41521.87404705085
2648442,41521.87404705085
2648497,41521.87404705085
2648524,41521.87404705085
2648612,41521.87404705085
2648757,41521.87404705085
2648829,41521.87404705085
2649227,41521.87404705085
2649471,41521.87404705085
2649494,41521.87404705085
2649536,41521.87404705085
2649545,41521.87404705085
2649565,41521.87404705085
2649593,41521.87404705085
2649667,41521.87404705085
2649767,41521.87404705085
2650024,41521.87404705085
2650096,41521.87404705085
2650503,41521.87404705085
2650538,41521.87404705085
2650686,41521.87404705085
2650874,41521.87404705085
2651041,41521.87404705085
2651058,41521.87404705085
2651194,41521.87404705085
2651559,41521.87404705085
2651568,41521.87404705085
2651570,41521.87404705085
2651571,41521.87404705085
2651599,41521.87404705085
2651603,41521.87404705085
2651639,41521.87404705085
2651686,41521.87404705085
2651703,41521.87404705085
2651763,41521.87404705085
2651812,41521.87404705085
2652168,41521.87404705085
2652242,41521.87404705085
2652253,41521.87404705085
2652291,41521.87404705085
2652328,41521.87404705085
2652356,41521.87404705085
2652379,41521.87404705085
2652765,41521.87404705085
2652802,41521.87404705085
2653510,41521.87404705085
2655061,41521.87404705085
2656031,41521.87404705085
2656041,41521.87404705085
2660204,41521.87404705085
2660541,41521.87404705085
2661454,41521.87404705085
2662550,41521.87404705085
2662562,41521.87404705085
2668924,41521.87404705085
2668993,41521.87404705085
2669191,41521.87404705085
2669429,41521.87404705085
2669432,41521.87404705085
2669682,41521.87404705085
2669703,41521.87404705085
2670065,41521.87404705085
2670290,41521.87404705085
2670411,41521.87404705085
2671520,41521.87404705085
2671523,41521.87404705085
2671650,41521.87404705085
2672098,41521.87404705085
2675921,41521.87404705085
2680265,41521.87404705085
2681723,41521.87404705085
2683722,41521.87404705085
2684323,41521.87404705085
2685711,41521.87404705085
2685855,41521.87404705085
2685905,41521.87404705085
2685914,41521.87404705085
2686177,41521.87404705085
2686178,41521.87404705085
2686314,41521.87404705085
2686416,41521.87404705085
2686546,41521.87404705085
2686628,41521.87404705085
2686631,41521.87404705085
2686653,41521.87404705085
2686781,41521.87404705085
2687122,41521.87404705085
2687464,41521.87404705085
2687624,41521.87404705085
2688314,41521.87404705085
2688379,41521.87404705085
2688398,41521.87404705085
2688532,41521.87404705085
2689161,41521.87404705085
2689261,41521.87404705085
2689849,41521.87404705085
2689935,41521.87404705085
2690396,41521.87404705085
2690415,41521.87404705085
2691023,41521.87404705085
2691082,41521.87404705085
2691438,41521.87404705085
2691521,41521.87404705085
2691591,41521.87404705085
2691671,41521.87404705085
2691954,41521.87404705085
2692316,41521.87404705085
2692575,41521.87404705085
2692881,41521.87404705085
2692932,41521.87404705085
2694983,41521.87404705085
2695272,41521.87404705085
2695326,41521.87404705085
2695565,41521.87404705085
2695619,41521.87404705085
2695717,41521.87404705085
2695724,41521.87404705085
2695725,41521.87404705085
2695798,41521.87404705085
2696581,41521.87404705085
2696961,41521.87404705085
2697098,41521.87404705085
2697134,41521.87404705085
2697150,41521.87404705085
2697284,41521.87404705085
2697397,41521.87404705085
2697399,41521.87404705085
2697597,41521.87404705085
2697669,41521.87404705085
2697843,41521.87404705085
2698518,41521.87404705085
2698609,41521.87404705085
2698756,41521.87404705085
2698768,41521.87404705085
2698888,41521.87404705085
2698974,41521.87404705085
2699026,41521.87404705085
2699029,41521.87404705085
2699061,41521.87404705085
2699119,41521.87404705085
2699132,41521.87404705085
2699254,41521.87404705085
2699517,41521.87404705085
2699581,41521.87404705085
2699600,41521.87404705085
2699616,41521.87404705085
2699703,41521.87404705085
2699811,41521.87404705085
2699815,41521.87404705085
2700015,41521.87404705085
2700017,41521.87404705085
2700122,41521.87404705085
2700130,41521.87404705085
2700202,41521.87404705085
2700317,41521.87404705085
2700525,41521.87404705085
2700646,41521.87404705085
2700692,41521.87404705085
2700711,41521.87404705085
2700928,41521.87404705085
2701120,41521.87404705085
2701542,41521.87404705085
2701582,41521.87404705085
2701811,41521.87404705085
2701859,41521.87404705085
2701882,41521.87404705085
2701929,41521.87404705085
2702010,41521.87404705085
2702082,41521.87404705085
2703856,41521.87404705085
2704637,41521.87404705085
2704647,41521.87404705085
2704659,41521.87404705085
2704837,41521.87404705085
2704846,41521.87404705085
2704896,41521.87404705085
2705236,41521.87404705085
2705278,41521.87404705085
2705359,41521.87404705085
2705392,41521.87404705085
2705617,41521.87404705085
2705823,41521.87404705085
2705848,41521.87404705085
2705895,41521.87404705085
2705906,41521.87404705085
2705972,41521.87404705085
2705982,41521.87404705085
2706021,41521.87404705085
2706025,41521.87404705085
2706103,41521.87404705085
2706141,41521.87404705085
2706151,41521.87404705085
2706169,41521.87404705085
2707792,41521.87404705085
2707807,41521.87404705085
2708505,41521.87404705085
2712632,41521.87404705085
2715748,41521.87404705085
2715792,41521.87404705085
2726605,41521.87404705085
2727329,41521.87404705085
2727404,41521.87404705085
2731137,41521.87404705085
2731177,41521.87404705085
2731223,41521.87404705085
2731558,41521.87404705085
2731559,41521.87404705085
2735677,41521.87404705085
2737576,41521.87404705085
2737599,41521.87404705085
2741497,41521.87404705085
2741719,41521.87404705085
2742250,41521.87404705085
2744195,41521.87404705085
2744210,41521.87404705085
2744289,41521.87404705085
2744295,41521.87404705085
2744300,41521.87404705085
2744318,41521.87404705085
2744322,41521.87404705085
2744516,41521.87404705085
2746324,41521.87404705085
2746404,41521.87404705085
2747932,41521.87404705085
2749756,41521.87404705085
2749888,41521.87404705085
2750709,41521.87404705085
2752643,41521.87404705085
2752981,41521.87404705085
2753035,41521.87404705085
2753069,41521.87404705085
2753315,41521.87404705085
2753334,41521.87404705085
2753548,41521.87404705085
2753572,41521.87404705085
2753645,41521.87404705085
2753694,41521.87404705085
2754027,41521.87404705085
2754071,41521.87404705085
2754110,41521.87404705085
2754154,41521.87404705085
2754285,41521.87404705085
2754309,41521.87404705085
2754448,41521.87404705085
2754710,41521.87404705085
2755885,41521.87404705085
2770532,41521.87404705085
2781799,41521.87404705085
2781835,41521.87404705085
2782276,41521.87404705085
2784021,41521.87404705085
2793022,41521.87404705085
2793023,41521.87404705085
2793131,41521.87404705085
4245001,41521.87404705085
4245087,41521.87404705085
4245174,41521.87404705085
4245731,41521.87404705085
4245997,41521.87404705085
4246262,41521.87404705085
4246263,41521.87404705085
4246275,41521.87404705085
4246293,41521.87404705085
4246296,41521.87404705085
4246312,41521.87404705085
4246443,41521.87404705085
4246459,41521.87404705085
4246468,41521.87404705085
4246490,41521.87404705085
4246499,41521.87404705085
4246559,41521.87404705085
4246569,41521.87404705085
4246627,41521.87404705085
4246661,41521.87404705085
4246693,41521.87404705085
4246712,41521.87404705085
4246719,41521.87404705085
4246723,41521.87404705085
4246740,41521.87404705085
4246752,41521.87404705085
4246836,41521.87404705085
4247042,41521.87404705085
4247055,41521.87404705085
4247205,41521.87404705085
4247233,41521.87404705085
4247245,41521.87404705085
4247428,41521.87404705085
4248684,41521.87404705085
4248716,41521.87404705085
4248739,41521.87404705085
4249010,41521.87404705085
4249144,41521.87404705085
4249190,41521.87404705085
4249201,41521.87404705085
4249205,41521.87404705085
4249221,41521.87404705085
4249271,41521.87404705085
4249361,41521.87404705085
4249449,41521.87404705085
4249728,41521.87404705085
4249847,41521.87404705085
4250046,41521.87404705085
4250234,41521.87404705085
4250277,41521.87404705085
4250341,41521.87404705085
4250342,41521.87404705085
4250345,41521.87404705085
4250514,41521.87404705085
4250557,41521.87404705085
4250567,41521.87404705085
4250582,41521.87404705085
4250642,41521.87404705085
4250667,41521.87404705085
4250681,41521.87404705085
4250686,41521.87404705085
4250704,41521.87404705085
4250713,41521.87404705085
4250726,41521.87404705085
4250731,41521.87404705085
4250814,41521.87404705085
4251017,41521.87404705085
4251332,41521.87404705085
4251346,41521.87404705085
4251354,41521.87404705085
4251357,41521.87404705085
4251361,41521.87404705085
4251371,41521.87404705085
4251372,41521.87404705085
4251382,41521.87404705085
4251387,41521.87404705085
4251390,41521.87404705085
4251410,41521.87404705085
4251439,41521.87404705085
4251464,41521.87404705085
4251482,41521.87404705085
4251490,41521.87404705085
4251496,41521.87404705085
4251503,41521.87404705085
4251509,41521.87404705085
4251525,41521.87404705085
4251534,41521.87404705085
4251619,41521.87404705085
4251670,41521.87404705085
4251677,41521.87404705085
4251793,41521.87404705085
4251986,41521.87404705085
4252029,41521.87404705085
4252141,41521.87404705085
4252154,41521.87404705085
4252275,41521.87404705085
4252319,41521.87404705085
4252366,41521.87404705085
4252510,41521.87404705085
4252513,41521.87404705085
4252521,41521.87404705085
4252522,41521.87404705085
4252571,41521.87404705085
4252573,41521.87404705085
4252583,41521.87404705085
4252586,41521.87404705085
4252726,41521.87404705085
4252808,41521.87404705085
4252834,41521.87404705085
4252909,41521.87404705085
4252931,41521.87404705085
4253204,41521.87404705085
4253407,41521.87404705085
4253408,41521.87404705085
4253878,41521.87404705085
4254263,41521.87404705085
4254264,41521.87404705085
4254366,41521.87404705085
4254368,41521.87404705085
4254520,41521.87404705085
4254729,41521.87404705085
4256009,41521.87404705085
4256209,41521.87404705085
4256211,41521.87404705085
4256247,41521.87404705085
4256536,41521.87404705085
4256644,41521.87404705085
4256662,41521.87404705085
4256688,41521.87404705085
4256712,41521.87404705085
4256837,41521.87404705085
4256846,41521.87404705085
4257016,41521.87404705085
4257017,41521.87404705085
4257032,41521.87404705085
4257063,41521.87404705085
4257066,41521.87404705085
4257068,41521.87404705085
4257131,41521.87404705085
4257608,41521.87404705085
4257617,41521.87404705085
4258314,41521.87404705085
4258667,41521.87404705085
4258775,41521.87404705085
4258817,41521.87404705085
4258855,41521.87404705085
4259098,41521.87404705085
4259160,41521.87404705085
4259174,41521.87404705085
4259188,41521.87404705085
4259211,41521.87404705085
4259224,41521.87404705085
4259329,41521.87404705085
4259338,41521.87404705085
4259485,41521.87404705085
4259487,41521.87404705085
4259524,41521.87404705085
4259526,41521.87404705085
4259591,41521.87404705085
4259760,41521.87404705085
4259766,41521.87404705085
4259912,41521.87404705085
4260227,41521.87404705085
4260362,41521.87404705085
4260402,41521.87404705085
4260595,41521.87404705085
4260628,41521.87404705085
4260646,41521.87404705085
4260662,41521.87404705085
4261095,41521.87404705085
4261158,41521.87404705085
4261211,41521.87404705085
4261221,41521.87404705085
4261267,41521.87404705085
4261610,41521.87404705085
4261967,41521.87404705085
4262094,41521.87404705085
4262146,41521.87404705085
4262288,41521.87404705085
4262289,41521.87404705085
4262314,41521.87404705085
4263200,41521.87404705085
4263201,41521.87404705085
4263232,41521.87404705085
4263386,41521.87404705085
4263403,41521.87404705085
4263433,41521.87404705085
4263585,41521.87404705085
4263612,41521.87404705085
4263626,41521.87404705085
4263666,41521.87404705085
4263692,41521.87404705085
4263708,41521.87404705085
4264864,41521.87404705085
4264896,41521.87404705085
4264941,41521.87404705085
4264943,41521.87404705085
4264958,41521.87404705085
4264994,41521.87404705085
4265031,41521.87404705085
4265089,41521.87404705085
4265270,41521.87404705085
4265292,41521.87404705085
4265367,41521.87404705085
4265411,41521.87404705085
4265652,41521.87404705085
4265653,41521.87404705085
4265740,41521.87404705085
4265768,41521.87404705085
4266027,41521.87404705085
4266045,41521.87404705085
4266047,41521.87404705085
4266242,41521.87404705085
4266249,41521.87404705085
4266295,41521.87404705085
4266304,41521.87404705085
4266316,41521.87404705085
4266329,41521.87404705085
4266334,41521.87404705085
4266459,41521.87404705085
4266469,41521.87404705085
4266470,41521.87404705085
4266522,41521.87404705085
4266562,41521.87404705085
4266584,41521.87404705085
4266732,41521.87404705085
4266744,41521.87404705085
4266881,41521.87404705085
4266910,41521.87404705085
4267042,41521.87404705085
4267170,41521.87404705085
4267264,41521.87404705085
4267265,41521.87404705085
4267363,41521.87404705085
4267397,41521.87404705085
4267451,41521.87404705085
4267566,41521.87404705085
4267567,41521.87404705085
4267615,41521.87404705085
4267642,41521.87404705085
4267658,41521.87404705085
4267687,41521.87404705085
4267740,41521.87404705085
4267832,41521.87404705085
4268010,41521.87404705085
4268042,41521.87404705085
4268235,41521.87404705085
4268259,41521.87404705085
4268279,41521.87404705085
4268319,41521.87404705085
4268372,41521.87404705085
4268375,41521.87404705085
4268380,41521.87404705085
4268555,41521.87404705085
4268685,41521.87404705085
4268961,41521.87404705085
4269215,41521.87404705085
4269244,41521.87404705085
4269356,41521.87404705085
4269513,41521.87404705085
4269799,41521.87404705085
4269856,41521.87404705085
4269958,41521.87404705085
4269985,41521.87404705085
4269987,41521.87404705085
4270636,41521.87404705085
4270642,41521.87404705085
4270742,41521.87404705085
4270839,41521.87404705085
4270868,41521.87404705085
4270960,41521.87404705085
4270962,41521.87404705085
4271135,41521.87404705085
4271186,41521.87404705085
4271243,41521.87404705085
4271247,41521.87404705085
4271364,41521.87404705085
4271404,41521.87404705085
4271409,41521.87404705085
4271410,41521.87404705085
4271766,41521.87404705085
4271803,41521.87404705085
4271866,41521.87404705085
4271876,41521.87404705085
4271914,41521.87404705085
4271920,41521.87404705085
4271979,41521.87404705085
4272536,41521.87404705085
4272781,41521.87404705085
4272813,41521.87404705085
4272869,41521.87404705085
4272899,41521.87404705085
4273105,41521.87404705085
4273124,41521.87404705085
4273140,41521.87404705085
4273218,41521.87404705085
4273253,41521.87404705085
4273287,41521.87404705085
4273348,41521.87404705085
4273399,41521.87404705085
4273419,41521.87404705085
4273420,41521.87404705085
4273431,41521.87404705085
4273676,41521.87404705085
4273683,41521.87404705085
4273699,41521.87404705085
4273713,41521.87404705085
4273732,41521.87404705085
4273738,41521.87404705085
4273780,41521.87404705085
4273945,41521.87404705085
4274010,41521.87404705085
4274232,41521.87404705085
4274309,41521.87404705085
4274351,41521.87404705085
4274574,41521.87404705085
4274588,41521.87404705085
4274773,41521.87404705085
4274779,41521.87404705085
4274815,41521.87404705085
4274890,41521.87404705085
4275013,41521.87404705085
4275046,41521.87404705085
4275089,41521.87404705085
4275158,41521.87404705085
4275163,41521.87404705085
4275400,41521.87404705085
4275750,41521.87404705085
4275773,41521.87404705085
4275792,41521.87404705085
4275797,41521.87404705085
4276005,41521.87404705085
4276025,41521.87404705085
4276033,41521.87404705085
4276047,41521.87404705085
4276059,41521.87404705085
4276060,41521.87404705085
4276125,41521.87404705085
4276183,41521.87404705085
4276184,41521.87404705085
4276185,41521.87404705085
4276186,41521.87404705085
4276211,41521.87404705085
4276346,41521.87404705085
4276372,41521.87404705085
4276391,41521.87404705085
4276473,41521.87404705085
4276496,41521.87404705085
4276807,41521.87404705085
4277192,41521.87404705085
4277234,41521.87404705085
4277242,41521.87404705085
4277282,41521.87404705085
4277288,41521.87404705085
4277328,41521.87404705085
4277341,41521.87404705085
4277342,41521.87404705085
4277574,41521.87404705085
4277733,41521.87404705085
4277743,41521.87404705085
4277745,41521.87404705085
4277768,41521.87404705085
4277777,41521.87404705085
4277791,41521.87404705085
4277968,41521.87404705085
4278180,41521.87404705085
4278279,41521.87404705085
4278358,41521.87404705085
4278927,41521.87404705085
4279511,41521.87404705085
4279543,41521.87404705085
4279599,41521.87404705085
4279713,41521.87404705085
4279714,41521.87404705085
4279721,41521.87404705085
4279737,41521.87404705085
4279781,41521.87404705085
4279791,41521.87404705085
4279853,41521.87404705085
4279854,41521.87404705085
4279856,41521.87404705085
4279970,41521.87404705085
4280092,41521.87404705085
4280206,41521.87404705085
4280209,41521.87404705085
4280213,41521.87404705085
4280485,41521.87404705085
4280522,41521.87404705085
4280899,41521.87404705085
4281066,41521.87404705085
4281079,41521.87404705085
4281160,41521.87404705085
4281218,41521.87404705085
4281227,41521.87404705085
4281245,41521.87404705085
4281281,41521.87404705085
4281317,41521.87404705085
4281497,41521.87404705085
4281498,41521.87404705085
4281534,41521.87404705085
4281790,41521.87404705085
4281791,41521.87404705085
4281875,41521.87404705085
4282038,41521.87404705085
4282080,41521.87404705085
4282137,41521.87404705085
4282150,41521.87404705085
4282249,41521.87404705085
4282680,41521.87404705085
4282685,41521.87404705085
4282730,41521.87404705085
4283065,41521.87404705085
4283612,41521.87404705085
4283671,41521.87404705085
4283706,41521.87404705085
4283862,41521.87404705085
4283889,41521.87404705085
4283921,41521.87404705085
4284145,41521.87404705085
4284150,41521.87404705085
4284240,41521.87404705085
4284320,41521.87404705085
4284501,41521.87404705085
4284645,41521.87404705085
4284671,41521.87404705085
4284787,41521.87404705085
4284834,41521.87404705085
4284925,41521.87404705085
4285028,41521.87404705085
4285029,41521.87404705085
4285078,41521.87404705085
4285085,41521.87404705085
4285090,41521.87404705085
4285411,41521.87404705085
4285443,41521.87404705085
4285445,41521.87404705085
4285448,41521.87404705085
4285890,41521.87404705085
4285904,41521.87404705085
4286012,41521.87404705085
4286417,41521.87404705085
4286797,41521.87404705085
4286868,41521.87404705085
4287066,41521.87404705085
4287116,41521.87404705085
4287168,41521.87404705085
4287259,41521.87404705085
4287356,41521.87404705085
4287887,41521.87404705085
4287917,41521.87404705085
4287964,41521.87404705085
4288024,41521.87404705085
4288025,41521.87404705085
4288026,41521.87404705085
4288047,41521.87404705085
4288064,41521.87404705085
4288101,41521.87404705085
4288110,41521.87404705085
4288453,41521.87404705085
4288455,41521.87404705085
4288550,41521.87404705085
4288636,41521.87404705085
4288637,41521.87404705085
4288674,41521.87404705085
4288712,41521.87404705085
4288802,41521.87404705085
4288836,41521.87404705085
4288870,41521.87404705085
4289031,41521.87404705085
4289058,41521.87404705085
4289085,41521.87404705085
4289089,41521.87404705085
4289099,41521.87404705085
4289123,41521.87404705085
4289178,41521.87404705085
4289198,41521.87404705085
4289238,41521.87404705085
4289289,41521.87404705085
4290007,41521.87404705085
4290056,41521.87404705085
4291376,41521.87404705085
4291377,41521.87404705085
4291431,41521.87404705085
4291450,41521.87404705085
4292045,41521.87404705085
4292259,41521.87404705085
4292283,41521.87404705085
4292361,41521.87404705085
4292396,41521.87404705085
4292397,41521.87404705085
4292418,41521.87404705085
4292422,41521.87404705085
4292759,41521.87404705085
4292994,41521.87404705085
4293075,41521.87404705085
4293109,41521.87404705085
4293215,41521.87404705085
4293502,41521.87404705085
4293514,41521.87404705085
4293609,41521.87404705085
4293625,41521.87404705085
4293828,41521.87404705085
4293833,41521.87404705085
4293959,41521.87404705085
4293971,41521.87404705085
4293998,41521.87404705085
4294238,41521.87404705085
4294297,41521.87404705085
4294348,41521.87404705085
4294390,41521.87404705085
4294468,41521.87404705085
4294487,41521.87404705085
4294670,41521.87404705085
4294757,41521.87404705085
4295076,41521.87404705085
4295083,41521.87404705085
4295160,41521.87404705085
4295205,41521.87404705085
4295213,41521.87404705085
4295230,41521.87404705085
4295233,41521.87404705085
4295246,41521.87404705085
4295254,41521.87404705085
4295871,41521.87404705085
4295895,41521.87404705085
4296476,41521.87404705085
4296504,41521.87404705085
4296509,41521.87404705085
4296515,41521.87404705085
4296517,41521.87404705085
4296568,41521.87404705085
4296619,41521.87404705085
4296631,41521.87404705085
4296744,41521.87404705085
4296789,41521.87404705085
4296816,41521.87404705085
4296996,41521.87404705085
4297006,41521.87404705085
4297117,41521.87404705085
4297176,41521.87404705085
4297205,41521.87404705085
4297262,41521.87404705085
4297308,41521.87404705085
4297324,41521.87404705085
4297343,41521.87404705085
4297345,41521.87404705085
4297361,41521.87404705085
4297407,41521.87404705085
4297411,41521.87404705085
4297473,41521.87404705085
4297492,41521.87404705085
4297540,41521.87404705085
4297570,41521.87404705085
4297572,41521.87404705085
4297592,41521.87404705085
4297602,41521.87404705085
4297615,41521.87404705085
4297616,41521.87404705085
4297627,41521.87404705085
4297730,41521.87404705085
4297903,41521.87404705085
4297907,41521.87404705085
4297910,41521.87404705085
4298223,41521.87404705085
4298344,41521.87404705085
4298493,41521.87404705085
4298594,41521.87404705085
4298604,41521.87404705085
4298796,41521.87404705085
4298951,41521.87404705085
4298993,41521.87404705085
4299010,41521.87404705085
4299127,41521.87404705085
4299408,41521.87404705085
4299439,41521.87404705085
4299702,41521.87404705085
4299707,41521.87404705085
4299731,41521.87404705085
4299737,41521.87404705085
4299908,41521.87404705085
4300159,41521.87404705085
4300179,41521.87404705085
4300189,41521.87404705085
4300193,41521.87404705085
4300257,41521.87404705085
4300261,41521.87404705085
4300298,41521.87404705085
4300342,41521.87404705085
4300535,41521.87404705085
4300559,41521.87404705085
4300624,41521.87404705085
4300717,41521.87404705085
4300790,41521.87404705085
4300794,41521.87404705085
4300798,41521.87404705085
4301167,41521.87404705085
4301207,41521.87404705085
4301236,41521.87404705085
4301282,41521.87404705085
4301323,41521.87404705085
4301801,41521.87404705085
4301950,41521.87404705085
4301969,41521.87404705085
4302217,41521.87404705085
4302219,41521.87404705085
4302251,41521.87404705085
4302533,41521.87404705085
4303195,41521.87404705085
4303230,41521.87404705085
4303414,41521.87404705085
4303460,41521.87404705085
4303487,41521.87404705085
4303554,41521.87404705085
4303588,41521.87404705085
4303609,41521.87404705085
4303683,41521.87404705085
4303745,41521.87404705085
4303750,41521.87404705085
4303751,41521.87404705085
4303758,41521.87404705085
4303779,41521.87404705085
4304125,41521.87404705085
4304367,41521.87404705085
4304388,41521.87404705085
4304526,41521.87404705085
4304568,41521.87404705085
4304901,41521.87404705085
4304910,41521.87404705085
4305085,41521.87404705085
4305128,41521.87404705085
4305137,41521.87404705085
4305141,41521.87404705085
4305188,41521.87404705085
4305323,41521.87404705085
4305444,41521.87404705085
4305521,41521.87404705085
4306824,41521.87404705085
4306832,41521.87404705085
4306834,41521.87404705085
4306837,41521.87404705085
4306868,41521.87404705085
4306961,41521.87404705085
4306962,41521.87404705085
4307020,41521.87404705085
4307037,41521.87404705085
4307120,41521.87404705085
4307127,41521.87404705085
4307148,41521.87404705085
4307158,41521.87404705085
4307260,41521.87404705085
4307396,41521.87404705085
4307416,41521.87404705085
4307418,41521.87404705085
4307794,41521.87404705085
4308033,41521.87404705085
4308075,41521.87404705085
4308327,41521.87404705085
4308414,41521.87404705085
4308726,41521.87404705085
4309128,41521.87404705085
4309206,41521.87404705085
4309294,41521.87404705085
4309311,41521.87404705085
4309316,41521.87404705085
4309340,41521.87404705085
4309428,41521.87404705085
4309616,41521.87404705085
4309867,41521.87404705085
4309990,41521.87404705085
4310093,41521.87404705085
4310225,41521.87404705085
4310251,41521.87404705085
4310390,41521.87404705085
4310401,41521.87404705085
4310657,41521.87404705085
4310675,41521.87404705085
4310679,41521.87404705085
4310732,41521.87404705085
4310741,41521.87404705085
4310759,41521.87404705085
4311110,41521.87404705085
4311116,41521.87404705085
4311140,41521.87404705085
4311154,41521.87404705085
4311384,41521.87404705085
4311385,41521.87404705085
4311468,41521.87404705085
4311476,41521.87404705085
4311646,41521.87404705085
4311678,41521.87404705085
4311698,41521.87404705085
4311738,41521.87404705085
4311843,41521.87404705085
4311878,41521.87404705085
4311985,41521.87404705085
4312060,41521.87404705085
4312239,41521.87404705085
4312240,41521.87404705085
4312314,41521.87404705085
4312349,41521.87404705085
4312373,41521.87404705085
4312399,41521.87404705085
4312446,41521.87404705085
4312456,41521.87404705085
4312489,41521.87404705085
4312513,41521.87404705085
4312538,41521.87404705085
4312545,41521.87404705085
4312587,41521.87404705085
4312602,41521.87404705085
4312635,41521.87404705085
4312682,41521.87404705085
4312718,41521.87404705085
4312733,41521.87404705085
4312886,41521.87404705085
4312953,41521.87404705085
4312996,41521.87404705085
4313022,41521.87404705085
4313097,41521.87404705085
4313158,41521.87404705085
4313178,41521.87404705085
4313361,41521.87404705085
4313498,41521.87404705085
4313793,41521.87404705085
4313816,41521.87404705085
4313902,41521.87404705085
4313906,41521.87404705085
4313938,41521.87404705085
4314033,41521.87404705085
4314154,41521.87404705085
4314185,41521.87404705085
4314190,41521.87404705085
4314232,41521.87404705085
4314267,41521.87404705085
4314337,41521.87404705085
4314339,41521.87404705085
4314407,41521.87404705085
4314436,41521.87404705085
4314442,41521.87404705085
4314485,41521.87404705085
4314493,41521.87404705085
4314498,41521.87404705085
4314539,41521.87404705085
4314549,41521.87404705085
4314646,41521.87404705085
4314662,41521.87404705085
4314667,41521.87404705085
4314819,41521.87404705085
4314848,41521.87404705085
4314873,41521.87404705085
4314884,41521.87404705085
4314891,41521.87404705085
4314923,41521.87404705085
4314955,41521.87404705085
4314989,41521.87404705085
4315002,41521.87404705085
4315017,41521.87404705085
4315091,41521.87404705085
4315136,41521.87404705085
4315288,41521.87404705085
4315507,41521.87404705085
4315701,41521.87404705085
4315708,41521.87404705085
4315772,41521.87404705085
4315813,41521.87404705085
4315827,41521.87404705085
4315873,41521.87404705085
4315885,41521.87404705085
4315887,41521.87404705085
4315943,41521.87404705085
4315987,41521.87404705085
4316191,41521.87404705085
4316240,41521.87404705085
4316272,41521.87404705085
4316332,41521.87404705085
4316342,41521.87404705085
4316497,41521.87404705085
4316502,41521.87404705085
4316511,41521.87404705085
4316545,41521.87404705085
4316609,41521.87404705085
4316611,41521.87404705085
4316697,41521.87404705085
4316702,41521.87404705085
4316761,41521.87404705085
4316765,41521.87404705085
4317378,41521.87404705085
4317380,41521.87404705085
4317381,41521.87404705085
4317393,41521.87404705085
4317395,41521.87404705085
4317401,41521.87404705085
4317410,41521.87404705085
4317666,41521.87404705085
4317668,41521.87404705085
4317675,41521.87404705085
4318710,41521.87404705085
4318777,41521.87404705085
4318811,41521.87404705085
4318824,41521.87404705085
4318833,41521.87404705085
4318842,41521.87404705085
4318854,41521.87404705085
4318862,41521.87404705085
4318873,41521.87404705085
4318891,41521.87404705085
4318928,41521.87404705085
4318929,41521.87404705085
4318955,41521.87404705085
4318957,41521.87404705085
4318963,41521.87404705085
4318964,41521.87404705085
4318970,41521.87404705085
4318978,41521.87404705085
4318982,41521.87404705085
4318984,41521.87404705085
4318995,41521.87404705085
4318999,41521.87404705085
4319002,41521.87404705085
4319016,41521.87404705085
4319024,41521.87404705085
4319046,41521.87404705085
4319051,41521.87404705085
4319065,41521.87404705085
4319076,41521.87404705085
4319091,41521.87404705085
4319121,41521.87404705085
4319122,41521.87404705085
4319158,41521.87404705085
4319169,41521.87404705085
4319179,41521.87404705085
4319186,41521.87404705085
4319195,41521.87404705085
4319224,41521.87404705085
4319248,41521.87404705085
4319262,41521.87404705085
4319270,41521.87404705085
4319290,41521.87404705085
4319300,41521.87404705085
4319314,41521.87404705085
4319339,41521.87404705085
4319340,41521.87404705085
4319347,41521.87404705085
4319356,41521.87404705085
4319395,41521.87404705085
4319440,41521.87404705085
4319448,41521.87404705085
4319496,41521.87404705085
4319528,41521.87404705085
4319561,41521.87404705085
4319639,41521.87404705085
4319729,41521.87404705085
4319876,41521.87404705085
4319907,41521.87404705085
4320026,41521.87404705085
4320042,41521.87404705085
4320069,41521.87404705085
4320077,41521.87404705085
4320091,41521.87404705085
4320257,41521.87404705085
4320260,41521.87404705085
4320269,41521.87404705085
4320642,41521.87404705085
4320653,41521.87404705085
4320654,41521.87404705085
4320917,41521.87404705085
4320950,41521.87404705085
4320966,41521.87404705085
4320979,41521.87404705085
4320986,41521.87404705085
4321020,41521.87404705085
4321047,41521.87404705085
4321095,41521.87404705085
4321110,41521.87404705085
4321113,41521.87404705085
4321127,41521.87404705085
4321162,41521.87404705085
4321270,41521.87404705085
4321289,41521.87404705085
4321425,41521.87404705085
4321431,41521.87404705085
4321462,41521.87404705085
4321491,41521.87404705085
4321493,41521.87404705085
4321534,41521.87404705085
4321622,41521.87404705085
4321713,41521.87404705085
4321729,41521.87404705085
4321793,41521.87404705085
4322074,41521.87404705085
4322136,41521.87404705085
4322197,41521.87404705085
4322209,41521.87404705085
4322233,41521.87404705085
4322244,41521.87404705085
4322274,41521.87404705085
4322290,41521.87404705085
4322373,41521.87404705085
4322427,41521.87404705085
4322432,41521.87404705085
4322451,41521.87404705085
4322528,41521.87404705085
4322645,41521.87404705085
4322654,41521.87404705085
4322677,41521.87404705085
4322809,41521.87404705085
4322994,41521.87404705085
4323116,41521.87404705085
4323119,41521.87404705085
4323146,41521.87404705085
4323197,41521.87404705085
4323230,41521.87404705085
4323266,41521.87404705085
4323555,41521.87404705085
4323633,41521.87404705085
4323640,41521.87404705085
4323673,41521.87404705085
4323777,41521.87404705085
4323807,41521.87404705085
4323942,41521.87404705085
4323969,41521.87404705085
4324069,41521.87404705085
4324097,41521.87404705085
4324103,41521.87404705085
4324139,41521.87404705085
4324219,41521.87404705085
4324222,41521.87404705085
4324243,41521.87404705085
4324268,41521.87404705085
4324297,41521.87404705085
4324328,41521.87404705085
4324334,41521.87404705085
4324359,41521.87404705085
4324532,41521.87404705085
4324717,41521.87404705085
4324753,41521.87404705085
4324894,41521.87404705085
4324934,41521.87404705085
4325116,41521.87404705085
4325175,41521.87404705085
4325269,41521.87404705085
4325281,41521.87404705085
4325289,41521.87404705085
4325409,41521.87404705085
4325487,41521.87404705085
4325498,41521.87404705085
4325544,41521.87404705085
4325545,41521.87404705085
4325658,41521.87404705085
4325664,41521.87404705085
4325942,41521.87404705085
4325950,41521.87404705085
4325955,41521.87404705085
4325957,41521.87404705085
4325982,41521.87404705085
4326017,41521.87404705085
4326028,41521.87404705085
4326352,41521.87404705085
4326691,41521.87404705085
4329721,41521.87404705085
4329872,41521.87404705085
4330085,41521.87404705085
4330266,41521.87404705085
4330271,41521.87404705085
4331438,41521.87404705085
4331991,41521.87404705085
4332860,41521.87404705085
4332882,41521.87404705085
4333425,41521.87404705085
4333477,41521.87404705085
4333494,41521.87404705085
4333668,41521.87404705085
4333761,41521.87404705085
4333789,41521.87404705085
4333897,41521.87404705085
4333966,41521.87404705085
4334054,41521.87404705085
4334078,41521.87404705085
4334123,41521.87404705085
4334197,41521.87404705085
4334212,41521.87404705085
4334277,41521.87404705085
4334293,41521.87404705085
4334330,41521.87404705085
4334358,41521.87404705085
4334361,41521.87404705085
4334378,41521.87404705085
4334671,41521.87404705085
4334705,41521.87404705085
4334712,41521.87404705085
4334760,41521.87404705085
4334763,41521.87404705085
4334884,41521.87404705085
4334887,41521.87404705085
4334890,41521.87404705085
4334899,41521.87404705085
4334914,41521.87404705085
4334918,41521.87404705085
4334931,41521.87404705085
4335231,41521.87404705085
4335366,41521.87404705085
4335369,41521.87404705085
4335486,41521.87404705085
4335548,41521.87404705085
4335577,41521.87404705085
4335646,41521.87404705085
4335757,41521.87404705085
4335817,41521.87404705085
4335824,41521.87404705085
4335914,41521.87404705085
4335974,41521.87404705085
4336000,41521.87404705085
4336076,41521.87404705085
4336080,41521.87404705085
4336223,41521.87404705085
4336224,41521.87404705085
4336267,41521.87404705085
4336271,41521.87404705085
4336297,41521.87404705085
4336312,41521.87404705085
4336626,41521.87404705085
4337091,41521.87404705085
4337147,41521.87404705085
4337169,41521.87404705085
4337181,41521.87404705085
4337212,41521.87404705085
4337885,41521.87404705085
4337934,41521.87404705085
4338215,41521.87404705085
4338339,41521.87404705085
4338353,41521.87404705085
4338381,41521.87404705085
4338476,41521.87404705085
4338547,41521.87404705085
4338641,41521.87404705085
4338692,41521.87404705085
4339061,41521.87404705085
4339072,41521.87404705085
4346723,41521.87404705085
4347467,41521.87404705085
4347821,41521.87404705085
4348020,41521.87404705085
4349401,41521.87404705085
4349723,41521.87404705085
4349725,41521.87404705085
4349738,41521.87404705085
4349744,41521.87404705085
4349937,41521.87404705085
4350051,41521.87404705085
4350095,41521.87404705085
4350477,41521.87404705085
4350496,41521.87404705085
4351925,41521.87404705085
4351981,41521.87404705085
4352020,41521.87404705085
4352025,41521.87404705085
4352050,41521.87404705085
4352158,41521.87404705085
4352547,41521.87404705085
4352592,41521.87404705085
4352667,41521.87404705085
4352701,41521.87404705085
4352841,41521.87404705085
4352843,41521.87404705085
4352935,41521.87404705085
4353021,41521.87404705085
4353024,41521.87404705085
4353033,41521.87404705085
4353035,41521.87404705085
4353037,41521.87404705085
4353085,41521.87404705085
4353181,41521.87404705085
4353197,41521.87404705085
4353203,41521.87404705085
4353235,41521.87404705085
4353274,41521.87404705085
4353334,41521.87404705085
4353391,41521.87404705085
4353555,41521.87404705085
4353597,41521.87404705085
4353649,41521.87404705085
4353653,41521.87404705085
4353661,41521.87404705085
4353678,41521.87404705085
4353732,41521.87404705085
4353761,41521.87404705085
4353823,41521.87404705085
4353870,41521.87404705085
4353888,41521.87404705085
4354002,41521.87404705085
4354049,41521.87404705085
4354064,41521.87404705085
4354089,41521.87404705085
4354124,41521.87404705085
4354157,41521.87404705085
4354206,41521.87404705085
4354234,41521.87404705085
4354244,41521.87404705085
4354276,41521.87404705085
4354294,41521.87404705085
4354299,41521.87404705085
4354305,41521.87404705085
4354361,41521.87404705085
4354367,41521.87404705085
4354396,41521.87404705085
4354538,41521.87404705085
4354545,41521.87404705085
4354582,41521.87404705085
4354792,41521.87404705085
4355069,41521.87404705085
4355115,41521.87404705085
4355227,41521.87404705085
4355276,41521.87404705085
4355303,41521.87404705085
4355684,41521.87404705085
4355823,41521.87404705085
4355843,41521.87404705085
4356158,41521.87404705085
4356177,41521.87404705085
4356325,41521.87404705085
4356897,41521.87404705085
4356952,41521.87404705085
4357214,41521.87404705085
4357384,41521.87404705085
4357539,41521.87404705085
4357544,41521.87404705085
4357579,41521.87404705085
4357712,41521.87404705085
4357746,41521.87404705085
4357834,41521.87404705085
4357837,41521.87404705085
4357891,41521.87404705085
4358094,41521.87404705085
4358432,41521.87404705085
4358580,41521.87404705085
4358643,41521.87404705085
4358685,41521.87404705085
4358714,41521.87404705085
4358814,41521.87404705085
4359084,41521.87404705085
4359094,41521.87404705085
4359188,41521.87404705085
4359238,41521.87404705085
4359302,41521.87404705085
4359394,41521.87404705085
4359403,41521.87404705085
4359420,41521.87404705085
4359450,41521.87404705085
4359451,41521.87404705085
4359454,41521.87404705085
4359510,41521.87404705085
4359514,41521.87404705085
4359516,41521.87404705085
4359580,41521.87404705085
4359616,41521.87404705085
4359629,41521.87404705085
4359657,41521.87404705085
4359690,41521.87404705085
4359742,41521.87404705085
4359749,41521.87404705085
4359754,41521.87404705085
4359775,41521.87404705085
4359806,41521.87404705085
4359807,41521.87404705085
4359840,41521.87404705085
4359883,41521.87404705085
4359981,41521.87404705085
4360197,41521.87404705085
4360236,41521.87404705085
4360243,41521.87404705085
4360292,41521.87404705085
4360293,41521.87404705085
4360442,41521.87404705085
4360555,41521.87404705085
4360695,41521.87404705085
4361013,41521.87404705085
4361116,41521.87404705085
4361175,41521.87404705085
4361182,41521.87404705085
4361184,41521.87404705085
4361196,41521.87404705085
4361267,41521.87404705085
4361293,41521.87404705085
4361534,41521.87404705085
4361571,41521.87404705085
4361848,41521.87404705085
4361862,41521.87404705085
4361956,41521.87404705085
4361965,41521.87404705085
4362041,41521.87404705085
4362045,41521.87404705085
4362048,41521.87404705085
4362190,41521.87404705085
4362205,41521.87404705085
4362217,41521.87404705085
4362277,41521.87404705085
4362278,41521.87404705085
4362309,41521.87404705085
4362310,41521.87404705085
4362386,41521.87404705085
4362466,41521.87404705085
4362678,41521.87404705085
4362679,41521.87404705085
4362703,41521.87404705085
4362714,41521.87404705085
4362886,41521.87404705085
4363186,41521.87404705085
4363510,41521.87404705085
4363541,41521.87404705085
4363543,41521.87404705085
4363568,41521.87404705085
4363586,41521.87404705085
4363753,41521.87404705085
4363763,41521.87404705085
4363796,41521.87404705085
4364195,41521.87404705085
4364227,41521.87404705085
4364835,41521.87404705085
4365045,41521.87404705085
4367006,41521.87404705085
4367029,41521.87404705085
4367116,41521.87404705085
4367133,41521.87404705085
4367154,41521.87404705085
4367228,41521.87404705085
4367319,41521.87404705085
4367373,41521.87404705085
4367376,41521.87404705085
4367390,41521.87404705085
4367481,41521.87404705085
4367482,41521.87404705085
4367498,41521.87404705085
4367510,41521.87404705085
4367532,41521.87404705085
4367629,41521.87404705085
4367654,41521.87404705085
4367656,41521.87404705085
4367668,41521.87404705085
4367679,41521.87404705085
4367686,41521.87404705085
4369044,41521.87404705085
4369133,41521.87404705085
4369340,41521.87404705085
4369342,41521.87404705085
4369348,41521.87404705085
4369389,41521.87404705085
4369422,41521.87404705085
4369435,41521.87404705085
4369440,41521.87404705085
4369442,41521.87404705085
4369444,41521.87404705085
4369466,41521.87404705085
4369496,41521.87404705085
4369506,41521.87404705085
4369557,41521.87404705085
4369562,41521.87404705085
4369574,41521.87404705085
4369591,41521.87404705085
4369605,41521.87404705085
4369612,41521.87404705085
4369652,41521.87404705085
4369684,41521.87404705085
4369689,41521.87404705085
4369694,41521.87404705085
4369709,41521.87404705085
4369745,41521.87404705085
4369792,41521.87404705085
4369796,41521.87404705085
4369851,41521.87404705085
4369857,41521.87404705085
4369880,41521.87404705085
4369899,41521.87404705085
4369900,41521.87404705085
4371334,41521.87404705085
4371356,41521.87404705085
4371357,41521.87404705085
4373097,41521.87404705085
4373108,41521.87404705085
4373133,41521.87404705085
4375261,41521.87404705085
4376639,41521.87404705085
4376658,41521.87404705085
4376704,41521.87404705085
4376708,41521.87404705085
4376732,41521.87404705085
4377756,41521.87404705085
4379922,41521.87404705085
4379929,41521.87404705085
4380190,41521.87404705085
4380624,41521.87404705085
4380628,41521.87404705085
4380658,41521.87404705085
4381248,41521.87404705085
4381672,41521.87404705085
4383318,41521.87404705085
4383327,41521.87404705085
4383346,41521.87404705085
4383368,41521.87404705085
4383386,41521.87404705085
4383428,41521.87404705085
4383432,41521.87404705085
4385693,41521.87404705085
4385703,41521.87404705085
4386387,41521.87404705085
4386725,41521.87404705085
4386744,41521.87404705085
4386762,41521.87404705085
4386776,41521.87404705085
4386786,41521.87404705085
4388101,41521.87404705085
4388133,41521.87404705085
4388164,41521.87404705085
4388265,41521.87404705085
4388423,41521.87404705085
4388461,41521.87404705085
4388508,41521.87404705085
4388543,41521.87404705085
4388553,41521.87404705085
4388613,41521.87404705085
4388665,41521.87404705085
4388722,41521.87404705085
4388756,41521.87404705085
4388761,41521.87404705085
4388877,41521.87404705085
4390034,41521.87404705085
4390163,41521.87404705085
4390427,41521.87404705085
4392728,41521.87404705085
4392772,41521.87404705085
4392931,41521.87404705085
4392963,41521.87404705085
4392994,41521.87404705085
4392997,41521.87404705085
4393046,41521.87404705085
4393117,41521.87404705085
4393145,41521.87404705085
4393171,41521.87404705085
4393196,41521.87404705085
4393200,41521.87404705085
4393248,41521.87404705085
4393304,41521.87404705085
4393452,41521.87404705085
4393457,41521.87404705085
4393460,41521.87404705085
4393800,41521.87404705085
4393946,41521.87404705085
4393987,41521.87404705085
4393994,41521.87404705085
4394036,41521.87404705085
4394176,41521.87404705085
4394315,41521.87404705085
4394367,41521.87404705085
4394392,41521.87404705085
4394410,41521.87404705085
4394727,41521.87404705085
4394846,41521.87404705085
4394848,41521.87404705085
4394852,41521.87404705085
4394903,41521.87404705085
4394984,41521.87404705085
4395328,41521.87404705085
4395541,41521.87404705085
4395600,41521.87404705085
4395613,41521.87404705085
4395680,41521.87404705085
4395711,41521.87404705085
4395713,41521.87404705085
4395777,41521.87404705085
4396130,41521.87404705085
4398322,41521.87404705085
4408122,41521.87404705085
4408163,41521.87404705085
4408220,41521.87404705085
4408299,41521.87404705085
4408324,41521.87404705085
4408366,41521.87404705085
4408419,41521.87404705085
4408441,41521.87404705085
4408467,41521.87404705085
4408510,41521.87404705085
4408518,41521.87404705085
4408541,41521.87404705085
4408572,41521.87404705085
4408620,41521.87404705085
4408634,41521.87404705085
4408651,41521.87404705085
4408675,41521.87404705085
4408798,41521.87404705085
4408833,41521.87404705085
4408838,41521.87404705085
4408903,41521.87404705085
4408974,41521.87404705085
4409667,41521.87404705085
4409843,41521.87404705085
4409954,41521.87404705085
4413451,41521.87404705085
4414898,41521.87404705085
4414940,41521.87404705085
4414947,41521.87404705085
4414949,41521.87404705085
6256750,41521.87404705085
6256829,41521.87404705085
6257041,41521.87404705085
6257058,41521.87404705085
6257062,41521.87404705085
6257086,41521.87404705085
6257163,41521.87404705085
6259300,41521.87404705085
6260156,41521.87404705085
6260537,41521.87404705085
6260547,41521.87404705085
6260600,41521.87404705085
6260601,41521.87404705085
6260956,41521.87404705085
6260957,41521.87404705085
6260964,41521.87404705085
6260980,41521.87404705085
6260987,41521.87404705085
6262026,41521.87404705085
6262044,41521.87404705085
6262052,41521.87404705085
6262114,41521.87404705085
6262248,41521.87404705085
6262379,41521.87404705085
6262389,41521.87404705085
6262397,41521.87404705085
6262398,41521.87404705085
6262417,41521.87404705085
6262427,41521.87404705085
6262430,41521.87404705085
6262467,41521.87404705085
6262880,41521.87404705085
6262891,41521.87404705085
6262907,41521.87404705085
6263208,41521.87404705085
6263301,41521.87404705085
6263499,41521.87404705085
6263520,41521.87404705085
6263558,41521.87404705085
6264064,41521.87404705085
6264130,41521.87404705085
6264178,41521.87404705085
6264562,41521.87404705085
6264579,41521.87404705085
6264680,41521.87404705085
6264685,41521.87404705085
6264691,41521.87404705085
6264701,41521.87404705085
6264713,41521.87404705085
6265140,41521.87404705085
6265141,41521.87404705085
6265156,41521.87404705085
6265169,41521.87404705085
6265447,41521.87404705085
6265807,41521.87404705085
6265809,41521.87404705085
6265814,41521.87404705085
6265829,41521.87404705085
6266042,41521.87404705085
6266076,41521.87404705085
6266098,41521.87404705085
6266206,41521.87404705085
6266253,41521.87404705085
6266254,41521.87404705085
6266279,41521.87404705085
6266305,41521.87404705085
6266325,41521.87404705085
6266335,41521.87404705085
6266901,41521.87404705085
6266922,41521.87404705085
6266937,41521.87404705085
6266941,41521.87404705085
6267004,41521.87404705085
6267005,41521.87404705085
6267011,41521.87404705085
6267016,41521.87404705085
6267253,41521.87404705085
6267618,41521.87404705085
6267630,41521.87404705085
6267808,41521.87404705085
6267813,41521.87404705085
6267834,41521.87404705085
6267842,41521.87404705085
6267861,41521.87404705085
6267871,41521.87404705085
6267874,41521.87404705085
6267901,41521.87404705085
6267919,41521.87404705085
6267952,41521.87404705085
6267976,41521.87404705085
6268021,41521.87404705085
6268113,41521.87404705085
6268504,41521.87404705085
6268521,41521.87404705085
6268556,41521.87404705085
6268561,41521.87404705085
6268698,41521.87404705085
6269053,41521.87404705085
6269324,41521.87404705085
6269332,41521.87404705085
6269353,41521.87404705085
6269355,41521.87404705085
6269357,41521.87404705085
6269368,41521.87404705085
6269420,41521.87404705085
6269695,41521.87404705085
6269853,41521.87404705085
6269856,41521.87404705085
6269859,41521.87404705085
6269984,41521.87404705085
6270126,41521.87404705085
6270302,41521.87404705085
6270519,41521.87404705085
6270522,41521.87404705085
6270523,41521.87404705085
6270538,41521.87404705085
6270683,41521.87404705085
6270687,41521.87404705085
6270750,41521.87404705085
6270953,41521.87404705085
6270996,41521.87404705085
6271026,41521.87404705085
6271143,41521.87404705085
6271148,41521.87404705085
6271187,41521.87404705085
6271202,41521.87404705085
6271223,41521.87404705085
6271242,41521.87404705085
6271320,41521.87404705085
6271541,41521.87404705085
6271577,41521.87404705085
6271678,41521.87404705085
6271919,41521.87404705085
6271923,41521.87404705085
6272066,41521.87404705085
6272271,41521.87404705085
6272278,41521.87404705085
6272285,41521.87404705085
6272291,41521.87404705085
6272292,41521.87404705085
6272327,41521.87404705085
6272334,41521.87404705085
6272633,41521.87404705085
6272637,41521.87404705085
6272642,41521.87404705085
6272648,41521.87404705085
6272657,41521.87404705085
6272680,41521.87404705085
6272683,41521.87404705085
6272731,41521.87404705085
6272737,41521.87404705085
6272774,41521.87404705085
6273012,41521.87404705085
6273205,41521.87404705085
6273213,41521.87404705085
6273685,41521.87404705085
6273792,41521.87404705085
6273899,41521.87404705085
6273901,41521.87404705085
6273902,41521.87404705085
6273911,41521.87404705085
6273913,41521.87404705085
6274057,41521.87404705085
6274237,41521.87404705085
6274276,41521.87404705085
6274375,41521.87404705085
6274380,41521.87404705085
6274462,41521.87404705085
6274645,41521.87404705085
6274668,41521.87404705085
6274681,41521.87404705085
6274708,41521.87404705085
6274742,41521.87404705085
6274796,41521.87404705085
6274937,41521.87404705085
6274938,41521.87404705085
6274971,41521.87404705085
6274977,41521.87404705085
6274980,41521.87404705085
6274981,41521.87404705085
6274994,41521.87404705085
6274995,41521.87404705085
6274996,41521.87404705085
6275008,41521.87404705085
6275017,41521.87404705085
6275023,41521.87404705085
6275242,41521.87404705085
6275286,41521.87404705085
6275354,41521.87404705085
6275362,41521.87404705085
6275617,41521.87404705085
6275618,41521.87404705085
6275844,41521.87404705085
6275902,41521.87404705085
6275916,41521.87404705085
6275943,41521.87404705085
6275946,41521.87404705085
6275976,41521.87404705085
6275992,41521.87404705085
6276054,41521.87404705085
6276180,41521.87404705085
6276203,41521.87404705085
6276370,41521.87404705085
6276708,41521.87404705085
6276790,41521.87404705085
6276865,41521.87404705085
6276867,41521.87404705085
6277071,41521.87404705085
6277311,41521.87404705085
6277319,41521.87404705085
6277444,41521.87404705085
6277598,41521.87404705085
6277776,41521.87404705085
6277792,41521.87404705085
6277947,41521.87404705085
6277955,41521.87404705085
6277966,41521.87404705085
6278716,41521.87404705085
6279032,41521.87404705085
6279034,41521.87404705085
6279114,41521.87404705085
6279125,41521.87404705085
6279137,41521.87404705085
6279162,41521.87404705085
6279177,41521.87404705085
6279184,41521.87404705085
6279214,41521.87404705085
6279230,41521.87404705085
6279245,41521.87404705085
6279306,41521.87404705085
6279323,41521.87404705085
6279880,41521.87404705085
6279888,41521.87404705085
6279895,41521.87404705085
6280966,41521.87404705085
6281082,41521.87404705085
6281084,41521.87404705085
6281247,41521.87404705085
6281280,41521.87404705085
6281321,41521.87404705085
6281326,41521.87404705085
6281338,41521.87404705085
6281344,41521.87404705085
6281345,41521.87404705085
6281402,41521.87404705085
6282301,41521.87404705085
6282336,41521.87404705085
6282344,41521.87404705085
6282624,41521.87404705085
6282802,41521.87404705085
6282829,41521.87404705085
6282848,41521.87404705085
6282854,41521.87404705085
6282874,41521.87404705085
6282950,41521.87404705085
6282965,41521.87404705085
6283163,41521.87404705085
6283366,41521.87404705085
6283482,41521.87404705085
6283505,41521.87404705085
6284114,41521.87404705085
6284123,41521.87404705085
6284124,41521.87404705085
6284158,41521.87404705085
6284170,41521.87404705085
6284178,41521.87404705085
6284259,41521.87404705085
6284274,41521.87404705085
6284287,41521.87404705085
6284290,41521.87404705085
6284333,41521.87404705085
6284468,41521.87404705085
6284472,41521.87404705085
6284544,41521.87404705085
6284553,41521.87404705085
6284555,41521.87404705085
6284583,41521.87404705085
6284605,41521.87404705085
6284616,41521.87404705085
6284625,41521.87404705085
6284640,41521.87404705085
6284689,41521.87404705085
6284724,41521.87404705085
6284731,41521.87404705085
6284741,41521.87404705085
6284774,41521.87404705085
6284777,41521.87404705085
6284789,41521.87404705085
6284795,41521.87404705085
6284809,41521.87404705085
6284816,41521.87404705085
6284824,41521.87404705085
6284832,41521.87404705085
6284852,41521.87404705085
6284868,41521.87404705085
6284872,41521.87404705085
6284873,41521.87404705085
6284881,41521.87404705085
6284903,41521.87404705085
6284986,41521.87404705085
6285069,41521.87404705085
6285124,41521.87404705085
6285135,41521.87404705085
6285158,41521.87404705085
6285202,41521.87404705085
6285217,41521.87404705085
6285319,41521.87404705085
6285326,41521.87404705085
6285352,41521.87404705085
6285457,41521.87404705085
6285679,41521.87404705085
6288398,41521.87404705085
6288507,41521.87404705085
6289840,41521.87404705085
6290296,41521.87404705085
6291601,41521.87404705085
6291638,41521.87404705085
6291741,41521.87404705085
6291759,41521.87404705085
6291778,41521.87404705085
6291843,41521.87404705085
6291901,41521.87404705085
6291921,41521.87404705085
6291946,41521.87404705085
6291974,41521.87404705085
6291983,41521.87404705085
6291989,41521.87404705085
6292008,41521.87404705085
6292014,41521.87404705085
6292065,41521.87404705085
6292083,41521.87404705085
6292218,41521.87404705085
6292330,41521.87404705085
6292733,41521.87404705085
6292736,41521.87404705085
6292737,41521.87404705085
6292887,41521.87404705085
6292894,41521.87404705085
6292896,41521.87404705085
6292900,41521.87404705085
6292904,41521.87404705085
6293037,41521.87404705085
6293073,41521.87404705085
6293111,41521.87404705085
6293171,41521.87404705085
6293202,41521.87404705085
6293461,41521.87404705085
6293568,41521.87404705085
6294571,41521.87404705085
6294602,41521.87404705085
6294635,41521.87404705085
6294638,41521.87404705085
6295061,41521.87404705085
6295265,41521.87404705085
6296962,41521.87404705085
6297455,41521.87404705085
6298644,41521.87404705085
6299141,41521.87404705085
6299359,41521.87404705085
6299364,41521.87404705085
6299390,41521.87404705085
6299526,41521.87404705085
6299657,41521.87404705085
6299752,41521.87404705085
6300218,41521.87404705085
6300239,41521.87404705085
6300259,41521.87404705085
6300285,41521.87404705085
6300287,41521.87404705085
6300322,41521.87404705085
6300329,41521.87404705085
6300330,41521.87404705085
6300353,41521.87404705085
6300357,41521.87404705085
6300362,41521.87404705085
6300363,41521.87404705085
6300421,41521.87404705085
6300527,41521.87404705085
6300624,41521.87404705085
6300653,41521.87404705085
6300658,41521.87404705085
6300664,41521.87404705085
6300668,41521.87404705085
6300696,41521.87404705085
6300700,41521.87404705085
6300710,41521.87404705085
6300716,41521.87404705085
6300723,41521.87404705085
6300751,41521.87404705085
6301030,41521.87404705085
6301150,41521.87404705085
6301221,41521.87404705085
6301281,41521.87404705085
6301304,41521.87404705085
6301343,41521.87404705085
6301485,41521.87404705085
6301494,41521.87404705085
6301740,41521.87404705085
6301769,41521.87404705085
6301784,41521.87404705085
6302031,41521.87404705085
6302058,41521.87404705085
6302075,41521.87404705085
6302264,41521.87404705085
6302304,41521.87404705085
6302371,41521.87404705085
6302986,41521.87404705085
6303317,41521.87404705085
6303350,41521.87404705085
6303438,41521.87404705085
6303454,41521.87404705085
6303555,41521.87404705085
6303634,41521.87404705085
6303806,41521.87404705085
6304214,41521.87404705085
6304333,41521.87404705085
6304349,41521.87404705085
6304453,41521.87404705085
6304458,41521.87404705085
6304492,41521.87404705085
6304508,41521.87404705085
6304529,41521.87404705085
6304543,41521.87404705085
6304556,41521.87404705085
6304571,41521.87404705085
6304577,41521.87404705085
6304590,41521.87404705085
6304593,41521.87404705085
6304605,41521.87404705085
6304607,41521.87404705085
6304655,41521.87404705085
6304662,41521.87404705085
6304697,41521.87404705085
6304745,41521.87404705085
6304840,41521.87404705085
6304919,41521.87404705085
6305337,41521.87404705085
6305550,41521.87404705085
6305599,41521.87404705085
6305660,41521.87404705085
6305679,41521.87404705085
6305891,41521.87404705085
6305937,41521.87404705085
6305990,41521.87404705085
6305994,41521.87404705085
6305996,41521.87404705085
6306020,41521.87404705085
6306026,41521.87404705085
6306062,41521.87404705085
6306076,41521.87404705085
6306087,41521.87404705085
6306097,41521.87404705085
6306114,41521.87404705085
6306131,41521.87404705085
6306132,41521.87404705085
6306209,41521.87404705085
6306368,41521.87404705085
6306372,41521.87404705085
6307786,41521.87404705085
6308334,41521.87404705085
6308382,41521.87404705085
6308992,41521.87404705085
6309140,41521.87404705085
6309882,41521.87404705085
6309920,41521.87404705085
6309921,41521.87404705085
6309946,41521.87404705085
6309969,41521.87404705085
6310050,41521.87404705085
6310091,41521.87404705085
6310100,41521.87404705085
6310106,41521.87404705085
6312553,41521.87404705085
6312554,41521.87404705085
6312571,41521.87404705085
6312591,41521.87404705085
6313016,41521.87404705085
6313253,41521.87404705085
6315175,41521.87404705085
6315200,41521.87404705085
6315220,41521.87404705085
6315378,41521.87404705085
6315539,41521.87404705085
6315758,41521.87404705085
6316177,41521.87404705085
6317767,41521.87404705085
6317768,41521.87404705085
6318363,41521.87404705085
6318536,41521.87404705085
6319717,41521.87404705085
6319728,41521.87404705085
6319776,41521.87404705085
6319810,41521.87404705085
6319821,41521.87404705085
6319827,41521.87404705085
6319844,41521.87404705085
6319846,41521.87404705085
6319876,41521.87404705085
6319889,41521.87404705085
6319911,41521.87404705085
6319918,41521.87404705085
6319933,41521.87404705085
6319945,41521.87404705085
6331925,41521.87404705085
6332516,41521.87404705085
6333243,41521.87404705085
6333267,41521.87404705085
6333269,41521.87404705085
6333271,41521.87404705085
6333274,41521.87404705085
6333290,41521.87404705085
6333296,41521.87404705085
6333344,41521.87404705085
6333356,41521.87404705085
6333364,41521.87404705085
6333397,41521.87404705085
